pipe volt.bridge.twincat.52584 · 2026-10-03T03:42:12.931Z · 412 words

== 0. read-back: 579 rows the earlier runs logged ACCEPTED or INVALID_ST ==
METHOD    END_METHOD             ACCEPTED 
METHOD    END_PROPERTY           ACCEPTED 
METHOD    END_GET                ACCEPTED 
METHOD    END_SET                ACCEPTED 
METHOD    END_INTERFACE          ACCEPTED 
METHOD    OVERRIDE               ACCEPTED 
METHOD    XSIZEOF                ACCEPTED 
METHOD    VAR_GENERIC            ACCEPTED 
METHOD    GET                    ACCEPTED 
METHOD    SET                    ACCEPTED 
METHOD    NAMESPACE              ACCEPTED 
METHOD    END_NAMESPACE          ACCEPTED 
METHOD    LDATE                  ACCEPTED 
METHOD    LTOD                   ACCEPTED 
METHOD    LDT                    ACCEPTED 
METHOD    LDATE_AND_TIME         ACCEPTED 
METHOD    LTIME_OF_DAY           ACCEPTED 
METHOD    LEN                    ACCEPTED 
METHOD    LEFT                   ACCEPTED 
METHOD    RIGHT                  ACCEPTED 
METHOD    MID                    ACCEPTED 
METHOD    CONCAT                 ACCEPTED 
METHOD    INSERT                 ACCEPTED 
METHOD    DELETE                 ACCEPTED 
METHOD    REPLACE                ACCEPTED 
METHOD    FIND                   ACCEPTED 
METHOD    TON                    ACCEPTED 
METHOD    TOF                    ACCEPTED 
METHOD    TP                     ACCEPTED 
METHOD    CTU                    ACCEPTED 
METHOD    CTD                    ACCEPTED 
METHOD    CTUD                   ACCEPTED 
METHOD    R_TRIG                 ACCEPTED 
METHOD    F_TRIG                 ACCEPTED 
METHOD    SR                     ACCEPTED 
METHOD    RS                     ACCEPTED 
METHOD    RTC                    ACCEPTED 
METHOD    TRUNC_DINT             ACCEPTED 
METHOD    NOW                    ACCEPTED 
METHOD    PVOID                  ACCEPTED 
METHOD    XINT                   ACCEPTED 
METHOD    UXINT                  ACCEPTED 
METHOD    XWORD                  ACCEPTED 
METHOD    N                      ACCEPTED 
METHOD    FB_init                ACCEPTED 
METHOD    FB_exit                ACCEPTED 
METHOD    FB_reinit              ACCEPTED 
METHOD    USING                  ACCEPTED 
METHOD    WITH                   ACCEPTED 
METHOD    NON_RETAIN             ACCEPTED 
METHOD    IMPLEMENTATION         REFUSED   [INVALID_ST] 'IMPLEMENTATION' (line 9) is reserved: IMPLEMENTATION is the line that states where a body starts and what language it is in, so nothing in a workspace may be named it. Rename it.
METHOD    Foo                    ACCEPTED 
METHOD    Logger                 ACCEPTED 
METHOD    LogMsg                 ACCEPTED 
METHOD    Log2                   ACCEPTED 
METHOD    Logx                   ACCEPTED 
METHOD    MyLog                  ACCEPTED 
METHOD    Sine                   ACCEPTED 
METHOD    Minimum                ACCEPTED 
METHOD    DoIt                   ACCEPTED 
METHOD    Run                    ACCEPTED 
METHOD    Execute                ACCEPTED 
METHOD    Init                   ACCEPTED 
METHOD    Reset                  ACCEPTED 
METHOD    Start                  ACCEPTED 
METHOD    Stop                   ACCEPTED 
METHOD    Get_                   ACCEPTED 
METHOD    Set_                   ACCEPTED 
METHOD    Value                  ACCEPTED 
METHOD    Name                   ACCEPTED 
METHOD    Count                  ACCEPTED 
METHOD    Main                   ACCEPTED 
METHOD    Update                 ACCEPTED 
METHOD    Error                  ACCEPTED 
METHOD    Status                 ACCEPTED 
TOPLEVEL  END_FUNCTION_BLOCK     REFUSED   [UNSUPPORTED] the IDE refused to create 'END_FUNCTION_BLOCK': TwinCAT PLC automation call (ITcSmTreeItem:CreateChild) failed: Creating the child named 'END_FUNCTION_BLOCK' is not possible on node (Name mismatch)\nPath: 'TIPC^Untitled2^Untitled2 Project' (ITcSmTreeItem:Creat
TOPLEVEL  END_PROGRAM            REFUSED   [UNSUPPORTED] the IDE refused to create 'END_PROGRAM': TwinCAT PLC automation call (ITcSmTreeItem:CreateChild) failed: Creating the child named 'END_PROGRAM' is not possible on node (Name mismatch)\nPath: 'TIPC^Untitled2^Untitled2 Project' (ITcSmTreeItem:CreateChild
TOPLEVEL  END_FUNCTION           REFUSED   [UNSUPPORTED] the IDE refused to create 'END_FUNCTION': TwinCAT PLC automation call (ITcSmTreeItem:CreateChild) failed: Creating the child named 'END_FUNCTION' is not possible on node (Name mismatch)\nPath: 'TIPC^Untitled2^Untitled2 Project' (ITcSmTreeItem:CreateChild
ACTION    END_METHOD             ACCEPTED 
PROPERTY  END_METHOD             ACCEPTED 
TOPLEVEL  END_METHOD             ACCEPTED 
ACTION    END_ACTION             REFUSED   [UNSUPPORTED] 'VltPkn_78': the IDE refused to create its action 'END_ACTION': TwinCAT PLC automation call (ITcSmTreeItem:CreateChild) failed: Creating the child named 'END_ACTION' is not possible on node (Name mismatch)\nPath: 'TIPC^Untitled2^Untitled2 Project^VltPkn_78' (I
ACTION    IMPLEMENTATION         REFUSED   [INVALID_ST] 'IMPLEMENTATION' (line 9) is reserved: IMPLEMENTATION is the line that states where a body starts and what language it is in, so nothing in a workspace may be named it. Rename it.
PROPERTY  IMPLEMENTATION         REFUSED   [INVALID_ST] 'IMPLEMENTATION' (line 9) is reserved: IMPLEMENTATION is the line that states where a body starts and what language it is in, so nothing in a workspace may be named it. Rename it.
TOPLEVEL  IMPLEMENTATION         REFUSED   [INVALID_ST] 'IMPLEMENTATION' (line 1) is reserved: IMPLEMENTATION is the line that states where a body starts and what language it is in, so nothing in a workspace may be named it. Rename it.
ACTION    END_PROPERTY           ACCEPTED 
PROPERTY  END_PROPERTY           ACCEPTED 
TOPLEVEL  END_PROPERTY           ACCEPTED 
ACTION    END_GET                ACCEPTED 
PROPERTY  END_GET                ACCEPTED 
TOPLEVEL  END_GET                ACCEPTED 
ACTION    END_SET                ACCEPTED 
PROPERTY  END_SET                ACCEPTED 
TOPLEVEL  END_SET                ACCEPTED 
ACTION    END_INTERFACE          ACCEPTED 
PROPERTY  END_INTERFACE          ACCEPTED 
TOPLEVEL  END_INTERFACE          ACCEPTED 
ACTION    OVERRIDE               ACCEPTED 
PROPERTY  OVERRIDE               ACCEPTED 
TOPLEVEL  OVERRIDE               ACCEPTED 
ACTION    XSIZEOF                ACCEPTED 
PROPERTY  XSIZEOF                ACCEPTED 
TOPLEVEL  XSIZEOF                ACCEPTED 
ACTION    VAR_GENERIC            ACCEPTED 
PROPERTY  VAR_GENERIC            ACCEPTED 
TOPLEVEL  VAR_GENERIC            ACCEPTED 
ACTION    GET                    ACCEPTED 
PROPERTY  GET                    ACCEPTED 
TOPLEVEL  GET                    ACCEPTED 
ACTION    SET                    ACCEPTED 
PROPERTY  SET                    ACCEPTED 
TOPLEVEL  SET                    ACCEPTED 
ACTION    NAMESPACE              ACCEPTED 
PROPERTY  NAMESPACE              ACCEPTED 
TOPLEVEL  NAMESPACE              ACCEPTED 
ACTION    END_NAMESPACE          ACCEPTED 
PROPERTY  END_NAMESPACE          ACCEPTED 
TOPLEVEL  END_NAMESPACE          ACCEPTED 
ACTION    LDATE                  ACCEPTED 
PROPERTY  LDATE                  ACCEPTED 
TOPLEVEL  LDATE                  ACCEPTED 
METHOD    BOOL_TO_LDATE          ACCEPTED 
METHOD    BOOL_TO_LTOD           ACCEPTED 
METHOD    BOOL_TO_LDT            ACCEPTED 
METHOD    BOOL_TO_TIME_OF_DAY    ACCEPTED 
METHOD    BOOL_TO_DATE_AND_TIME  ACCEPTED 
METHOD    BOOL_TO_LDATE_AND_TIME ACCEPTED 
METHOD    BOOL_TO_LTIME_OF_DAY   ACCEPTED 
METHOD    BIT_TO_LDATE           ACCEPTED 
METHOD    BIT_TO_LTOD            ACCEPTED 
METHOD    BIT_TO_LDT             ACCEPTED 
METHOD    BIT_TO_TIME_OF_DAY     ACCEPTED 
METHOD    BIT_TO_DATE_AND_TIME   ACCEPTED 
METHOD    BIT_TO_LDATE_AND_TIME  ACCEPTED 
METHOD    BIT_TO_LTIME_OF_DAY    ACCEPTED 
METHOD    BYTE_TO_LDATE          ACCEPTED 
METHOD    BYTE_TO_LTOD           ACCEPTED 
METHOD    BYTE_TO_LDT            ACCEPTED 
METHOD    BYTE_TO_TIME_OF_DAY    ACCEPTED 
METHOD    BYTE_TO_DATE_AND_TIME  ACCEPTED 
METHOD    BYTE_TO_LDATE_AND_TIME ACCEPTED 
METHOD    BYTE_TO_LTIME_OF_DAY   ACCEPTED 
METHOD    WORD_TO_LDATE          ACCEPTED 
METHOD    WORD_TO_LTOD           ACCEPTED 
METHOD    WORD_TO_LDT            ACCEPTED 
METHOD    WORD_TO_TIME_OF_DAY    ACCEPTED 
METHOD    WORD_TO_DATE_AND_TIME  ACCEPTED 
METHOD    WORD_TO_LDATE_AND_TIME ACCEPTED 
METHOD    WORD_TO_LTIME_OF_DAY   ACCEPTED 
METHOD    DWORD_TO_LDATE         ACCEPTED 
METHOD    DWORD_TO_LTOD          ACCEPTED 
METHOD    DWORD_TO_LDT           ACCEPTED 
METHOD    DWORD_TO_TIME_OF_DAY   ACCEPTED 
METHOD    DWORD_TO_DATE_AND_TIME ACCEPTED 
METHOD    DWORD_TO_LDATE_AND_TIME ACCEPTED 
METHOD    DWORD_TO_LTIME_OF_DAY  ACCEPTED 
METHOD    LWORD_TO_LDATE         ACCEPTED 
METHOD    LWORD_TO_LTOD          ACCEPTED 
METHOD    LWORD_TO_LDT           ACCEPTED 
METHOD    LWORD_TO_TIME_OF_DAY   ACCEPTED 
METHOD    LWORD_TO_DATE_AND_TIME ACCEPTED 
METHOD    LWORD_TO_LDATE_AND_TIME ACCEPTED 
METHOD    LWORD_TO_LTIME_OF_DAY  ACCEPTED 
METHOD    SINT_TO_LDATE          ACCEPTED 
METHOD    SINT_TO_LTOD           ACCEPTED 
METHOD    SINT_TO_LDT            ACCEPTED 
METHOD    SINT_TO_TIME_OF_DAY    ACCEPTED 
METHOD    SINT_TO_DATE_AND_TIME  ACCEPTED 
METHOD    SINT_TO_LDATE_AND_TIME ACCEPTED 
METHOD    SINT_TO_LTIME_OF_DAY   ACCEPTED 
METHOD    INT_TO_LDATE           ACCEPTED 
METHOD    INT_TO_LTOD            ACCEPTED 
METHOD    INT_TO_LDT             ACCEPTED 
METHOD    INT_TO_TIME_OF_DAY     ACCEPTED 
METHOD    INT_TO_DATE_AND_TIME   ACCEPTED 
METHOD    INT_TO_LDATE_AND_TIME  ACCEPTED 
METHOD    INT_TO_LTIME_OF_DAY    ACCEPTED 
METHOD    DINT_TO_LDATE          ACCEPTED 
METHOD    DINT_TO_LTOD           ACCEPTED 
METHOD    DINT_TO_LDT            ACCEPTED 
METHOD    DINT_TO_TIME_OF_DAY    ACCEPTED 
METHOD    DINT_TO_DATE_AND_TIME  ACCEPTED 
METHOD    DINT_TO_LDATE_AND_TIME ACCEPTED 
METHOD    DINT_TO_LTIME_OF_DAY   ACCEPTED 
METHOD    LINT_TO_LDATE          ACCEPTED 
METHOD    LINT_TO_LTOD           ACCEPTED 
METHOD    LINT_TO_LDT            ACCEPTED 
METHOD    LINT_TO_TIME_OF_DAY    ACCEPTED 
METHOD    LINT_TO_DATE_AND_TIME  ACCEPTED 
METHOD    LINT_TO_LDATE_AND_TIME ACCEPTED 
METHOD    LINT_TO_LTIME_OF_DAY   ACCEPTED 
METHOD    USINT_TO_LDATE         ACCEPTED 
METHOD    USINT_TO_LTOD          ACCEPTED 
METHOD    USINT_TO_LDT           ACCEPTED 
METHOD    USINT_TO_TIME_OF_DAY   ACCEPTED 
METHOD    USINT_TO_DATE_AND_TIME ACCEPTED 
METHOD    USINT_TO_LDATE_AND_TIME ACCEPTED 
METHOD    USINT_TO_LTIME_OF_DAY  ACCEPTED 
METHOD    UINT_TO_LDATE          ACCEPTED 
METHOD    UINT_TO_LTOD           ACCEPTED 
METHOD    UINT_TO_LDT            ACCEPTED 
METHOD    UINT_TO_TIME_OF_DAY    ACCEPTED 
METHOD    UINT_TO_DATE_AND_TIME  ACCEPTED 
METHOD    UINT_TO_LDATE_AND_TIME ACCEPTED 
METHOD    UINT_TO_LTIME_OF_DAY   ACCEPTED 
METHOD    UDINT_TO_LDATE         ACCEPTED 
METHOD    UDINT_TO_LTOD          ACCEPTED 
METHOD    UDINT_TO_LDT           ACCEPTED 
METHOD    UDINT_TO_TIME_OF_DAY   ACCEPTED 
METHOD    UDINT_TO_DATE_AND_TIME ACCEPTED 
METHOD    UDINT_TO_LDATE_AND_TIME ACCEPTED 
METHOD    UDINT_TO_LTIME_OF_DAY  ACCEPTED 
METHOD    ULINT_TO_LDATE         ACCEPTED 
METHOD    ULINT_TO_LTOD          ACCEPTED 
METHOD    ULINT_TO_LDT           ACCEPTED 
METHOD    ULINT_TO_TIME_OF_DAY   ACCEPTED 
METHOD    ULINT_TO_DATE_AND_TIME ACCEPTED 
METHOD    ULINT_TO_LDATE_AND_TIME ACCEPTED 
METHOD    ULINT_TO_LTIME_OF_DAY  ACCEPTED 
METHOD    REAL_TO_LDATE          ACCEPTED 
METHOD    REAL_TO_LTOD           ACCEPTED 
METHOD    REAL_TO_LDT            ACCEPTED 
METHOD    REAL_TO_TIME_OF_DAY    ACCEPTED 
METHOD    REAL_TO_DATE_AND_TIME  ACCEPTED 
METHOD    REAL_TO_LDATE_AND_TIME ACCEPTED 
METHOD    REAL_TO_LTIME_OF_DAY   ACCEPTED 
METHOD    LREAL_TO_LDATE         ACCEPTED 
METHOD    LREAL_TO_LTOD          ACCEPTED 
METHOD    LREAL_TO_LDT           ACCEPTED 
METHOD    LREAL_TO_TIME_OF_DAY   ACCEPTED 
METHOD    LREAL_TO_DATE_AND_TIME ACCEPTED 
METHOD    LREAL_TO_LDATE_AND_TIME ACCEPTED 
METHOD    LREAL_TO_LTIME_OF_DAY  ACCEPTED 
METHOD    TIME_TO_LDATE          ACCEPTED 
METHOD    TIME_TO_LTOD           ACCEPTED 
METHOD    TIME_TO_LDT            ACCEPTED 
METHOD    TIME_TO_TIME_OF_DAY    ACCEPTED 
METHOD    TIME_TO_DATE_AND_TIME  ACCEPTED 
METHOD    TIME_TO_LDATE_AND_TIME ACCEPTED 
METHOD    TIME_TO_LTIME_OF_DAY   ACCEPTED 
METHOD    LTIME_TO_LDATE         ACCEPTED 
METHOD    LTIME_TO_LTOD          ACCEPTED 
METHOD    LTIME_TO_LDT           ACCEPTED 
METHOD    LTIME_TO_TIME_OF_DAY   ACCEPTED 
METHOD    LTIME_TO_DATE_AND_TIME ACCEPTED 
METHOD    LTIME_TO_LDATE_AND_TIME ACCEPTED 
METHOD    LTIME_TO_LTIME_OF_DAY  ACCEPTED 
METHOD    DATE_TO_LDATE          ACCEPTED 
METHOD    DATE_TO_LTOD           ACCEPTED 
METHOD    DATE_TO_LDT            ACCEPTED 
METHOD    DATE_TO_TIME_OF_DAY    ACCEPTED 
METHOD    DATE_TO_DATE_AND_TIME  ACCEPTED 
METHOD    DATE_TO_LDATE_AND_TIME ACCEPTED 
METHOD    DATE_TO_LTIME_OF_DAY   ACCEPTED 
METHOD    TOD_TO_LDATE           ACCEPTED 
METHOD    TOD_TO_LTOD            ACCEPTED 

== the run above stopped at a STALE_PROJECT_VERSION on a delete (TcXaeShell moved its project version between a create and its delete); resumed with PROBE_RESUME, the rows below are the rest ==
pipe volt.bridge.twincat.52584 · 2026-10-03T03:57:52.787Z · 412 words

== 0. read-back: 579 rows the earlier runs logged ACCEPTED or INVALID_ST ==
METHOD    TOD_TO_LDT             ACCEPTED 
METHOD    TOD_TO_TIME_OF_DAY     ACCEPTED 
METHOD    TOD_TO_DATE_AND_TIME   ACCEPTED 
METHOD    TOD_TO_LDATE_AND_TIME  ACCEPTED 
METHOD    TOD_TO_LTIME_OF_DAY    ACCEPTED 
METHOD    DT_TO_LDATE            ACCEPTED 
METHOD    DT_TO_LTOD             ACCEPTED 
METHOD    DT_TO_LDT              ACCEPTED 
METHOD    DT_TO_TIME_OF_DAY      ACCEPTED 
METHOD    DT_TO_DATE_AND_TIME    ACCEPTED 
METHOD    DT_TO_LDATE_AND_TIME   ACCEPTED 
METHOD    DT_TO_LTIME_OF_DAY     ACCEPTED 
METHOD    LDATE_TO_BOOL          ACCEPTED 
METHOD    LDATE_TO_BIT           ACCEPTED 
METHOD    LDATE_TO_BYTE          ACCEPTED 
METHOD    LDATE_TO_WORD          ACCEPTED 
METHOD    LDATE_TO_DWORD         ACCEPTED 
METHOD    LDATE_TO_LWORD         ACCEPTED 
METHOD    LDATE_TO_SINT          ACCEPTED 
METHOD    LDATE_TO_INT           ACCEPTED 
METHOD    LDATE_TO_DINT          ACCEPTED 
METHOD    LDATE_TO_LINT          ACCEPTED 
METHOD    LDATE_TO_USINT         ACCEPTED 
METHOD    LDATE_TO_UINT          ACCEPTED 
METHOD    LDATE_TO_UDINT         ACCEPTED 
METHOD    LDATE_TO_ULINT         ACCEPTED 
METHOD    LDATE_TO_REAL          ACCEPTED 
METHOD    LDATE_TO_LREAL         ACCEPTED 
METHOD    LDATE_TO_TIME          ACCEPTED 
METHOD    LDATE_TO_LTIME         ACCEPTED 
METHOD    LDATE_TO_DATE          ACCEPTED 
METHOD    LDATE_TO_TOD           ACCEPTED 
METHOD    LDATE_TO_DT            ACCEPTED 
METHOD    LDATE_TO_LTOD          ACCEPTED 
METHOD    LDATE_TO_LDT           ACCEPTED 
METHOD    LDATE_TO_STRING        ACCEPTED 
METHOD    LDATE_TO_WSTRING       ACCEPTED 
METHOD    LDATE_TO_TIME_OF_DAY   ACCEPTED 
METHOD    LDATE_TO_DATE_AND_TIME ACCEPTED 
METHOD    LDATE_TO_LDATE_AND_TIME ACCEPTED 
METHOD    LDATE_TO_LTIME_OF_DAY  ACCEPTED 
METHOD    LTOD_TO_BOOL           ACCEPTED 
METHOD    LTOD_TO_BIT            ACCEPTED 
METHOD    LTOD_TO_BYTE           ACCEPTED 
METHOD    LTOD_TO_WORD           ACCEPTED 
METHOD    LTOD_TO_DWORD          ACCEPTED 
METHOD    LTOD_TO_LWORD          ACCEPTED 
METHOD    LTOD_TO_SINT           ACCEPTED 
METHOD    LTOD_TO_INT            ACCEPTED 
METHOD    LTOD_TO_DINT           ACCEPTED 
METHOD    LTOD_TO_LINT           ACCEPTED 
METHOD    LTOD_TO_USINT          ACCEPTED 
METHOD    LTOD_TO_UINT           ACCEPTED 
METHOD    LTOD_TO_UDINT          ACCEPTED 
METHOD    LTOD_TO_ULINT          ACCEPTED 
METHOD    LTOD_TO_REAL           ACCEPTED 
METHOD    LTOD_TO_LREAL          ACCEPTED 
METHOD    LTOD_TO_TIME           ACCEPTED 
METHOD    LTOD_TO_LTIME          ACCEPTED 
METHOD    LTOD_TO_DATE           ACCEPTED 
METHOD    LTOD_TO_TOD            ACCEPTED 
METHOD    LTOD_TO_DT             ACCEPTED 
METHOD    LTOD_TO_LDATE          ACCEPTED 
METHOD    LTOD_TO_LDT            ACCEPTED 
METHOD    LTOD_TO_STRING         ACCEPTED 
METHOD    LTOD_TO_WSTRING        ACCEPTED 
METHOD    LTOD_TO_TIME_OF_DAY    ACCEPTED 
METHOD    LTOD_TO_DATE_AND_TIME  ACCEPTED 
METHOD    LTOD_TO_LDATE_AND_TIME ACCEPTED 
METHOD    LTOD_TO_LTIME_OF_DAY   ACCEPTED 
METHOD    LDT_TO_BOOL            ACCEPTED 
METHOD    LDT_TO_BIT             ACCEPTED 
METHOD    LDT_TO_BYTE            ACCEPTED 
METHOD    LDT_TO_WORD            ACCEPTED 
METHOD    LDT_TO_DWORD           ACCEPTED 
METHOD    LDT_TO_LWORD           ACCEPTED 
METHOD    LDT_TO_SINT            ACCEPTED 
METHOD    LDT_TO_INT             ACCEPTED 
METHOD    LDT_TO_DINT            ACCEPTED 
METHOD    LDT_TO_LINT            ACCEPTED 
METHOD    LDT_TO_USINT           ACCEPTED 
METHOD    LDT_TO_UINT            ACCEPTED 
METHOD    LDT_TO_UDINT           ACCEPTED 
METHOD    LDT_TO_ULINT           ACCEPTED 
METHOD    LDT_TO_REAL            ACCEPTED 
METHOD    LDT_TO_LREAL           ACCEPTED 
METHOD    LDT_TO_TIME            ACCEPTED 
METHOD    LDT_TO_LTIME           ACCEPTED 
METHOD    LDT_TO_DATE            ACCEPTED 
METHOD    LDT_TO_TOD             ACCEPTED 
METHOD    LDT_TO_DT              ACCEPTED 
METHOD    LDT_TO_LDATE           ACCEPTED 
METHOD    LDT_TO_LTOD            ACCEPTED 
METHOD    LDT_TO_STRING          ACCEPTED 
METHOD    LDT_TO_WSTRING         ACCEPTED 
METHOD    LDT_TO_TIME_OF_DAY     ACCEPTED 
METHOD    LDT_TO_DATE_AND_TIME   ACCEPTED 
METHOD    LDT_TO_LDATE_AND_TIME  ACCEPTED 
METHOD    LDT_TO_LTIME_OF_DAY    ACCEPTED 
METHOD    STRING_TO_LDATE        ACCEPTED 
METHOD    STRING_TO_LTOD         ACCEPTED 
METHOD    STRING_TO_LDT          ACCEPTED 
METHOD    STRING_TO_TIME_OF_DAY  ACCEPTED 
METHOD    STRING_TO_DATE_AND_TIME ACCEPTED 
METHOD    STRING_TO_LDATE_AND_TIME ACCEPTED 
METHOD    STRING_TO_LTIME_OF_DAY ACCEPTED 
METHOD    WSTRING_TO_LDATE       ACCEPTED 
METHOD    WSTRING_TO_LTOD        ACCEPTED 
METHOD    WSTRING_TO_LDT         ACCEPTED 
METHOD    WSTRING_TO_TIME_OF_DAY ACCEPTED 
METHOD    WSTRING_TO_DATE_AND_TIME ACCEPTED 
METHOD    WSTRING_TO_LDATE_AND_TIME ACCEPTED 
METHOD    WSTRING_TO_LTIME_OF_DAY ACCEPTED 
METHOD    TIME_OF_DAY_TO_BOOL    ACCEPTED 
METHOD    TIME_OF_DAY_TO_BIT     ACCEPTED 
METHOD    TIME_OF_DAY_TO_BYTE    ACCEPTED 
METHOD    TIME_OF_DAY_TO_WORD    ACCEPTED 
METHOD    TIME_OF_DAY_TO_DWORD   ACCEPTED 
METHOD    TIME_OF_DAY_TO_LWORD   ACCEPTED 
METHOD    TIME_OF_DAY_TO_SINT    ACCEPTED 
METHOD    TIME_OF_DAY_TO_INT     ACCEPTED 
METHOD    TIME_OF_DAY_TO_DINT    ACCEPTED 
METHOD    TIME_OF_DAY_TO_LINT    ACCEPTED 
METHOD    TIME_OF_DAY_TO_USINT   ACCEPTED 
METHOD    TIME_OF_DAY_TO_UINT    ACCEPTED 
METHOD    TIME_OF_DAY_TO_UDINT   ACCEPTED 
METHOD    TIME_OF_DAY_TO_ULINT   ACCEPTED 
METHOD    TIME_OF_DAY_TO_REAL    ACCEPTED 
METHOD    TIME_OF_DAY_TO_LREAL   ACCEPTED 
METHOD    TIME_OF_DAY_TO_TIME    ACCEPTED 
METHOD    TIME_OF_DAY_TO_LTIME   ACCEPTED 
METHOD    TIME_OF_DAY_TO_DATE    ACCEPTED 
METHOD    TIME_OF_DAY_TO_TOD     ACCEPTED 
METHOD    TIME_OF_DAY_TO_DT      ACCEPTED 
METHOD    TIME_OF_DAY_TO_LDATE   ACCEPTED 
METHOD    TIME_OF_DAY_TO_LTOD    ACCEPTED 
METHOD    TIME_OF_DAY_TO_LDT     ACCEPTED 
METHOD    TIME_OF_DAY_TO_STRING  ACCEPTED 
METHOD    TIME_OF_DAY_TO_WSTRING ACCEPTED 
METHOD    TIME_OF_DAY_TO_DATE_AND_TIME ACCEPTED 
METHOD    TIME_OF_DAY_TO_LDATE_AND_TIME ACCEPTED 
METHOD    TIME_OF_DAY_TO_LTIME_OF_DAY ACCEPTED 
METHOD    DATE_AND_TIME_TO_BOOL  ACCEPTED 
METHOD    DATE_AND_TIME_TO_BIT   ACCEPTED 
METHOD    DATE_AND_TIME_TO_BYTE  ACCEPTED 
METHOD    DATE_AND_TIME_TO_WORD  ACCEPTED 
METHOD    DATE_AND_TIME_TO_DWORD ACCEPTED 
METHOD    DATE_AND_TIME_TO_LWORD ACCEPTED 
METHOD    DATE_AND_TIME_TO_SINT  ACCEPTED 
METHOD    DATE_AND_TIME_TO_INT   ACCEPTED 
METHOD    DATE_AND_TIME_TO_DINT  ACCEPTED 
METHOD    DATE_AND_TIME_TO_LINT  ACCEPTED 
METHOD    DATE_AND_TIME_TO_USINT ACCEPTED 
METHOD    DATE_AND_TIME_TO_UINT  ACCEPTED 
METHOD    DATE_AND_TIME_TO_UDINT ACCEPTED 
METHOD    DATE_AND_TIME_TO_ULINT ACCEPTED 
METHOD    DATE_AND_TIME_TO_REAL  ACCEPTED 
METHOD    DATE_AND_TIME_TO_LREAL ACCEPTED 
METHOD    DATE_AND_TIME_TO_TIME  ACCEPTED 
METHOD    DATE_AND_TIME_TO_LTIME ACCEPTED 
METHOD    DATE_AND_TIME_TO_DATE  ACCEPTED 
METHOD    DATE_AND_TIME_TO_TOD   ACCEPTED 
METHOD    DATE_AND_TIME_TO_DT    ACCEPTED 
METHOD    DATE_AND_TIME_TO_LDATE ACCEPTED 
METHOD    DATE_AND_TIME_TO_LTOD  ACCEPTED 
METHOD    DATE_AND_TIME_TO_LDT   ACCEPTED 
METHOD    DATE_AND_TIME_TO_STRING ACCEPTED 
METHOD    DATE_AND_TIME_TO_WSTRING ACCEPTED 
METHOD    DATE_AND_TIME_TO_TIME_OF_DAY ACCEPTED 
METHOD    DATE_AND_TIME_TO_LDATE_AND_TIME ACCEPTED 
METHOD    DATE_AND_TIME_TO_LTIME_OF_DAY ACCEPTED 
METHOD    LDATE_AND_TIME_TO_BOOL ACCEPTED 
METHOD    LDATE_AND_TIME_TO_BIT  ACCEPTED 
METHOD    LDATE_AND_TIME_TO_BYTE ACCEPTED 
METHOD    LDATE_AND_TIME_TO_WORD ACCEPTED 
METHOD    LDATE_AND_TIME_TO_DWORD ACCEPTED 
METHOD    LDATE_AND_TIME_TO_LWORD ACCEPTED 
METHOD    LDATE_AND_TIME_TO_SINT ACCEPTED 
METHOD    LDATE_AND_TIME_TO_INT  ACCEPTED 
METHOD    LDATE_AND_TIME_TO_DINT ACCEPTED 
METHOD    LDATE_AND_TIME_TO_LINT ACCEPTED 
METHOD    LDATE_AND_TIME_TO_USINT ACCEPTED 
METHOD    LDATE_AND_TIME_TO_UINT ACCEPTED 
METHOD    LDATE_AND_TIME_TO_UDINT ACCEPTED 
METHOD    LDATE_AND_TIME_TO_ULINT ACCEPTED 
METHOD    LDATE_AND_TIME_TO_REAL ACCEPTED 
METHOD    LDATE_AND_TIME_TO_LREAL ACCEPTED 
METHOD    LDATE_AND_TIME_TO_TIME ACCEPTED 
METHOD    LDATE_AND_TIME_TO_LTIME ACCEPTED 
METHOD    LDATE_AND_TIME_TO_DATE ACCEPTED 
METHOD    LDATE_AND_TIME_TO_TOD  ACCEPTED 
METHOD    LDATE_AND_TIME_TO_DT   ACCEPTED 
METHOD    LDATE_AND_TIME_TO_LDATE ACCEPTED 
METHOD    LDATE_AND_TIME_TO_LTOD ACCEPTED 
METHOD    LDATE_AND_TIME_TO_LDT  ACCEPTED 
METHOD    LDATE_AND_TIME_TO_STRING ACCEPTED 
METHOD    LDATE_AND_TIME_TO_WSTRING ACCEPTED 
METHOD    LDATE_AND_TIME_TO_TIME_OF_DAY ACCEPTED 
METHOD    LDATE_AND_TIME_TO_DATE_AND_TIME ACCEPTED 
METHOD    LDATE_AND_TIME_TO_LTIME_OF_DAY ACCEPTED 
METHOD    LTIME_OF_DAY_TO_BOOL   ACCEPTED 
METHOD    LTIME_OF_DAY_TO_BIT    ACCEPTED 
METHOD    LTIME_OF_DAY_TO_BYTE   ACCEPTED 
METHOD    LTIME_OF_DAY_TO_WORD   ACCEPTED 
METHOD    LTIME_OF_DAY_TO_DWORD  ACCEPTED 
METHOD    LTIME_OF_DAY_TO_LWORD  ACCEPTED 
METHOD    LTIME_OF_DAY_TO_SINT   ACCEPTED 
METHOD    LTIME_OF_DAY_TO_INT    ACCEPTED 
METHOD    LTIME_OF_DAY_TO_DINT   ACCEPTED 
METHOD    LTIME_OF_DAY_TO_LINT   ACCEPTED 
METHOD    LTIME_OF_DAY_TO_USINT  ACCEPTED 
METHOD    LTIME_OF_DAY_TO_UINT   ACCEPTED 
METHOD    LTIME_OF_DAY_TO_UDINT  ACCEPTED 
METHOD    LTIME_OF_DAY_TO_ULINT  ACCEPTED 
METHOD    LTIME_OF_DAY_TO_REAL   ACCEPTED 
METHOD    LTIME_OF_DAY_TO_LREAL  ACCEPTED 
METHOD    LTIME_OF_DAY_TO_TIME   ACCEPTED 
METHOD    LTIME_OF_DAY_TO_LTIME  ACCEPTED 
METHOD    LTIME_OF_DAY_TO_DATE   ACCEPTED 
METHOD    LTIME_OF_DAY_TO_TOD    ACCEPTED 
METHOD    LTIME_OF_DAY_TO_DT     ACCEPTED 
METHOD    LTIME_OF_DAY_TO_LDATE  ACCEPTED 
METHOD    LTIME_OF_DAY_TO_LTOD   ACCEPTED 
METHOD    LTIME_OF_DAY_TO_LDT    ACCEPTED 
METHOD    LTIME_OF_DAY_TO_STRING ACCEPTED 
METHOD    LTIME_OF_DAY_TO_WSTRING ACCEPTED 
METHOD    LTIME_OF_DAY_TO_TIME_OF_DAY ACCEPTED 
METHOD    LTIME_OF_DAY_TO_DATE_AND_TIME ACCEPTED 
METHOD    LTIME_OF_DAY_TO_LDATE_AND_TIME ACCEPTED 
METHOD    TO_LDATE               ACCEPTED 
METHOD    TO_LTOD                ACCEPTED 
METHOD    TO_LDT                 ACCEPTED 
METHOD    TO_TIME_OF_DAY         ACCEPTED 
METHOD    TO_DATE_AND_TIME       ACCEPTED 
METHOD    TO_LDATE_AND_TIME      ACCEPTED 
METHOD    TO_LTIME_OF_DAY        ACCEPTED 
METHOD    TRUNC_BOOL             ACCEPTED 
METHOD    TRUNC_BIT              ACCEPTED 
METHOD    TRUNC_BYTE             ACCEPTED 
METHOD    TRUNC_WORD             ACCEPTED 
METHOD    TRUNC_DWORD            ACCEPTED 
METHOD    TRUNC_LWORD            ACCEPTED 
METHOD    TRUNC_SINT             ACCEPTED 
METHOD    TRUNC_LINT             ACCEPTED 
METHOD    TRUNC_USINT            ACCEPTED 
METHOD    TRUNC_UINT             ACCEPTED 
METHOD    TRUNC_UDINT            ACCEPTED 
METHOD    TRUNC_ULINT            ACCEPTED 
METHOD    TRUNC_REAL             ACCEPTED 
METHOD    TRUNC_LREAL            ACCEPTED 
METHOD    TRUNC_TIME             ACCEPTED 
METHOD    TRUNC_LTIME            ACCEPTED 
METHOD    TRUNC_DATE             ACCEPTED 
METHOD    TRUNC_TOD              ACCEPTED 
METHOD    TRUNC_DT               ACCEPTED 
METHOD    TRUNC_LDATE            ACCEPTED 
METHOD    TRUNC_LTOD             ACCEPTED 
METHOD    TRUNC_LDT              ACCEPTED 
METHOD    TRUNC_STRING           ACCEPTED 
METHOD    TRUNC_WSTRING          ACCEPTED 
METHOD    TRUNC_TIME_OF_DAY      ACCEPTED 
METHOD    TRUNC_DATE_AND_TIME    ACCEPTED 
METHOD    TRUNC_LDATE_AND_TIME   ACCEPTED 
METHOD    TRUNC_LTIME_OF_DAY     ACCEPTED 
METHOD    ANY_ELEMENTARY         ACCEPTED 
METHOD    ANY_DERIVED            ACCEPTED 
METHOD    ANY_MAGNITUDE          ACCEPTED 
METHOD    ANY_SIGNED             ACCEPTED 
METHOD    ANY_UNSIGNED           ACCEPTED 
METHOD    ANY_DURATION           ACCEPTED 
METHOD    ANY_CHAR               ACCEPTED 
METHOD    ANY_CHARS              ACCEPTED 
METHOD    ANY_INTEGER            ACCEPTED 
METHOD    ANY_FLOAT              ACCEPTED 
METHOD    ANY_TYPE               ACCEPTED 
METHOD    ANY_POINTER            ACCEPTED 
METHOD    ANY_FOO                ACCEPTED 
METHOD    CHAR                   ACCEPTED 
METHOD    WCHAR                  ACCEPTED 
METHOD    UCHAR                  ACCEPTED 
METHOD    UTF8                   ACCEPTED 
METHOD    _Foo                   ACCEPTED 
METHOD    Foo_                   ACCEPTED 
METHOD    EN                     ACCEPTED 
METHOD    ENO                    ACCEPTED 
METHOD    NIL                    ACCEPTED 
METHOD    NULL                   ACCEPTED 
METHOD    LABEL                  ACCEPTED 
METHOD    CONFIGURATION          ACCEPTED 
METHOD    END_CONFIGURATION      ACCEPTED 
METHOD    RESOURCE               ACCEPTED 
METHOD    END_RESOURCE           ACCEPTED 
METHOD    TASK                   ACCEPTED 
METHOD    STEP                   ACCEPTED 
METHOD    END_STEP               ACCEPTED 
METHOD    INITIAL_STEP           ACCEPTED 
METHOD    TRANSITION             ACCEPTED 
METHOD    END_TRANSITION         ACCEPTED 
METHOD    ON                     ACCEPTED 
METHOD    PRIORITY               ACCEPTED 
METHOD    SINGLE                 ACCEPTED 
METHOD    INTERVAL               ACCEPTED 
METHOD    OVERLAP                ACCEPTED 
METHOD    ROUND                  ACCEPTED 
METHOD    FLOOR                  ACCEPTED 
METHOD    CEIL                   ACCEPTED 
METHOD    SIGN                   ACCEPTED 
METHOD    ATAN2                  ACCEPTED 
METHOD    LAZY                   ACCEPTED 
METHOD    UNION_                 ACCEPTED 
METHOD    BOOL_                  ACCEPTED 
METHOD    INT2                   ACCEPTED 
METHOD    TO_                    ACCEPTED 
METHOD    TO_FOO                 ACCEPTED 
METHOD    FOO_TO_INT             ACCEPTED 
METHOD    INT_TO_FOO             ACCEPTED 
METHOD    DINT_TO                ACCEPTED 
METHOD    TRUNC_                 ACCEPTED 
METHOD    TRUNC_FOO              ACCEPTED 
METHOD    BCD_TO_INT             ACCEPTED 
METHOD    INT_TO_BCD             ACCEPTED 
METHOD    BCD_TO_DINT            ACCEPTED 
METHOD    DWORD_TO_BCD           ACCEPTED 

== 1. METHOD <word> on a new FB (the words the rule decided unasked) ==
METHOD    BOOL_TO_BOOL           ACCEPTED 
METHOD    BIT_TO_BIT             ACCEPTED 
METHOD    BYTE_TO_BYTE           ACCEPTED 
METHOD    WORD_TO_WORD           ACCEPTED 
METHOD    DWORD_TO_DWORD         ACCEPTED 
METHOD    LWORD_TO_LWORD         ACCEPTED 
METHOD    SINT_TO_SINT           ACCEPTED 
METHOD    INT_TO_INT             ACCEPTED 
METHOD    DINT_TO_DINT           ACCEPTED 
METHOD    LINT_TO_LINT           ACCEPTED 
METHOD    USINT_TO_USINT         ACCEPTED 
METHOD    UINT_TO_UINT           ACCEPTED 
METHOD    UDINT_TO_UDINT         ACCEPTED 
METHOD    ULINT_TO_ULINT         ACCEPTED 
METHOD    REAL_TO_REAL           ACCEPTED 
METHOD    LREAL_TO_LREAL         ACCEPTED 
METHOD    TIME_TO_TIME           ACCEPTED 
METHOD    LTIME_TO_LTIME         ACCEPTED 
METHOD    DATE_TO_DATE           ACCEPTED 
METHOD    TOD_TO_TOD             REFUSED   [UNSUPPORTED] 'VltPkn_343': the IDE refused to create its method 'TOD_TO_TOD': TwinCAT PLC automation call (ITcSmTreeItem:CreateChild) failed: Creating the child named 'TOD_TO_TOD' is not possible on node (Name mismatch)\nPath: 'TIPC^Untitled2^Untitled2 Project^VltPkn_343' 
METHOD    DT_TO_DT               REFUSED   [UNSUPPORTED] 'VltPkn_344': the IDE refused to create its method 'DT_TO_DT': TwinCAT PLC automation call (ITcSmTreeItem:CreateChild) failed: Creating the child named 'DT_TO_DT' is not possible on node (Name mismatch)\nPath: 'TIPC^Untitled2^Untitled2 Project^VltPkn_344' (ITc
METHOD    LDATE_TO_LDATE         ACCEPTED 
METHOD    LTOD_TO_LTOD           ACCEPTED 
METHOD    LDT_TO_LDT             ACCEPTED 
METHOD    STRING_TO_STRING       ACCEPTED 
METHOD    WSTRING_TO_WSTRING     ACCEPTED 
METHOD    TIME_OF_DAY_TO_TIME_OF_DAY ACCEPTED 
METHOD    DATE_AND_TIME_TO_DATE_AND_TIME ACCEPTED 
METHOD    LDATE_AND_TIME_TO_LDATE_AND_TIME ACCEPTED 
METHOD    LTIME_OF_DAY_TO_LTIME_OF_DAY ACCEPTED 
METHOD    __XINT_TO___XINT       REFUSED   [UNSUPPORTED] 'VltPkn_354': the IDE refused to create its method '__XINT_TO___XINT': TwinCAT PLC automation call (ITcSmTreeItem:CreateChild) failed: Creating the child named '__XINT_TO___XINT' is not possible on node (Name mismatch)\nPath: 'TIPC^Untitled2^Untitled2 Project^
METHOD    __UXINT_TO___UXINT     REFUSED   [UNSUPPORTED] 'VltPkn_355': the IDE refused to create its method '__UXINT_TO___UXINT': TwinCAT PLC automation call (ITcSmTreeItem:CreateChild) failed: Creating the child named '__UXINT_TO___UXINT' is not possible on node (Name mismatch)\nPath: 'TIPC^Untitled2^Untitled2 Proj
METHOD    __XWORD_TO___XWORD     REFUSED   [UNSUPPORTED] 'VltPkn_356': the IDE refused to create its method '__XWORD_TO___XWORD': TwinCAT PLC automation call (ITcSmTreeItem:CreateChild) failed: Creating the child named '__XWORD_TO___XWORD' is not possible on node (Name mismatch)\nPath: 'TIPC^Untitled2^Untitled2 Proj
METHOD    function_block         REFUSED   [UNSUPPORTED] 'VltPkn_357': the IDE refused to create its method 'function_block': TwinCAT PLC automation call (ITcSmTreeItem:CreateChild) failed: Creating the child named 'function_block' is not possible on node (Name mismatch)\nPath: 'TIPC^Untitled2^Untitled2 Project^VltP
METHOD    end_function_block     REFUSED   [UNSUPPORTED] 'VltPkn_358': the IDE refused to create its method 'end_function_block': TwinCAT PLC automation call (ITcSmTreeItem:CreateChild) failed: Creating the child named 'end_function_block' is not possible on node (Name mismatch)\nPath: 'TIPC^Untitled2^Untitled2 Proj
METHOD    program                REFUSED   [UNSUPPORTED] 'VltPkn_359': the IDE refused to create its method 'program': TwinCAT PLC automation call (ITcSmTreeItem:CreateChild) failed: Creating the child named 'program' is not possible on node (Name mismatch)\nPath: 'TIPC^Untitled2^Untitled2 Project^VltPkn_359' (ITcSm
METHOD    end_program            REFUSED   [UNSUPPORTED] 'VltPkn_360': the IDE refused to create its method 'end_program': TwinCAT PLC automation call (ITcSmTreeItem:CreateChild) failed: Creating the child named 'end_program' is not possible on node (Name mismatch)\nPath: 'TIPC^Untitled2^Untitled2 Project^VltPkn_360
METHOD    function               REFUSED   [UNSUPPORTED] 'VltPkn_361': the IDE refused to create its method 'function': TwinCAT PLC automation call (ITcSmTreeItem:CreateChild) failed: Creating the child named 'function' is not possible on node (Name mismatch)\nPath: 'TIPC^Untitled2^Untitled2 Project^VltPkn_361' (ITc
METHOD    end_function           REFUSED   [UNSUPPORTED] 'VltPkn_362': the IDE refused to create its method 'end_function': TwinCAT PLC automation call (ITcSmTreeItem:CreateChild) failed: Creating the child named 'end_function' is not possible on node (Name mismatch)\nPath: 'TIPC^Untitled2^Untitled2 Project^VltPkn_3
METHOD    method                 REFUSED   [UNSUPPORTED] 'VltPkn_363': the IDE refused to create its method 'method': TwinCAT PLC automation call (ITcSmTreeItem:CreateChild) failed: Creating the child named 'method' is not possible on node (Name mismatch)\nPath: 'TIPC^Untitled2^Untitled2 Project^VltPkn_363' (ITcSmTr
METHOD    action                 REFUSED   [UNSUPPORTED] 'VltPkn_364': the IDE refused to create its method 'action': TwinCAT PLC automation call (ITcSmTreeItem:CreateChild) failed: Creating the child named 'action' is not possible on node (Name mismatch)\nPath: 'TIPC^Untitled2^Untitled2 Project^VltPkn_364' (ITcSmTr
METHOD    end_action             REFUSED   [UNSUPPORTED] 'VltPkn_365': the IDE refused to create its method 'end_action': TwinCAT PLC automation call (ITcSmTreeItem:CreateChild) failed: Creating the child named 'end_action' is not possible on node (Name mismatch)\nPath: 'TIPC^Untitled2^Untitled2 Project^VltPkn_365' 
METHOD    property               REFUSED   [UNSUPPORTED] 'VltPkn_366': the IDE refused to create its method 'property': TwinCAT PLC automation call (ITcSmTreeItem:CreateChild) failed: Creating the child named 'property' is not possible on node (Name mismatch)\nPath: 'TIPC^Untitled2^Untitled2 Project^VltPkn_366' (ITc
METHOD    interface              REFUSED   [UNSUPPORTED] 'VltPkn_367': the IDE refused to create its method 'interface': TwinCAT PLC automation call (ITcSmTreeItem:CreateChild) failed: Creating the child named 'interface' is not possible on node (Name mismatch)\nPath: 'TIPC^Untitled2^Untitled2 Project^VltPkn_367' (I
METHOD    type                   REFUSED   [UNSUPPORTED] 'VltPkn_368': the IDE refused to create its method 'type': TwinCAT PLC automation call (ITcSmTreeItem:CreateChild) failed: Creating the child named 'type' is not possible on node (Name mismatch)\nPath: 'TIPC^Untitled2^Untitled2 Project^VltPkn_368' (ITcSmTreeIt
METHOD    end_type               REFUSED   [UNSUPPORTED] 'VltPkn_369': the IDE refused to create its method 'end_type': TwinCAT PLC automation call (ITcSmTreeItem:CreateChild) failed: Creating the child named 'end_type' is not possible on node (Name mismatch)\nPath: 'TIPC^Untitled2^Untitled2 Project^VltPkn_369' (ITc
METHOD    struct                 REFUSED   [UNSUPPORTED] 'VltPkn_370': the IDE refused to create its method 'struct': TwinCAT PLC automation call (ITcSmTreeItem:CreateChild) failed: Creating the child named 'struct' is not possible on node (Name mismatch)\nPath: 'TIPC^Untitled2^Untitled2 Project^VltPkn_370' (ITcSmTr
METHOD    end_struct             REFUSED   [UNSUPPORTED] 'VltPkn_371': the IDE refused to create its method 'end_struct': TwinCAT PLC automation call (ITcSmTreeItem:CreateChild) failed: Creating the child named 'end_struct' is not possible on node (Name mismatch)\nPath: 'TIPC^Untitled2^Untitled2 Project^VltPkn_371' 
METHOD    union                  REFUSED   [UNSUPPORTED] 'VltPkn_372': the IDE refused to create its method 'union': TwinCAT PLC automation call (ITcSmTreeItem:CreateChild) failed: Creating the child named 'union' is not possible on node (Name mismatch)\nPath: 'TIPC^Untitled2^Untitled2 Project^VltPkn_372' (ITcSmTree
METHOD    end_union              REFUSED   [UNSUPPORTED] 'VltPkn_373': the IDE refused to create its method 'end_union': TwinCAT PLC automation call (ITcSmTreeItem:CreateChild) failed: Creating the child named 'end_union' is not possible on node (Name mismatch)\nPath: 'TIPC^Untitled2^Untitled2 Project^VltPkn_373' (I
METHOD    var                    REFUSED   [UNSUPPORTED] 'VltPkn_374': the IDE refused to create its method 'var': TwinCAT PLC automation call (ITcSmTreeItem:CreateChild) failed: Creating the child named 'var' is not possible on node (Name mismatch)\nPath: 'TIPC^Untitled2^Untitled2 Project^VltPkn_374' (ITcSmTreeItem
METHOD    var_input              REFUSED   [UNSUPPORTED] 'VltPkn_375': the IDE refused to create its method 'var_input': TwinCAT PLC automation call (ITcSmTreeItem:CreateChild) failed: Creating the child named 'var_input' is not possible on node (Name mismatch)\nPath: 'TIPC^Untitled2^Untitled2 Project^VltPkn_375' (I
METHOD    var_output             REFUSED   [UNSUPPORTED] 'VltPkn_376': the IDE refused to create its method 'var_output': TwinCAT PLC automation call (ITcSmTreeItem:CreateChild) failed: Creating the child named 'var_output' is not possible on node (Name mismatch)\nPath: 'TIPC^Untitled2^Untitled2 Project^VltPkn_376' 
METHOD    var_in_out             REFUSED   [UNSUPPORTED] 'VltPkn_377': the IDE refused to create its method 'var_in_out': TwinCAT PLC automation call (ITcSmTreeItem:CreateChild) failed: Creating the child named 'var_in_out' is not possible on node (Name mismatch)\nPath: 'TIPC^Untitled2^Untitled2 Project^VltPkn_377' 
METHOD    var_temp               REFUSED   [UNSUPPORTED] 'VltPkn_378': the IDE refused to create its method 'var_temp': TwinCAT PLC automation call (ITcSmTreeItem:CreateChild) failed: Creating the child named 'var_temp' is not possible on node (Name mismatch)\nPath: 'TIPC^Untitled2^Untitled2 Project^VltPkn_378' (ITc
METHOD    var_stat               REFUSED   [UNSUPPORTED] 'VltPkn_379': the IDE refused to create its method 'var_stat': TwinCAT PLC automation call (ITcSmTreeItem:CreateChild) failed: Creating the child named 'var_stat' is not possible on node (Name mismatch)\nPath: 'TIPC^Untitled2^Untitled2 Project^VltPkn_379' (ITc
METHOD    var_inst               REFUSED   [UNSUPPORTED] 'VltPkn_380': the IDE refused to create its method 'var_inst': TwinCAT PLC automation call (ITcSmTreeItem:CreateChild) failed: Creating the child named 'var_inst' is not possible on node (Name mismatch)\nPath: 'TIPC^Untitled2^Untitled2 Project^VltPkn_380' (ITc
METHOD    var_external           REFUSED   [UNSUPPORTED] 'VltPkn_381': the IDE refused to create its method 'var_external': TwinCAT PLC automation call (ITcSmTreeItem:CreateChild) failed: Creating the child named 'var_external' is not possible on node (Name mismatch)\nPath: 'TIPC^Untitled2^Untitled2 Project^VltPkn_3
METHOD    var_global             REFUSED   [UNSUPPORTED] 'VltPkn_382': the IDE refused to create its method 'var_global': TwinCAT PLC automation call (ITcSmTreeItem:CreateChild) failed: Creating the child named 'var_global' is not possible on node (Name mismatch)\nPath: 'TIPC^Untitled2^Untitled2 Project^VltPkn_382' 
METHOD    var_config             REFUSED   [UNSUPPORTED] 'VltPkn_383': the IDE refused to create its method 'var_config': TwinCAT PLC automation call (ITcSmTreeItem:CreateChild) failed: Creating the child named 'var_config' is not possible on node (Name mismatch)\nPath: 'TIPC^Untitled2^Untitled2 Project^VltPkn_383' 
METHOD    var_access             REFUSED   [UNSUPPORTED] 'VltPkn_384': the IDE refused to create its method 'var_access': TwinCAT PLC automation call (ITcSmTreeItem:CreateChild) failed: Creating the child named 'var_access' is not possible on node (Name mismatch)\nPath: 'TIPC^Untitled2^Untitled2 Project^VltPkn_384' 
METHOD    end_var                REFUSED   [UNSUPPORTED] 'VltPkn_385': the IDE refused to create its method 'end_var': TwinCAT PLC automation call (ITcSmTreeItem:CreateChild) failed: Creating the child named 'end_var' is not possible on node (Name mismatch)\nPath: 'TIPC^Untitled2^Untitled2 Project^VltPkn_385' (ITcSm
METHOD    constant               REFUSED   [UNSUPPORTED] 'VltPkn_386': the IDE refused to create its method 'constant': TwinCAT PLC automation call (ITcSmTreeItem:CreateChild) failed: Creating the child named 'constant' is not possible on node (Name mismatch)\nPath: 'TIPC^Untitled2^Untitled2 Project^VltPkn_386' (ITc
METHOD    retain                 REFUSED   [UNSUPPORTED] 'VltPkn_387': the IDE refused to create its method 'retain': TwinCAT PLC automation call (ITcSmTreeItem:CreateChild) failed: Creating the child named 'retain' is not possible on node (Name mismatch)\nPath: 'TIPC^Untitled2^Untitled2 Project^VltPkn_387' (ITcSmTr
METHOD    persistent             REFUSED   [UNSUPPORTED] 'VltPkn_388': the IDE refused to create its method 'persistent': TwinCAT PLC automation call (ITcSmTreeItem:CreateChild) failed: Creating the child named 'persistent' is not possible on node (Name mismatch)\nPath: 'TIPC^Untitled2^Untitled2 Project^VltPkn_388' 
METHOD    private                REFUSED   [UNSUPPORTED] 'VltPkn_389': the IDE refused to create its method 'private': TwinCAT PLC automation call (ITcSmTreeItem:CreateChild) failed: Creating the child named 'private' is not possible on node (Name mismatch)\nPath: 'TIPC^Untitled2^Untitled2 Project^VltPkn_389' (ITcSm
METHOD    protected              REFUSED   [UNSUPPORTED] 'VltPkn_390': the IDE refused to create its method 'protected': TwinCAT PLC automation call (ITcSmTreeItem:CreateChild) failed: Creating the child named 'protected' is not possible on node (Name mismatch)\nPath: 'TIPC^Untitled2^Untitled2 Project^VltPkn_390' (I
METHOD    internal               REFUSED   [UNSUPPORTED] 'VltPkn_391': the IDE refused to create its method 'internal': TwinCAT PLC automation call (ITcSmTreeItem:CreateChild) failed: Creating the child named 'internal' is not possible on node (Name mismatch)\nPath: 'TIPC^Untitled2^Untitled2 Project^VltPkn_391' (ITc
METHOD    final                  REFUSED   [UNSUPPORTED] 'VltPkn_392': the IDE refused to create its method 'final': TwinCAT PLC automation call (ITcSmTreeItem:CreateChild) failed: Creating the child named 'final' is not possible on node (Name mismatch)\nPath: 'TIPC^Untitled2^Untitled2 Project^VltPkn_392' (ITcSmTree
METHOD    abstract               REFUSED   [UNSUPPORTED] 'VltPkn_393': the IDE refused to create its method 'abstract': TwinCAT PLC automation call (ITcSmTreeItem:CreateChild) failed: Creating the child named 'abstract' is not possible on node (Name mismatch)\nPath: 'TIPC^Untitled2^Untitled2 Project^VltPkn_393' (ITc
METHOD    read_only              REFUSED   [UNSUPPORTED] 'VltPkn_394': the IDE refused to create its method 'read_only': TwinCAT PLC automation call (ITcSmTreeItem:CreateChild) failed: Creating the child named 'read_only' is not possible on node (Name mismatch)\nPath: 'TIPC^Untitled2^Untitled2 Project^VltPkn_394' (I
METHOD    read_write             REFUSED   [UNSUPPORTED] 'VltPkn_395': the IDE refused to create its method 'read_write': TwinCAT PLC automation call (ITcSmTreeItem:CreateChild) failed: Creating the child named 'read_write' is not possible on node (Name mismatch)\nPath: 'TIPC^Untitled2^Untitled2 Project^VltPkn_395' 
METHOD    extends                REFUSED   [UNSUPPORTED] 'VltPkn_396': the IDE refused to create its method 'extends': TwinCAT PLC automation call (ITcSmTreeItem:CreateChild) failed: Creating the child named 'extends' is not possible on node (Name mismatch)\nPath: 'TIPC^Untitled2^Untitled2 Project^VltPkn_396' (ITcSm
METHOD    implements             REFUSED   [UNSUPPORTED] 'VltPkn_397': the IDE refused to create its method 'implements': TwinCAT PLC automation call (ITcSmTreeItem:CreateChild) failed: Creating the child named 'implements' is not possible on node (Name mismatch)\nPath: 'TIPC^Untitled2^Untitled2 Project^VltPkn_397' 
METHOD    array                  REFUSED   [UNSUPPORTED] 'VltPkn_398': the IDE refused to create its method 'array': TwinCAT PLC automation call (ITcSmTreeItem:CreateChild) failed: Creating the child named 'array' is not possible on node (Name mismatch)\nPath: 'TIPC^Untitled2^Untitled2 Project^VltPkn_398' (ITcSmTree
METHOD    of                     REFUSED   [UNSUPPORTED] 'VltPkn_399': the IDE refused to create its method 'of': TwinCAT PLC automation call (ITcSmTreeItem:CreateChild) failed: Creating the child named 'of' is not possible on node (Name mismatch)\nPath: 'TIPC^Untitled2^Untitled2 Project^VltPkn_399' (ITcSmTreeItem:C
METHOD    reference              REFUSED   [UNSUPPORTED] 'VltPkn_400': the IDE refused to create its method 'reference': TwinCAT PLC automation call (ITcSmTreeItem:CreateChild) failed: Creating the child named 'reference' is not possible on node (Name mismatch)\nPath: 'TIPC^Untitled2^Untitled2 Project^VltPkn_400' (I
METHOD    pointer                REFUSED   [UNSUPPORTED] 'VltPkn_401': the IDE refused to create its method 'pointer': TwinCAT PLC automation call (ITcSmTreeItem:CreateChild) failed: Creating the child named 'pointer' is not possible on node (Name mismatch)\nPath: 'TIPC^Untitled2^Untitled2 Project^VltPkn_401' (ITcSm
METHOD    to                     REFUSED   [UNSUPPORTED] 'VltPkn_402': the IDE refused to create its method 'to': TwinCAT PLC automation call (ITcSmTreeItem:CreateChild) failed: Creating the child named 'to' is not possible on node (Name mismatch)\nPath: 'TIPC^Untitled2^Untitled2 Project^VltPkn_402' (ITcSmTreeItem:C
METHOD    at                     REFUSED   [UNSUPPORTED] 'VltPkn_403': the IDE refused to create its method 'at': TwinCAT PLC automation call (ITcSmTreeItem:CreateChild) failed: Creating the child named 'at' is not possible on node (Name mismatch)\nPath: 'TIPC^Untitled2^Untitled2 Project^VltPkn_403' (ITcSmTreeItem:C
METHOD    string                 REFUSED   [UNSUPPORTED] 'VltPkn_404': the IDE refused to create its method 'string': TwinCAT PLC automation call (ITcSmTreeItem:CreateChild) failed: Creating the child named 'string' is not possible on node (Name mismatch)\nPath: 'TIPC^Untitled2^Untitled2 Project^VltPkn_404' (ITcSmTr
METHOD    wstring                REFUSED   [UNSUPPORTED] 'VltPkn_405': the IDE refused to create its method 'wstring': TwinCAT PLC automation call (ITcSmTreeItem:CreateChild) failed: Creating the child named 'wstring' is not possible on node (Name mismatch)\nPath: 'TIPC^Untitled2^Untitled2 Project^VltPkn_405' (ITcSm
METHOD    if                     REFUSED   [UNSUPPORTED] 'VltPkn_406': the IDE refused to create its method 'if': TwinCAT PLC automation call (ITcSmTreeItem:CreateChild) failed: Creating the child named 'if' is not possible on node (Name mismatch)\nPath: 'TIPC^Untitled2^Untitled2 Project^VltPkn_406' (ITcSmTreeItem:C
METHOD    then                   REFUSED   [UNSUPPORTED] 'VltPkn_407': the IDE refused to create its method 'then': TwinCAT PLC automation call (ITcSmTreeItem:CreateChild) failed: Creating the child named 'then' is not possible on node (Name mismatch)\nPath: 'TIPC^Untitled2^Untitled2 Project^VltPkn_407' (ITcSmTreeIt
METHOD    elsif                  REFUSED   [UNSUPPORTED] 'VltPkn_408': the IDE refused to create its method 'elsif': TwinCAT PLC automation call (ITcSmTreeItem:CreateChild) failed: Creating the child named 'elsif' is not possible on node (Name mismatch)\nPath: 'TIPC^Untitled2^Untitled2 Project^VltPkn_408' (ITcSmTree
METHOD    else                   REFUSED   [UNSUPPORTED] 'VltPkn_409': the IDE refused to create its method 'else': TwinCAT PLC automation call (ITcSmTreeItem:CreateChild) failed: Creating the child named 'else' is not possible on node (Name mismatch)\nPath: 'TIPC^Untitled2^Untitled2 Project^VltPkn_409' (ITcSmTreeIt
METHOD    end_if                 REFUSED   [UNSUPPORTED] 'VltPkn_410': the IDE refused to create its method 'end_if': TwinCAT PLC automation call (ITcSmTreeItem:CreateChild) failed: Creating the child named 'end_if' is not possible on node (Name mismatch)\nPath: 'TIPC^Untitled2^Untitled2 Project^VltPkn_410' (ITcSmTr
METHOD    case                   REFUSED   [UNSUPPORTED] 'VltPkn_411': the IDE refused to create its method 'case': TwinCAT PLC automation call (ITcSmTreeItem:CreateChild) failed: Creating the child named 'case' is not possible on node (Name mismatch)\nPath: 'TIPC^Untitled2^Untitled2 Project^VltPkn_411' (ITcSmTreeIt
METHOD    end_case               REFUSED   [UNSUPPORTED] 'VltPkn_412': the IDE refused to create its method 'end_case': TwinCAT PLC automation call (ITcSmTreeItem:CreateChild) failed: Creating the child named 'end_case' is not possible on node (Name mismatch)\nPath: 'TIPC^Untitled2^Untitled2 Project^VltPkn_412' (ITc
METHOD    for                    REFUSED   [UNSUPPORTED] 'VltPkn_413': the IDE refused to create its method 'for': TwinCAT PLC automation call (ITcSmTreeItem:CreateChild) failed: Creating the child named 'for' is not possible on node (Name mismatch)\nPath: 'TIPC^Untitled2^Untitled2 Project^VltPkn_413' (ITcSmTreeItem
METHOD    by                     REFUSED   [UNSUPPORTED] 'VltPkn_414': the IDE refused to create its method 'by': TwinCAT PLC automation call (ITcSmTreeItem:CreateChild) failed: Creating the child named 'by' is not possible on node (Name mismatch)\nPath: 'TIPC^Untitled2^Untitled2 Project^VltPkn_414' (ITcSmTreeItem:C
METHOD    do                     REFUSED   [UNSUPPORTED] 'VltPkn_415': the IDE refused to create its method 'do': TwinCAT PLC automation call (ITcSmTreeItem:CreateChild) failed: Creating the child named 'do' is not possible on node (Name mismatch)\nPath: 'TIPC^Untitled2^Untitled2 Project^VltPkn_415' (ITcSmTreeItem:C
METHOD    end_for                REFUSED   [UNSUPPORTED] 'VltPkn_416': the IDE refused to create its method 'end_for': TwinCAT PLC automation call (ITcSmTreeItem:CreateChild) failed: Creating the child named 'end_for' is not possible on node (Name mismatch)\nPath: 'TIPC^Untitled2^Untitled2 Project^VltPkn_416' (ITcSm
METHOD    while                  REFUSED   [UNSUPPORTED] 'VltPkn_417': the IDE refused to create its method 'while': TwinCAT PLC automation call (ITcSmTreeItem:CreateChild) failed: Creating the child named 'while' is not possible on node (Name mismatch)\nPath: 'TIPC^Untitled2^Untitled2 Project^VltPkn_417' (ITcSmTree
METHOD    end_while              REFUSED   [UNSUPPORTED] 'VltPkn_418': the IDE refused to create its method 'end_while': TwinCAT PLC automation call (ITcSmTreeItem:CreateChild) failed: Creating the child named 'end_while' is not possible on node (Name mismatch)\nPath: 'TIPC^Untitled2^Untitled2 Project^VltPkn_418' (I
METHOD    repeat                 REFUSED   [UNSUPPORTED] 'VltPkn_419': the IDE refused to create its method 'repeat': TwinCAT PLC automation call (ITcSmTreeItem:CreateChild) failed: Creating the child named 'repeat' is not possible on node (Name mismatch)\nPath: 'TIPC^Untitled2^Untitled2 Project^VltPkn_419' (ITcSmTr
METHOD    until                  REFUSED   [UNSUPPORTED] 'VltPkn_420': the IDE refused to create its method 'until': TwinCAT PLC automation call (ITcSmTreeItem:CreateChild) failed: Creating the child named 'until' is not possible on node (Name mismatch)\nPath: 'TIPC^Untitled2^Untitled2 Project^VltPkn_420' (ITcSmTree
METHOD    end_repeat             REFUSED   [UNSUPPORTED] 'VltPkn_421': the IDE refused to create its method 'end_repeat': TwinCAT PLC automation call (ITcSmTreeItem:CreateChild) failed: Creating the child named 'end_repeat' is not possible on node (Name mismatch)\nPath: 'TIPC^Untitled2^Untitled2 Project^VltPkn_421' 
METHOD    return                 REFUSED   [UNSUPPORTED] 'VltPkn_422': the IDE refused to create its method 'return': TwinCAT PLC automation call (ITcSmTreeItem:CreateChild) failed: Creating the child named 'return' is not possible on node (Name mismatch)\nPath: 'TIPC^Untitled2^Untitled2 Project^VltPkn_422' (ITcSmTr
METHOD    exit                   REFUSED   [UNSUPPORTED] 'VltPkn_423': the IDE refused to create its method 'exit': TwinCAT PLC automation call (ITcSmTreeItem:CreateChild) failed: Creating the child named 'exit' is not possible on node (Name mismatch)\nPath: 'TIPC^Untitled2^Untitled2 Project^VltPkn_423' (ITcSmTreeIt
METHOD    continue               REFUSED   [UNSUPPORTED] 'VltPkn_424': the IDE refused to create its method 'continue': TwinCAT PLC automation call (ITcSmTreeItem:CreateChild) failed: Creating the child named 'continue' is not possible on node (Name mismatch)\nPath: 'TIPC^Untitled2^Untitled2 Project^VltPkn_424' (ITc
METHOD    jmp                    REFUSED   [UNSUPPORTED] 'VltPkn_425': the IDE refused to create its method 'jmp': TwinCAT PLC automation call (ITcSmTreeItem:CreateChild) failed: Creating the child named 'jmp' is not possible on node (Name mismatch)\nPath: 'TIPC^Untitled2^Untitled2 Project^VltPkn_425' (ITcSmTreeItem
METHOD    and                    REFUSED   [UNSUPPORTED] 'VltPkn_426': the IDE refused to create its method 'and': TwinCAT PLC automation call (ITcSmTreeItem:CreateChild) failed: Creating the child named 'and' is not possible on node (Name mismatch)\nPath: 'TIPC^Untitled2^Untitled2 Project^VltPkn_426' (ITcSmTreeItem
METHOD    and_then               REFUSED   [UNSUPPORTED] 'VltPkn_427': the IDE refused to create its method 'and_then': TwinCAT PLC automation call (ITcSmTreeItem:CreateChild) failed: Creating the child named 'and_then' is not possible on node (Name mismatch)\nPath: 'TIPC^Untitled2^Untitled2 Project^VltPkn_427' (ITc
METHOD    or                     REFUSED   [UNSUPPORTED] 'VltPkn_428': the IDE refused to create its method 'or': TwinCAT PLC automation call (ITcSmTreeItem:CreateChild) failed: Creating the child named 'or' is not possible on node (Name mismatch)\nPath: 'TIPC^Untitled2^Untitled2 Project^VltPkn_428' (ITcSmTreeItem:C
METHOD    or_else                REFUSED   [UNSUPPORTED] 'VltPkn_429': the IDE refused to create its method 'or_else': TwinCAT PLC automation call (ITcSmTreeItem:CreateChild) failed: Creating the child named 'or_else' is not possible on node (Name mismatch)\nPath: 'TIPC^Untitled2^Untitled2 Project^VltPkn_429' (ITcSm
METHOD    not                    REFUSED   [UNSUPPORTED] 'VltPkn_430': the IDE refused to create its method 'not': TwinCAT PLC automation call (ITcSmTreeItem:CreateChild) failed: Creating the child named 'not' is not possible on node (Name mismatch)\nPath: 'TIPC^Untitled2^Untitled2 Project^VltPkn_430' (ITcSmTreeItem
METHOD    xor                    REFUSED   [UNSUPPORTED] 'VltPkn_431': the IDE refused to create its method 'xor': TwinCAT PLC automation call (ITcSmTreeItem:CreateChild) failed: Creating the child named 'xor' is not possible on node (Name mismatch)\nPath: 'TIPC^Untitled2^Untitled2 Project^VltPkn_431' (ITcSmTreeItem
METHOD    mod                    REFUSED   [UNSUPPORTED] 'VltPkn_432': the IDE refused to create its method 'mod': TwinCAT PLC automation call (ITcSmTreeItem:CreateChild) failed: Creating the child named 'mod' is not possible on node (Name mismatch)\nPath: 'TIPC^Untitled2^Untitled2 Project^VltPkn_432' (ITcSmTreeItem
METHOD    div                    REFUSED   [UNSUPPORTED] 'VltPkn_433': the IDE refused to create its method 'div': TwinCAT PLC automation call (ITcSmTreeItem:CreateChild) failed: Creating the child named 'div' is not possible on node (Name mismatch)\nPath: 'TIPC^Untitled2^Untitled2 Project^VltPkn_433' (ITcSmTreeItem
METHOD    true                   REFUSED   [UNSUPPORTED] 'VltPkn_434': the IDE refused to create its method 'true': TwinCAT PLC automation call (ITcSmTreeItem:CreateChild) failed: Creating the child named 'true' is not possible on node (Name mismatch)\nPath: 'TIPC^Untitled2^Untitled2 Project^VltPkn_434' (ITcSmTreeIt
METHOD    false                  REFUSED   [UNSUPPORTED] 'VltPkn_435': the IDE refused to create its method 'false': TwinCAT PLC automation call (ITcSmTreeItem:CreateChild) failed: Creating the child named 'false' is not possible on node (Name mismatch)\nPath: 'TIPC^Untitled2^Untitled2 Project^VltPkn_435' (ITcSmTree
METHOD    add                    REFUSED   [UNSUPPORTED] 'VltPkn_436': the IDE refused to create its method 'add': TwinCAT PLC automation call (ITcSmTreeItem:CreateChild) failed: Creating the child named 'add' is not possible on node (Name mismatch)\nPath: 'TIPC^Untitled2^Untitled2 Project^VltPkn_436' (ITcSmTreeItem
METHOD    sub                    REFUSED   [UNSUPPORTED] 'VltPkn_437': the IDE refused to create its method 'sub': TwinCAT PLC automation call (ITcSmTreeItem:CreateChild) failed: Creating the child named 'sub' is not possible on node (Name mismatch)\nPath: 'TIPC^Untitled2^Untitled2 Project^VltPkn_437' (ITcSmTreeItem
METHOD    mul                    REFUSED   [UNSUPPORTED] 'VltPkn_438': the IDE refused to create its method 'mul': TwinCAT PLC automation call (ITcSmTreeItem:CreateChild) failed: Creating the child named 'mul' is not possible on node (Name mismatch)\nPath: 'TIPC^Untitled2^Untitled2 Project^VltPkn_438' (ITcSmTreeItem
METHOD    shl                    REFUSED   [UNSUPPORTED] 'VltPkn_439': the IDE refused to create its method 'shl': TwinCAT PLC automation call (ITcSmTreeItem:CreateChild) failed: Creating the child named 'shl' is not possible on node (Name mismatch)\nPath: 'TIPC^Untitled2^Untitled2 Project^VltPkn_439' (ITcSmTreeItem
METHOD    shr                    REFUSED   [UNSUPPORTED] 'VltPkn_440': the IDE refused to create its method 'shr': TwinCAT PLC automation call (ITcSmTreeItem:CreateChild) failed: Creating the child named 'shr' is not possible on node (Name mismatch)\nPath: 'TIPC^Untitled2^Untitled2 Project^VltPkn_440' (ITcSmTreeItem
METHOD    rol                    REFUSED   [UNSUPPORTED] 'VltPkn_441': the IDE refused to create its method 'rol': TwinCAT PLC automation call (ITcSmTreeItem:CreateChild) failed: Creating the child named 'rol' is not possible on node (Name mismatch)\nPath: 'TIPC^Untitled2^Untitled2 Project^VltPkn_441' (ITcSmTreeItem
METHOD    ror                    REFUSED   [UNSUPPORTED] 'VltPkn_442': the IDE refused to create its method 'ror': TwinCAT PLC automation call (ITcSmTreeItem:CreateChild) failed: Creating the child named 'ror' is not possible on node (Name mismatch)\nPath: 'TIPC^Untitled2^Untitled2 Project^VltPkn_442' (ITcSmTreeItem
METHOD    sel                    REFUSED   [UNSUPPORTED] 'VltPkn_443': the IDE refused to create its method 'sel': TwinCAT PLC automation call (ITcSmTreeItem:CreateChild) failed: Creating the child named 'sel' is not possible on node (Name mismatch)\nPath: 'TIPC^Untitled2^Untitled2 Project^VltPkn_443' (ITcSmTreeItem
METHOD    mux                    REFUSED   [UNSUPPORTED] 'VltPkn_444': the IDE refused to create its method 'mux': TwinCAT PLC automation call (ITcSmTreeItem:CreateChild) failed: Creating the child named 'mux' is not possible on node (Name mismatch)\nPath: 'TIPC^Untitled2^Untitled2 Project^VltPkn_444' (ITcSmTreeItem
METHOD    min                    REFUSED   [UNSUPPORTED] 'VltPkn_445': the IDE refused to create its method 'min': TwinCAT PLC automation call (ITcSmTreeItem:CreateChild) failed: Creating the child named 'min' is not possible on node (Name mismatch)\nPath: 'TIPC^Untitled2^Untitled2 Project^VltPkn_445' (ITcSmTreeItem
METHOD    max                    REFUSED   [UNSUPPORTED] 'VltPkn_446': the IDE refused to create its method 'max': TwinCAT PLC automation call (ITcSmTreeItem:CreateChild) failed: Creating the child named 'max' is not possible on node (Name mismatch)\nPath: 'TIPC^Untitled2^Untitled2 Project^VltPkn_446' (ITcSmTreeItem
METHOD    limit                  REFUSED   [UNSUPPORTED] 'VltPkn_447': the IDE refused to create its method 'limit': TwinCAT PLC automation call (ITcSmTreeItem:CreateChild) failed: Creating the child named 'limit' is not possible on node (Name mismatch)\nPath: 'TIPC^Untitled2^Untitled2 Project^VltPkn_447' (ITcSmTree
METHOD    gt                     REFUSED   [UNSUPPORTED] 'VltPkn_448': the IDE refused to create its method 'gt': TwinCAT PLC automation call (ITcSmTreeItem:CreateChild) failed: Creating the child named 'gt' is not possible on node (Name mismatch)\nPath: 'TIPC^Untitled2^Untitled2 Project^VltPkn_448' (ITcSmTreeItem:C
METHOD    lt                     REFUSED   [UNSUPPORTED] 'VltPkn_449': the IDE refused to create its method 'lt': TwinCAT PLC automation call (ITcSmTreeItem:CreateChild) failed: Creating the child named 'lt' is not possible on node (Name mismatch)\nPath: 'TIPC^Untitled2^Untitled2 Project^VltPkn_449' (ITcSmTreeItem:C
METHOD    ge                     REFUSED   [UNSUPPORTED] 'VltPkn_450': the IDE refused to create its method 'ge': TwinCAT PLC automation call (ITcSmTreeItem:CreateChild) failed: Creating the child named 'ge' is not possible on node (Name mismatch)\nPath: 'TIPC^Untitled2^Untitled2 Project^VltPkn_450' (ITcSmTreeItem:C
METHOD    le                     REFUSED   [UNSUPPORTED] 'VltPkn_451': the IDE refused to create its method 'le': TwinCAT PLC automation call (ITcSmTreeItem:CreateChild) failed: Creating the child named 'le' is not possible on node (Name mismatch)\nPath: 'TIPC^Untitled2^Untitled2 Project^VltPkn_451' (ITcSmTreeItem:C
METHOD    eq                     REFUSED   [UNSUPPORTED] 'VltPkn_452': the IDE refused to create its method 'eq': TwinCAT PLC automation call (ITcSmTreeItem:CreateChild) failed: Creating the child named 'eq' is not possible on node (Name mismatch)\nPath: 'TIPC^Untitled2^Untitled2 Project^VltPkn_452' (ITcSmTreeItem:C
METHOD    ne                     REFUSED   [UNSUPPORTED] 'VltPkn_453': the IDE refused to create its method 'ne': TwinCAT PLC automation call (ITcSmTreeItem:CreateChild) failed: Creating the child named 'ne' is not possible on node (Name mismatch)\nPath: 'TIPC^Untitled2^Untitled2 Project^VltPkn_453' (ITcSmTreeItem:C
METHOD    abs                    REFUSED   [UNSUPPORTED] 'VltPkn_454': the IDE refused to create its method 'abs': TwinCAT PLC automation call (ITcSmTreeItem:CreateChild) failed: Creating the child named 'abs' is not possible on node (Name mismatch)\nPath: 'TIPC^Untitled2^Untitled2 Project^VltPkn_454' (ITcSmTreeItem
METHOD    sqrt                   REFUSED   [UNSUPPORTED] 'VltPkn_455': the IDE refused to create its method 'sqrt': TwinCAT PLC automation call (ITcSmTreeItem:CreateChild) failed: Creating the child named 'sqrt' is not possible on node (Name mismatch)\nPath: 'TIPC^Untitled2^Untitled2 Project^VltPkn_455' (ITcSmTreeIt
METHOD    ln                     REFUSED   [UNSUPPORTED] 'VltPkn_456': the IDE refused to create its method 'ln': TwinCAT PLC automation call (ITcSmTreeItem:CreateChild) failed: Creating the child named 'ln' is not possible on node (Name mismatch)\nPath: 'TIPC^Untitled2^Untitled2 Project^VltPkn_456' (ITcSmTreeItem:C
METHOD    exp                    REFUSED   [UNSUPPORTED] 'VltPkn_457': the IDE refused to create its method 'exp': TwinCAT PLC automation call (ITcSmTreeItem:CreateChild) failed: Creating the child named 'exp' is not possible on node (Name mismatch)\nPath: 'TIPC^Untitled2^Untitled2 Project^VltPkn_457' (ITcSmTreeItem
METHOD    expt                   REFUSED   [UNSUPPORTED] 'VltPkn_458': the IDE refused to create its method 'expt': TwinCAT PLC automation call (ITcSmTreeItem:CreateChild) failed: Creating the child named 'expt' is not possible on node (Name mismatch)\nPath: 'TIPC^Untitled2^Untitled2 Project^VltPkn_458' (ITcSmTreeIt
METHOD    cos                    REFUSED   [UNSUPPORTED] 'VltPkn_459': the IDE refused to create its method 'cos': TwinCAT PLC automation call (ITcSmTreeItem:CreateChild) failed: Creating the child named 'cos' is not possible on node (Name mismatch)\nPath: 'TIPC^Untitled2^Untitled2 Project^VltPkn_459' (ITcSmTreeItem
METHOD    tan                    REFUSED   [UNSUPPORTED] 'VltPkn_460': the IDE refused to create its method 'tan': TwinCAT PLC automation call (ITcSmTreeItem:CreateChild) failed: Creating the child named 'tan' is not possible on node (Name mismatch)\nPath: 'TIPC^Untitled2^Untitled2 Project^VltPkn_460' (ITcSmTreeItem
METHOD    asin                   REFUSED   [UNSUPPORTED] 'VltPkn_461': the IDE refused to create its method 'asin': TwinCAT PLC automation call (ITcSmTreeItem:CreateChild) failed: Creating the child named 'asin' is not possible on node (Name mismatch)\nPath: 'TIPC^Untitled2^Untitled2 Project^VltPkn_461' (ITcSmTreeIt
METHOD    acos                   REFUSED   [UNSUPPORTED] 'VltPkn_462': the IDE refused to create its method 'acos': TwinCAT PLC automation call (ITcSmTreeItem:CreateChild) failed: Creating the child named 'acos' is not possible on node (Name mismatch)\nPath: 'TIPC^Untitled2^Untitled2 Project^VltPkn_462' (ITcSmTreeIt
METHOD    atan                   REFUSED   [UNSUPPORTED] 'VltPkn_463': the IDE refused to create its method 'atan': TwinCAT PLC automation call (ITcSmTreeItem:CreateChild) failed: Creating the child named 'atan' is not possible on node (Name mismatch)\nPath: 'TIPC^Untitled2^Untitled2 Project^VltPkn_463' (ITcSmTreeIt
METHOD    adr                    REFUSED   [UNSUPPORTED] 'VltPkn_464': the IDE refused to create its method 'adr': TwinCAT PLC automation call (ITcSmTreeItem:CreateChild) failed: Creating the child named 'adr' is not possible on node (Name mismatch)\nPath: 'TIPC^Untitled2^Untitled2 Project^VltPkn_464' (ITcSmTreeItem
METHOD    bitadr                 REFUSED   [UNSUPPORTED] 'VltPkn_465': the IDE refused to create its method 'bitadr': TwinCAT PLC automation call (ITcSmTreeItem:CreateChild) failed: Creating the child named 'bitadr' is not possible on node (Name mismatch)\nPath: 'TIPC^Untitled2^Untitled2 Project^VltPkn_465' (ITcSmTr
METHOD    move                   REFUSED   [UNSUPPORTED] 'VltPkn_466': the IDE refused to create its method 'move': TwinCAT PLC automation call (ITcSmTreeItem:CreateChild) failed: Creating the child named 'move' is not possible on node (Name mismatch)\nPath: 'TIPC^Untitled2^Untitled2 Project^VltPkn_466' (ITcSmTreeIt
METHOD    indexof                REFUSED   [UNSUPPORTED] 'VltPkn_467': the IDE refused to create its method 'indexof': TwinCAT PLC automation call (ITcSmTreeItem:CreateChild) failed: Creating the child named 'indexof' is not possible on node (Name mismatch)\nPath: 'TIPC^Untitled2^Untitled2 Project^VltPkn_467' (ITcSm
METHOD    sizeof                 REFUSED   [UNSUPPORTED] 'VltPkn_468': the IDE refused to create its method 'sizeof': TwinCAT PLC automation call (ITcSmTreeItem:CreateChild) failed: Creating the child named 'sizeof' is not possible on node (Name mismatch)\nPath: 'TIPC^Untitled2^Untitled2 Project^VltPkn_468' (ITcSmTr
METHOD    trunc                  REFUSED   [UNSUPPORTED] 'VltPkn_469': the IDE refused to create its method 'trunc': TwinCAT PLC automation call (ITcSmTreeItem:CreateChild) failed: Creating the child named 'trunc' is not possible on node (Name mismatch)\nPath: 'TIPC^Untitled2^Untitled2 Project^VltPkn_469' (ITcSmTree
METHOD    trunc_int              REFUSED   [UNSUPPORTED] 'VltPkn_470': the IDE refused to create its method 'trunc_int': TwinCAT PLC automation call (ITcSmTreeItem:CreateChild) failed: Creating the child named 'trunc_int' is not possible on node (Name mismatch)\nPath: 'TIPC^Untitled2^Untitled2 Project^VltPkn_470' (I
METHOD    ini                    REFUSED   [UNSUPPORTED] 'VltPkn_471': the IDE refused to create its method 'ini': TwinCAT PLC automation call (ITcSmTreeItem:CreateChild) failed: Creating the child named 'ini' is not possible on node (Name mismatch)\nPath: 'TIPC^Untitled2^Untitled2 Project^VltPkn_471' (ITcSmTreeItem
METHOD    cal                    REFUSED   [UNSUPPORTED] 'VltPkn_472': the IDE refused to create its method 'cal': TwinCAT PLC automation call (ITcSmTreeItem:CreateChild) failed: Creating the child named 'cal' is not possible on node (Name mismatch)\nPath: 'TIPC^Untitled2^Untitled2 Project^VltPkn_472' (ITcSmTreeItem
METHOD    __new                  REFUSED   [UNSUPPORTED] 'VltPkn_473': the IDE refused to create its method '__new': TwinCAT PLC automation call (ITcSmTreeItem:CreateChild) failed: Creating the child named '__new' is not possible on node (Name mismatch)\nPath: 'TIPC^Untitled2^Untitled2 Project^VltPkn_473' (ITcSmTree
METHOD    __delete               REFUSED   [UNSUPPORTED] 'VltPkn_474': the IDE refused to create its method '__delete': TwinCAT PLC automation call (ITcSmTreeItem:CreateChild) failed: Creating the child named '__delete' is not possible on node (Name mismatch)\nPath: 'TIPC^Untitled2^Untitled2 Project^VltPkn_474' (ITc
METHOD    __isvalidref           REFUSED   [UNSUPPORTED] 'VltPkn_475': the IDE refused to create its method '__isvalidref': TwinCAT PLC automation call (ITcSmTreeItem:CreateChild) failed: Creating the child named '__isvalidref' is not possible on node (Name mismatch)\nPath: 'TIPC^Untitled2^Untitled2 Project^VltPkn_4
METHOD    __queryinterface       REFUSED   [UNSUPPORTED] 'VltPkn_476': the IDE refused to create its method '__queryinterface': TwinCAT PLC automation call (ITcSmTreeItem:CreateChild) failed: Creating the child named '__queryinterface' is not possible on node (Name mismatch)\nPath: 'TIPC^Untitled2^Untitled2 Project^
METHOD    __querypointer         REFUSED   [UNSUPPORTED] 'VltPkn_477': the IDE refused to create its method '__querypointer': TwinCAT PLC automation call (ITcSmTreeItem:CreateChild) failed: Creating the child named '__querypointer' is not possible on node (Name mismatch)\nPath: 'TIPC^Untitled2^Untitled2 Project^VltP
METHOD    __try                  REFUSED   [UNSUPPORTED] 'VltPkn_478': the IDE refused to create its method '__try': TwinCAT PLC automation call (ITcSmTreeItem:CreateChild) failed: Creating the child named '__try' is not possible on node (Name mismatch)\nPath: 'TIPC^Untitled2^Untitled2 Project^VltPkn_478' (ITcSmTree
METHOD    __catch                REFUSED   [UNSUPPORTED] 'VltPkn_479': the IDE refused to create its method '__catch': TwinCAT PLC automation call (ITcSmTreeItem:CreateChild) failed: Creating the child named '__catch' is not possible on node (Name mismatch)\nPath: 'TIPC^Untitled2^Untitled2 Project^VltPkn_479' (ITcSm
METHOD    __finally              REFUSED   [UNSUPPORTED] 'VltPkn_480': the IDE refused to create its method '__finally': TwinCAT PLC automation call (ITcSmTreeItem:CreateChild) failed: Creating the child named '__finally' is not possible on node (Name mismatch)\nPath: 'TIPC^Untitled2^Untitled2 Project^VltPkn_480' (I
METHOD    __endtry               REFUSED   [UNSUPPORTED] 'VltPkn_481': the IDE refused to create its method '__endtry': TwinCAT PLC automation call (ITcSmTreeItem:CreateChild) failed: Creating the child named '__endtry' is not possible on node (Name mismatch)\nPath: 'TIPC^Untitled2^Untitled2 Project^VltPkn_481' (ITc
METHOD    __varinfo              REFUSED   [UNSUPPORTED] 'VltPkn_482': the IDE refused to create its method '__varinfo': TwinCAT PLC automation call (ITcSmTreeItem:CreateChild) failed: Creating the child named '__varinfo' is not possible on node (Name mismatch)\nPath: 'TIPC^Untitled2^Untitled2 Project^VltPkn_482' (I
METHOD    __currenttask          REFUSED   [UNSUPPORTED] 'VltPkn_483': the IDE refused to create its method '__currenttask': TwinCAT PLC automation call (ITcSmTreeItem:CreateChild) failed: Creating the child named '__currenttask' is not possible on node (Name mismatch)\nPath: 'TIPC^Untitled2^Untitled2 Project^VltPkn
METHOD    __position             REFUSED   [UNSUPPORTED] 'VltPkn_484': the IDE refused to create its method '__position': TwinCAT PLC automation call (ITcSmTreeItem:CreateChild) failed: Creating the child named '__position' is not possible on node (Name mismatch)\nPath: 'TIPC^Untitled2^Untitled2 Project^VltPkn_484' 
METHOD    __pouname              REFUSED   [UNSUPPORTED] 'VltPkn_485': the IDE refused to create its method '__pouname': TwinCAT PLC automation call (ITcSmTreeItem:CreateChild) failed: Creating the child named '__pouname' is not possible on node (Name mismatch)\nPath: 'TIPC^Untitled2^Untitled2 Project^VltPkn_485' (I
METHOD    __compare_and_swap     REFUSED   [UNSUPPORTED] 'VltPkn_486': the IDE refused to create its method '__compare_and_swap': TwinCAT PLC automation call (ITcSmTreeItem:CreateChild) failed: Creating the child named '__compare_and_swap' is not possible on node (Name mismatch)\nPath: 'TIPC^Untitled2^Untitled2 Proj
METHOD    __xadd                 REFUSED   [UNSUPPORTED] 'VltPkn_487': the IDE refused to create its method '__xadd': TwinCAT PLC automation call (ITcSmTreeItem:CreateChild) failed: Creating the child named '__xadd' is not possible on node (Name mismatch)\nPath: 'TIPC^Untitled2^Untitled2 Project^VltPkn_487' (ITcSmTr
METHOD    __pool                 REFUSED   [UNSUPPORTED] 'VltPkn_488': the IDE refused to create its method '__pool': TwinCAT PLC automation call (ITcSmTreeItem:CreateChild) failed: Creating the child named '__pool' is not possible on node (Name mismatch)\nPath: 'TIPC^Untitled2^Untitled2 Project^VltPkn_488' (ITcSmTr
METHOD    test_and_set           REFUSED   [UNSUPPORTED] 'VltPkn_489': the IDE refused to create its method 'test_and_set': TwinCAT PLC automation call (ITcSmTreeItem:CreateChild) failed: Creating the child named 'test_and_set' is not possible on node (Name mismatch)\nPath: 'TIPC^Untitled2^Untitled2 Project^VltPkn_4
METHOD    __vector               REFUSED   [UNSUPPORTED] 'VltPkn_490': the IDE refused to create its method '__vector': TwinCAT PLC automation call (ITcSmTreeItem:CreateChild) failed: Creating the child named '__vector' is not possible on node (Name mismatch)\nPath: 'TIPC^Untitled2^Untitled2 Project^VltPkn_490' (ITc
METHOD    params                 REFUSED   [UNSUPPORTED] 'VltPkn_491': the IDE refused to create its method 'params': TwinCAT PLC automation call (ITcSmTreeItem:CreateChild) failed: Creating the child named 'params' is not possible on node (Name mismatch)\nPath: 'TIPC^Untitled2^Untitled2 Project^VltPkn_491' (ITcSmTr
METHOD    this                   REFUSED   [UNSUPPORTED] 'VltPkn_492': the IDE refused to create its method 'this': TwinCAT PLC automation call (ITcSmTreeItem:CreateChild) failed: Creating the child named 'this' is not possible on node (Name mismatch)\nPath: 'TIPC^Untitled2^Untitled2 Project^VltPkn_492' (ITcSmTreeIt
METHOD    super                  REFUSED   [UNSUPPORTED] 'VltPkn_493': the IDE refused to create its method 'super': TwinCAT PLC automation call (ITcSmTreeItem:CreateChild) failed: Creating the child named 'super' is not possible on node (Name mismatch)\nPath: 'TIPC^Untitled2^Untitled2 Project^VltPkn_493' (ITcSmTree
METHOD    from                   REFUSED   [UNSUPPORTED] 'VltPkn_494': the IDE refused to create its method 'from': TwinCAT PLC automation call (ITcSmTreeItem:CreateChild) failed: Creating the child named 'from' is not possible on node (Name mismatch)\nPath: 'TIPC^Untitled2^Untitled2 Project^VltPkn_494' (ITcSmTreeIt
METHOD    r                      REFUSED   [UNSUPPORTED] 'VltPkn_495': the IDE refused to create its method 'r': TwinCAT PLC automation call (ITcSmTreeItem:CreateChild) failed: Creating the child named 'r' is not possible on node (Name mismatch)\nPath: 'TIPC^Untitled2^Untitled2 Project^VltPkn_495' (ITcSmTreeItem:Cre
METHOD    s                      REFUSED   [UNSUPPORTED] 'VltPkn_496': the IDE refused to create its method 's': TwinCAT PLC automation call (ITcSmTreeItem:CreateChild) failed: Creating the child named 's' is not possible on node (Name mismatch)\nPath: 'TIPC^Untitled2^Untitled2 Project^VltPkn_496' (ITcSmTreeItem:Cre
METHOD    ld                     REFUSED   [UNSUPPORTED] 'VltPkn_497': the IDE refused to create its method 'ld': TwinCAT PLC automation call (ITcSmTreeItem:CreateChild) failed: Creating the child named 'ld' is not possible on node (Name mismatch)\nPath: 'TIPC^Untitled2^Untitled2 Project^VltPkn_497' (ITcSmTreeItem:C
METHOD    ldn                    REFUSED   [UNSUPPORTED] 'VltPkn_498': the IDE refused to create its method 'ldn': TwinCAT PLC automation call (ITcSmTreeItem:CreateChild) failed: Creating the child named 'ldn' is not possible on node (Name mismatch)\nPath: 'TIPC^Untitled2^Untitled2 Project^VltPkn_498' (ITcSmTreeItem
METHOD    st                     REFUSED   [UNSUPPORTED] 'VltPkn_499': the IDE refused to create its method 'st': TwinCAT PLC automation call (ITcSmTreeItem:CreateChild) failed: Creating the child named 'st' is not possible on node (Name mismatch)\nPath: 'TIPC^Untitled2^Untitled2 Project^VltPkn_499' (ITcSmTreeItem:C
METHOD    stn                    REFUSED   [UNSUPPORTED] 'VltPkn_500': the IDE refused to create its method 'stn': TwinCAT PLC automation call (ITcSmTreeItem:CreateChild) failed: Creating the child named 'stn' is not possible on node (Name mismatch)\nPath: 'TIPC^Untitled2^Untitled2 Project^VltPkn_500' (ITcSmTreeItem
METHOD    ret                    REFUSED   [UNSUPPORTED] 'VltPkn_501': the IDE refused to create its method 'ret': TwinCAT PLC automation call (ITcSmTreeItem:CreateChild) failed: Creating the child named 'ret' is not possible on node (Name mismatch)\nPath: 'TIPC^Untitled2^Untitled2 Project^VltPkn_501' (ITcSmTreeItem
METHOD    retc                   REFUSED   [UNSUPPORTED] 'VltPkn_502': the IDE refused to create its method 'retc': TwinCAT PLC automation call (ITcSmTreeItem:CreateChild) failed: Creating the child named 'retc' is not possible on node (Name mismatch)\nPath: 'TIPC^Untitled2^Untitled2 Project^VltPkn_502' (ITcSmTreeIt
METHOD    retcn                  REFUSED   [UNSUPPORTED] 'VltPkn_503': the IDE refused to create its method 'retcn': TwinCAT PLC automation call (ITcSmTreeItem:CreateChild) failed: Creating the child named 'retcn' is not possible on node (Name mismatch)\nPath: 'TIPC^Untitled2^Untitled2 Project^VltPkn_503' (ITcSmTree
METHOD    jmpc                   REFUSED   [UNSUPPORTED] 'VltPkn_504': the IDE refused to create its method 'jmpc': TwinCAT PLC automation call (ITcSmTreeItem:CreateChild) failed: Creating the child named 'jmpc' is not possible on node (Name mismatch)\nPath: 'TIPC^Untitled2^Untitled2 Project^VltPkn_504' (ITcSmTreeIt
METHOD    jmpcn                  REFUSED   [UNSUPPORTED] 'VltPkn_505': the IDE refused to create its method 'jmpcn': TwinCAT PLC automation call (ITcSmTreeItem:CreateChild) failed: Creating the child named 'jmpcn' is not possible on node (Name mismatch)\nPath: 'TIPC^Untitled2^Untitled2 Project^VltPkn_505' (ITcSmTree
METHOD    calcn                  REFUSED   [UNSUPPORTED] 'VltPkn_506': the IDE refused to create its method 'calcn': TwinCAT PLC automation call (ITcSmTreeItem:CreateChild) failed: Creating the child named 'calcn' is not possible on node (Name mismatch)\nPath: 'TIPC^Untitled2^Untitled2 Project^VltPkn_506' (ITcSmTree
METHOD    andn                   REFUSED   [UNSUPPORTED] 'VltPkn_507': the IDE refused to create its method 'andn': TwinCAT PLC automation call (ITcSmTreeItem:CreateChild) failed: Creating the child named 'andn' is not possible on node (Name mismatch)\nPath: 'TIPC^Untitled2^Untitled2 Project^VltPkn_507' (ITcSmTreeIt
METHOD    orn                    REFUSED   [UNSUPPORTED] 'VltPkn_508': the IDE refused to create its method 'orn': TwinCAT PLC automation call (ITcSmTreeItem:CreateChild) failed: Creating the child named 'orn' is not possible on node (Name mismatch)\nPath: 'TIPC^Untitled2^Untitled2 Project^VltPkn_508' (ITcSmTreeItem
METHOD    xorn                   REFUSED   [UNSUPPORTED] 'VltPkn_509': the IDE refused to create its method 'xorn': TwinCAT PLC automation call (ITcSmTreeItem:CreateChild) failed: Creating the child named 'xorn' is not possible on node (Name mismatch)\nPath: 'TIPC^Untitled2^Untitled2 Project^VltPkn_509' (ITcSmTreeIt
METHOD    bool                   REFUSED   [UNSUPPORTED] 'VltPkn_510': the IDE refused to create its method 'bool': TwinCAT PLC automation call (ITcSmTreeItem:CreateChild) failed: Creating the child named 'bool' is not possible on node (Name mismatch)\nPath: 'TIPC^Untitled2^Untitled2 Project^VltPkn_510' (ITcSmTreeIt
METHOD    bit                    REFUSED   [UNSUPPORTED] 'VltPkn_511': the IDE refused to create its method 'bit': TwinCAT PLC automation call (ITcSmTreeItem:CreateChild) failed: Creating the child named 'bit' is not possible on node (Name mismatch)\nPath: 'TIPC^Untitled2^Untitled2 Project^VltPkn_511' (ITcSmTreeItem
METHOD    byte                   REFUSED   [UNSUPPORTED] 'VltPkn_512': the IDE refused to create its method 'byte': TwinCAT PLC automation call (ITcSmTreeItem:CreateChild) failed: Creating the child named 'byte' is not possible on node (Name mismatch)\nPath: 'TIPC^Untitled2^Untitled2 Project^VltPkn_512' (ITcSmTreeIt
METHOD    word                   REFUSED   [UNSUPPORTED] 'VltPkn_513': the IDE refused to create its method 'word': TwinCAT PLC automation call (ITcSmTreeItem:CreateChild) failed: Creating the child named 'word' is not possible on node (Name mismatch)\nPath: 'TIPC^Untitled2^Untitled2 Project^VltPkn_513' (ITcSmTreeIt
METHOD    dword                  REFUSED   [UNSUPPORTED] 'VltPkn_514': the IDE refused to create its method 'dword': TwinCAT PLC automation call (ITcSmTreeItem:CreateChild) failed: Creating the child named 'dword' is not possible on node (Name mismatch)\nPath: 'TIPC^Untitled2^Untitled2 Project^VltPkn_514' (ITcSmTree
METHOD    lword                  REFUSED   [UNSUPPORTED] 'VltPkn_515': the IDE refused to create its method 'lword': TwinCAT PLC automation call (ITcSmTreeItem:CreateChild) failed: Creating the child named 'lword' is not possible on node (Name mismatch)\nPath: 'TIPC^Untitled2^Untitled2 Project^VltPkn_515' (ITcSmTree
METHOD    sint                   REFUSED   [UNSUPPORTED] 'VltPkn_516': the IDE refused to create its method 'sint': TwinCAT PLC automation call (ITcSmTreeItem:CreateChild) failed: Creating the child named 'sint' is not possible on node (Name mismatch)\nPath: 'TIPC^Untitled2^Untitled2 Project^VltPkn_516' (ITcSmTreeIt
METHOD    int                    REFUSED   [UNSUPPORTED] 'VltPkn_517': the IDE refused to create its method 'int': TwinCAT PLC automation call (ITcSmTreeItem:CreateChild) failed: Creating the child named 'int' is not possible on node (Name mismatch)\nPath: 'TIPC^Untitled2^Untitled2 Project^VltPkn_517' (ITcSmTreeItem
METHOD    dint                   REFUSED   [UNSUPPORTED] 'VltPkn_518': the IDE refused to create its method 'dint': TwinCAT PLC automation call (ITcSmTreeItem:CreateChild) failed: Creating the child named 'dint' is not possible on node (Name mismatch)\nPath: 'TIPC^Untitled2^Untitled2 Project^VltPkn_518' (ITcSmTreeIt
METHOD    lint                   REFUSED   [UNSUPPORTED] 'VltPkn_519': the IDE refused to create its method 'lint': TwinCAT PLC automation call (ITcSmTreeItem:CreateChild) failed: Creating the child named 'lint' is not possible on node (Name mismatch)\nPath: 'TIPC^Untitled2^Untitled2 Project^VltPkn_519' (ITcSmTreeIt
METHOD    usint                  REFUSED   [UNSUPPORTED] 'VltPkn_520': the IDE refused to create its method 'usint': TwinCAT PLC automation call (ITcSmTreeItem:CreateChild) failed: Creating the child named 'usint' is not possible on node (Name mismatch)\nPath: 'TIPC^Untitled2^Untitled2 Project^VltPkn_520' (ITcSmTree
METHOD    uint                   REFUSED   [UNSUPPORTED] 'VltPkn_521': the IDE refused to create its method 'uint': TwinCAT PLC automation call (ITcSmTreeItem:CreateChild) failed: Creating the child named 'uint' is not possible on node (Name mismatch)\nPath: 'TIPC^Untitled2^Untitled2 Project^VltPkn_521' (ITcSmTreeIt
METHOD    udint                  REFUSED   [UNSUPPORTED] 'VltPkn_522': the IDE refused to create its method 'udint': TwinCAT PLC automation call (ITcSmTreeItem:CreateChild) failed: Creating the child named 'udint' is not possible on node (Name mismatch)\nPath: 'TIPC^Untitled2^Untitled2 Project^VltPkn_522' (ITcSmTree
METHOD    ulint                  REFUSED   [UNSUPPORTED] 'VltPkn_523': the IDE refused to create its method 'ulint': TwinCAT PLC automation call (ITcSmTreeItem:CreateChild) failed: Creating the child named 'ulint' is not possible on node (Name mismatch)\nPath: 'TIPC^Untitled2^Untitled2 Project^VltPkn_523' (ITcSmTree
METHOD    real                   REFUSED   [UNSUPPORTED] 'VltPkn_524': the IDE refused to create its method 'real': TwinCAT PLC automation call (ITcSmTreeItem:CreateChild) failed: Creating the child named 'real' is not possible on node (Name mismatch)\nPath: 'TIPC^Untitled2^Untitled2 Project^VltPkn_524' (ITcSmTreeIt
METHOD    lreal                  REFUSED   [UNSUPPORTED] 'VltPkn_525': the IDE refused to create its method 'lreal': TwinCAT PLC automation call (ITcSmTreeItem:CreateChild) failed: Creating the child named 'lreal' is not possible on node (Name mismatch)\nPath: 'TIPC^Untitled2^Untitled2 Project^VltPkn_525' (ITcSmTree
METHOD    time                   REFUSED   [UNSUPPORTED] 'VltPkn_526': the IDE refused to create its method 'time': TwinCAT PLC automation call (ITcSmTreeItem:CreateChild) failed: Creating the child named 'time' is not possible on node (Name mismatch)\nPath: 'TIPC^Untitled2^Untitled2 Project^VltPkn_526' (ITcSmTreeIt
METHOD    ltime                  REFUSED   [UNSUPPORTED] 'VltPkn_527': the IDE refused to create its method 'ltime': TwinCAT PLC automation call (ITcSmTreeItem:CreateChild) failed: Creating the child named 'ltime' is not possible on node (Name mismatch)\nPath: 'TIPC^Untitled2^Untitled2 Project^VltPkn_527' (ITcSmTree
METHOD    date                   REFUSED   [UNSUPPORTED] 'VltPkn_528': the IDE refused to create its method 'date': TwinCAT PLC automation call (ITcSmTreeItem:CreateChild) failed: Creating the child named 'date' is not possible on node (Name mismatch)\nPath: 'TIPC^Untitled2^Untitled2 Project^VltPkn_528' (ITcSmTreeIt
METHOD    tod                    REFUSED   [UNSUPPORTED] 'VltPkn_529': the IDE refused to create its method 'tod': TwinCAT PLC automation call (ITcSmTreeItem:CreateChild) failed: Creating the child named 'tod' is not possible on node (Name mismatch)\nPath: 'TIPC^Untitled2^Untitled2 Project^VltPkn_529' (ITcSmTreeItem
METHOD    dt                     REFUSED   [UNSUPPORTED] 'VltPkn_530': the IDE refused to create its method 'dt': TwinCAT PLC automation call (ITcSmTreeItem:CreateChild) failed: Creating the child named 'dt' is not possible on node (Name mismatch)\nPath: 'TIPC^Untitled2^Untitled2 Project^VltPkn_530' (ITcSmTreeItem:C
METHOD    time_of_day            REFUSED   [UNSUPPORTED] 'VltPkn_531': the IDE refused to create its method 'time_of_day': TwinCAT PLC automation call (ITcSmTreeItem:CreateChild) failed: Creating the child named 'time_of_day' is not possible on node (Name mismatch)\nPath: 'TIPC^Untitled2^Untitled2 Project^VltPkn_531
METHOD    date_and_time          REFUSED   [UNSUPPORTED] 'VltPkn_532': the IDE refused to create its method 'date_and_time': TwinCAT PLC automation call (ITcSmTreeItem:CreateChild) failed: Creating the child named 'date_and_time' is not possible on node (Name mismatch)\nPath: 'TIPC^Untitled2^Untitled2 Project^VltPkn
METHOD    __xint                 REFUSED   [UNSUPPORTED] 'VltPkn_533': the IDE refused to create its method '__xint': TwinCAT PLC automation call (ITcSmTreeItem:CreateChild) failed: Creating the child named '__xint' is not possible on node (Name mismatch)\nPath: 'TIPC^Untitled2^Untitled2 Project^VltPkn_533' (ITcSmTr
METHOD    __uxint                REFUSED   [UNSUPPORTED] 'VltPkn_534': the IDE refused to create its method '__uxint': TwinCAT PLC automation call (ITcSmTreeItem:CreateChild) failed: Creating the child named '__uxint' is not possible on node (Name mismatch)\nPath: 'TIPC^Untitled2^Untitled2 Project^VltPkn_534' (ITcSm
METHOD    __xword                REFUSED   [UNSUPPORTED] 'VltPkn_535': the IDE refused to create its method '__xword': TwinCAT PLC automation call (ITcSmTreeItem:CreateChild) failed: Creating the child named '__xword' is not possible on node (Name mismatch)\nPath: 'TIPC^Untitled2^Untitled2 Project^VltPkn_535' (ITcSm
METHOD    int_to_real            REFUSED   [UNSUPPORTED] 'VltPkn_536': the IDE refused to create its method 'int_to_real': TwinCAT PLC automation call (ITcSmTreeItem:CreateChild) failed: Creating the child named 'int_to_real' is not possible on node (Name mismatch)\nPath: 'TIPC^Untitled2^Untitled2 Project^VltPkn_536
METHOD    real_to_int            REFUSED   [UNSUPPORTED] 'VltPkn_537': the IDE refused to create its method 'real_to_int': TwinCAT PLC automation call (ITcSmTreeItem:CreateChild) failed: Creating the child named 'real_to_int' is not possible on node (Name mismatch)\nPath: 'TIPC^Untitled2^Untitled2 Project^VltPkn_537
METHOD    to_int                 REFUSED   [UNSUPPORTED] 'VltPkn_538': the IDE refused to create its method 'to_int': TwinCAT PLC automation call (ITcSmTreeItem:CreateChild) failed: Creating the child named 'to_int' is not possible on node (Name mismatch)\nPath: 'TIPC^Untitled2^Untitled2 Project^VltPkn_538' (ITcSmTr
METHOD    to_real                REFUSED   [UNSUPPORTED] 'VltPkn_539': the IDE refused to create its method 'to_real': TwinCAT PLC automation call (ITcSmTreeItem:CreateChild) failed: Creating the child named 'to_real' is not possible on node (Name mismatch)\nPath: 'TIPC^Untitled2^Untitled2 Project^VltPkn_539' (ITcSm
METHOD    bool_to_int            REFUSED   [UNSUPPORTED] 'VltPkn_540': the IDE refused to create its method 'bool_to_int': TwinCAT PLC automation call (ITcSmTreeItem:CreateChild) failed: Creating the child named 'bool_to_int' is not possible on node (Name mismatch)\nPath: 'TIPC^Untitled2^Untitled2 Project^VltPkn_540
METHOD    any                    REFUSED   [UNSUPPORTED] 'VltPkn_541': the IDE refused to create its method 'any': TwinCAT PLC automation call (ITcSmTreeItem:CreateChild) failed: Creating the child named 'any' is not possible on node (Name mismatch)\nPath: 'TIPC^Untitled2^Untitled2 Project^VltPkn_541' (ITcSmTreeItem
METHOD    any_int                REFUSED   [UNSUPPORTED] 'VltPkn_542': the IDE refused to create its method 'any_int': TwinCAT PLC automation call (ITcSmTreeItem:CreateChild) failed: Creating the child named 'any_int' is not possible on node (Name mismatch)\nPath: 'TIPC^Untitled2^Untitled2 Project^VltPkn_542' (ITcSm
METHOD    any_num                REFUSED   [UNSUPPORTED] 'VltPkn_543': the IDE refused to create its method 'any_num': TwinCAT PLC automation call (ITcSmTreeItem:CreateChild) failed: Creating the child named 'any_num' is not possible on node (Name mismatch)\nPath: 'TIPC^Untitled2^Untitled2 Project^VltPkn_543' (ITcSm
METHOD    any_real               REFUSED   [UNSUPPORTED] 'VltPkn_544': the IDE refused to create its method 'any_real': TwinCAT PLC automation call (ITcSmTreeItem:CreateChild) failed: Creating the child named 'any_real' is not possible on node (Name mismatch)\nPath: 'TIPC^Untitled2^Untitled2 Project^VltPkn_544' (ITc
METHOD    calc                   REFUSED   [UNSUPPORTED] 'VltPkn_545': the IDE refused to create its method 'calc': TwinCAT PLC automation call (ITcSmTreeItem:CreateChild) failed: Creating the child named 'calc' is not possible on node (Name mismatch)\nPath: 'TIPC^Untitled2^Untitled2 Project^VltPkn_545' (ITcSmTreeIt
METHOD    __system               REFUSED   [UNSUPPORTED] 'VltPkn_546': the IDE refused to create its method '__system': TwinCAT PLC automation call (ITcSmTreeItem:CreateChild) failed: Creating the child named '__system' is not possible on node (Name mismatch)\nPath: 'TIPC^Untitled2^Untitled2 Project^VltPkn_546' (ITc
METHOD    to_bool                REFUSED   [UNSUPPORTED] 'VltPkn_547': the IDE refused to create its method 'to_bool': TwinCAT PLC automation call (ITcSmTreeItem:CreateChild) failed: Creating the child named 'to_bool' is not possible on node (Name mismatch)\nPath: 'TIPC^Untitled2^Untitled2 Project^VltPkn_547' (ITcSm
METHOD    to_bit                 REFUSED   [UNSUPPORTED] 'VltPkn_548': the IDE refused to create its method 'to_bit': TwinCAT PLC automation call (ITcSmTreeItem:CreateChild) failed: Creating the child named 'to_bit' is not possible on node (Name mismatch)\nPath: 'TIPC^Untitled2^Untitled2 Project^VltPkn_548' (ITcSmTr
METHOD    to_byte                REFUSED   [UNSUPPORTED] 'VltPkn_549': the IDE refused to create its method 'to_byte': TwinCAT PLC automation call (ITcSmTreeItem:CreateChild) failed: Creating the child named 'to_byte' is not possible on node (Name mismatch)\nPath: 'TIPC^Untitled2^Untitled2 Project^VltPkn_549' (ITcSm
METHOD    to_word                REFUSED   [UNSUPPORTED] 'VltPkn_550': the IDE refused to create its method 'to_word': TwinCAT PLC automation call (ITcSmTreeItem:CreateChild) failed: Creating the child named 'to_word' is not possible on node (Name mismatch)\nPath: 'TIPC^Untitled2^Untitled2 Project^VltPkn_550' (ITcSm
METHOD    to_dword               REFUSED   [UNSUPPORTED] 'VltPkn_551': the IDE refused to create its method 'to_dword': TwinCAT PLC automation call (ITcSmTreeItem:CreateChild) failed: Creating the child named 'to_dword' is not possible on node (Name mismatch)\nPath: 'TIPC^Untitled2^Untitled2 Project^VltPkn_551' (ITc
METHOD    to_lword               REFUSED   [UNSUPPORTED] 'VltPkn_552': the IDE refused to create its method 'to_lword': TwinCAT PLC automation call (ITcSmTreeItem:CreateChild) failed: Creating the child named 'to_lword' is not possible on node (Name mismatch)\nPath: 'TIPC^Untitled2^Untitled2 Project^VltPkn_552' (ITc
METHOD    to_sint                REFUSED   [UNSUPPORTED] 'VltPkn_553': the IDE refused to create its method 'to_sint': TwinCAT PLC automation call (ITcSmTreeItem:CreateChild) failed: Creating the child named 'to_sint' is not possible on node (Name mismatch)\nPath: 'TIPC^Untitled2^Untitled2 Project^VltPkn_553' (ITcSm
METHOD    to_dint                REFUSED   [UNSUPPORTED] 'VltPkn_554': the IDE refused to create its method 'to_dint': TwinCAT PLC automation call (ITcSmTreeItem:CreateChild) failed: Creating the child named 'to_dint' is not possible on node (Name mismatch)\nPath: 'TIPC^Untitled2^Untitled2 Project^VltPkn_554' (ITcSm
METHOD    to_lint                REFUSED   [UNSUPPORTED] 'VltPkn_555': the IDE refused to create its method 'to_lint': TwinCAT PLC automation call (ITcSmTreeItem:CreateChild) failed: Creating the child named 'to_lint' is not possible on node (Name mismatch)\nPath: 'TIPC^Untitled2^Untitled2 Project^VltPkn_555' (ITcSm
METHOD    to_usint               REFUSED   [UNSUPPORTED] 'VltPkn_556': the IDE refused to create its method 'to_usint': TwinCAT PLC automation call (ITcSmTreeItem:CreateChild) failed: Creating the child named 'to_usint' is not possible on node (Name mismatch)\nPath: 'TIPC^Untitled2^Untitled2 Project^VltPkn_556' (ITc
METHOD    to_uint                REFUSED   [UNSUPPORTED] 'VltPkn_557': the IDE refused to create its method 'to_uint': TwinCAT PLC automation call (ITcSmTreeItem:CreateChild) failed: Creating the child named 'to_uint' is not possible on node (Name mismatch)\nPath: 'TIPC^Untitled2^Untitled2 Project^VltPkn_557' (ITcSm
METHOD    to_udint               REFUSED   [UNSUPPORTED] 'VltPkn_558': the IDE refused to create its method 'to_udint': TwinCAT PLC automation call (ITcSmTreeItem:CreateChild) failed: Creating the child named 'to_udint' is not possible on node (Name mismatch)\nPath: 'TIPC^Untitled2^Untitled2 Project^VltPkn_558' (ITc
METHOD    to_ulint               REFUSED   [UNSUPPORTED] 'VltPkn_559': the IDE refused to create its method 'to_ulint': TwinCAT PLC automation call (ITcSmTreeItem:CreateChild) failed: Creating the child named 'to_ulint' is not possible on node (Name mismatch)\nPath: 'TIPC^Untitled2^Untitled2 Project^VltPkn_559' (ITc
METHOD    to_lreal               REFUSED   [UNSUPPORTED] 'VltPkn_560': the IDE refused to create its method 'to_lreal': TwinCAT PLC automation call (ITcSmTreeItem:CreateChild) failed: Creating the child named 'to_lreal' is not possible on node (Name mismatch)\nPath: 'TIPC^Untitled2^Untitled2 Project^VltPkn_560' (ITc
METHOD    to_time                REFUSED   [UNSUPPORTED] 'VltPkn_561': the IDE refused to create its method 'to_time': TwinCAT PLC automation call (ITcSmTreeItem:CreateChild) failed: Creating the child named 'to_time' is not possible on node (Name mismatch)\nPath: 'TIPC^Untitled2^Untitled2 Project^VltPkn_561' (ITcSm
METHOD    to_ltime               REFUSED   [UNSUPPORTED] 'VltPkn_562': the IDE refused to create its method 'to_ltime': TwinCAT PLC automation call (ITcSmTreeItem:CreateChild) failed: Creating the child named 'to_ltime' is not possible on node (Name mismatch)\nPath: 'TIPC^Untitled2^Untitled2 Project^VltPkn_562' (ITc
METHOD    to_date                REFUSED   [UNSUPPORTED] 'VltPkn_563': the IDE refused to create its method 'to_date': TwinCAT PLC automation call (ITcSmTreeItem:CreateChild) failed: Creating the child named 'to_date' is not possible on node (Name mismatch)\nPath: 'TIPC^Untitled2^Untitled2 Project^VltPkn_563' (ITcSm
METHOD    to_tod                 REFUSED   [UNSUPPORTED] 'VltPkn_564': the IDE refused to create its method 'to_tod': TwinCAT PLC automation call (ITcSmTreeItem:CreateChild) failed: Creating the child named 'to_tod' is not possible on node (Name mismatch)\nPath: 'TIPC^Untitled2^Untitled2 Project^VltPkn_564' (ITcSmTr
METHOD    to_dt                  REFUSED   [UNSUPPORTED] 'VltPkn_565': the IDE refused to create its method 'to_dt': TwinCAT PLC automation call (ITcSmTreeItem:CreateChild) failed: Creating the child named 'to_dt' is not possible on node (Name mismatch)\nPath: 'TIPC^Untitled2^Untitled2 Project^VltPkn_565' (ITcSmTree
METHOD    to_ldate               ACCEPTED 
METHOD    to_ltod                ACCEPTED 
METHOD    to_ldt                 ACCEPTED 
METHOD    to_string              REFUSED   [UNSUPPORTED] 'VltPkn_569': the IDE refused to create its method 'to_string': TwinCAT PLC automation call (ITcSmTreeItem:CreateChild) failed: Creating the child named 'to_string' is not possible on node (Name mismatch)\nPath: 'TIPC^Untitled2^Untitled2 Project^VltPkn_569' (I
METHOD    to_wstring             REFUSED   [UNSUPPORTED] 'VltPkn_570': the IDE refused to create its method 'to_wstring': TwinCAT PLC automation call (ITcSmTreeItem:CreateChild) failed: Creating the child named 'to_wstring' is not possible on node (Name mismatch)\nPath: 'TIPC^Untitled2^Untitled2 Project^VltPkn_570' 
METHOD    to_time_of_day         ACCEPTED 
METHOD    to_date_and_time       ACCEPTED 
METHOD    to_ldate_and_time      ACCEPTED 
METHOD    to_ltime_of_day        ACCEPTED 
METHOD    to___xint              REFUSED   [UNSUPPORTED] 'VltPkn_575': the IDE refused to create its method 'to___xint': TwinCAT PLC automation call (ITcSmTreeItem:CreateChild) failed: Creating the child named 'to___xint' is not possible on node (Name mismatch)\nPath: 'TIPC^Untitled2^Untitled2 Project^VltPkn_575' (I
METHOD    to___uxint             REFUSED   [UNSUPPORTED] 'VltPkn_576': the IDE refused to create its method 'to___uxint': TwinCAT PLC automation call (ITcSmTreeItem:CreateChild) failed: Creating the child named 'to___uxint' is not possible on node (Name mismatch)\nPath: 'TIPC^Untitled2^Untitled2 Project^VltPkn_576' 
METHOD    to___xword             REFUSED   [UNSUPPORTED] 'VltPkn_577': the IDE refused to create its method 'to___xword': TwinCAT PLC automation call (ITcSmTreeItem:CreateChild) failed: Creating the child named 'to___xword' is not possible on node (Name mismatch)\nPath: 'TIPC^Untitled2^Untitled2 Project^VltPkn_577' 
METHOD    To_Bool                REFUSED   [UNSUPPORTED] 'VltPkn_578': the IDE refused to create its method 'To_Bool': TwinCAT PLC automation call (ITcSmTreeItem:CreateChild) failed: Creating the child named 'To_Bool' is not possible on node (Name mismatch)\nPath: 'TIPC^Untitled2^Untitled2 Project^VltPkn_578' (ITcSm
METHOD    To_Bit                 REFUSED   [UNSUPPORTED] 'VltPkn_579': the IDE refused to create its method 'To_Bit': TwinCAT PLC automation call (ITcSmTreeItem:CreateChild) failed: Creating the child named 'To_Bit' is not possible on node (Name mismatch)\nPath: 'TIPC^Untitled2^Untitled2 Project^VltPkn_579' (ITcSmTr
METHOD    To_Byte                REFUSED   [UNSUPPORTED] 'VltPkn_580': the IDE refused to create its method 'To_Byte': TwinCAT PLC automation call (ITcSmTreeItem:CreateChild) failed: Creating the child named 'To_Byte' is not possible on node (Name mismatch)\nPath: 'TIPC^Untitled2^Untitled2 Project^VltPkn_580' (ITcSm
METHOD    To_Word                REFUSED   [UNSUPPORTED] 'VltPkn_581': the IDE refused to create its method 'To_Word': TwinCAT PLC automation call (ITcSmTreeItem:CreateChild) failed: Creating the child named 'To_Word' is not possible on node (Name mismatch)\nPath: 'TIPC^Untitled2^Untitled2 Project^VltPkn_581' (ITcSm
METHOD    To_Dword               REFUSED   [UNSUPPORTED] 'VltPkn_582': the IDE refused to create its method 'To_Dword': TwinCAT PLC automation call (ITcSmTreeItem:CreateChild) failed: Creating the child named 'To_Dword' is not possible on node (Name mismatch)\nPath: 'TIPC^Untitled2^Untitled2 Project^VltPkn_582' (ITc
METHOD    To_Lword               REFUSED   [UNSUPPORTED] 'VltPkn_583': the IDE refused to create its method 'To_Lword': TwinCAT PLC automation call (ITcSmTreeItem:CreateChild) failed: Creating the child named 'To_Lword' is not possible on node (Name mismatch)\nPath: 'TIPC^Untitled2^Untitled2 Project^VltPkn_583' (ITc
METHOD    To_Sint                REFUSED   [UNSUPPORTED] 'VltPkn_584': the IDE refused to create its method 'To_Sint': TwinCAT PLC automation call (ITcSmTreeItem:CreateChild) failed: Creating the child named 'To_Sint' is not possible on node (Name mismatch)\nPath: 'TIPC^Untitled2^Untitled2 Project^VltPkn_584' (ITcSm
METHOD    To_Int                 REFUSED   [UNSUPPORTED] 'VltPkn_585': the IDE refused to create its method 'To_Int': TwinCAT PLC automation call (ITcSmTreeItem:CreateChild) failed: Creating the child named 'To_Int' is not possible on node (Name mismatch)\nPath: 'TIPC^Untitled2^Untitled2 Project^VltPkn_585' (ITcSmTr
METHOD    To_Dint                REFUSED   [UNSUPPORTED] 'VltPkn_586': the IDE refused to create its method 'To_Dint': TwinCAT PLC automation call (ITcSmTreeItem:CreateChild) failed: Creating the child named 'To_Dint' is not possible on node (Name mismatch)\nPath: 'TIPC^Untitled2^Untitled2 Project^VltPkn_586' (ITcSm
METHOD    To_Lint                REFUSED   [UNSUPPORTED] 'VltPkn_587': the IDE refused to create its method 'To_Lint': TwinCAT PLC automation call (ITcSmTreeItem:CreateChild) failed: Creating the child named 'To_Lint' is not possible on node (Name mismatch)\nPath: 'TIPC^Untitled2^Untitled2 Project^VltPkn_587' (ITcSm
METHOD    To_Usint               REFUSED   [UNSUPPORTED] 'VltPkn_588': the IDE refused to create its method 'To_Usint': TwinCAT PLC automation call (ITcSmTreeItem:CreateChild) failed: Creating the child named 'To_Usint' is not possible on node (Name mismatch)\nPath: 'TIPC^Untitled2^Untitled2 Project^VltPkn_588' (ITc
METHOD    To_Uint                REFUSED   [UNSUPPORTED] 'VltPkn_589': the IDE refused to create its method 'To_Uint': TwinCAT PLC automation call (ITcSmTreeItem:CreateChild) failed: Creating the child named 'To_Uint' is not possible on node (Name mismatch)\nPath: 'TIPC^Untitled2^Untitled2 Project^VltPkn_589' (ITcSm
METHOD    To_Udint               REFUSED   [UNSUPPORTED] 'VltPkn_590': the IDE refused to create its method 'To_Udint': TwinCAT PLC automation call (ITcSmTreeItem:CreateChild) failed: Creating the child named 'To_Udint' is not possible on node (Name mismatch)\nPath: 'TIPC^Untitled2^Untitled2 Project^VltPkn_590' (ITc
METHOD    To_Ulint               REFUSED   [UNSUPPORTED] 'VltPkn_591': the IDE refused to create its method 'To_Ulint': TwinCAT PLC automation call (ITcSmTreeItem:CreateChild) failed: Creating the child named 'To_Ulint' is not possible on node (Name mismatch)\nPath: 'TIPC^Untitled2^Untitled2 Project^VltPkn_591' (ITc
METHOD    To_Real                REFUSED   [UNSUPPORTED] 'VltPkn_592': the IDE refused to create its method 'To_Real': TwinCAT PLC automation call (ITcSmTreeItem:CreateChild) failed: Creating the child named 'To_Real' is not possible on node (Name mismatch)\nPath: 'TIPC^Untitled2^Untitled2 Project^VltPkn_592' (ITcSm
METHOD    To_Lreal               REFUSED   [UNSUPPORTED] 'VltPkn_593': the IDE refused to create its method 'To_Lreal': TwinCAT PLC automation call (ITcSmTreeItem:CreateChild) failed: Creating the child named 'To_Lreal' is not possible on node (Name mismatch)\nPath: 'TIPC^Untitled2^Untitled2 Project^VltPkn_593' (ITc
METHOD    To_Time                REFUSED   [UNSUPPORTED] 'VltPkn_594': the IDE refused to create its method 'To_Time': TwinCAT PLC automation call (ITcSmTreeItem:CreateChild) failed: Creating the child named 'To_Time' is not possible on node (Name mismatch)\nPath: 'TIPC^Untitled2^Untitled2 Project^VltPkn_594' (ITcSm
METHOD    To_Ltime               REFUSED   [UNSUPPORTED] 'VltPkn_595': the IDE refused to create its method 'To_Ltime': TwinCAT PLC automation call (ITcSmTreeItem:CreateChild) failed: Creating the child named 'To_Ltime' is not possible on node (Name mismatch)\nPath: 'TIPC^Untitled2^Untitled2 Project^VltPkn_595' (ITc
METHOD    To_Date                REFUSED   [UNSUPPORTED] 'VltPkn_596': the IDE refused to create its method 'To_Date': TwinCAT PLC automation call (ITcSmTreeItem:CreateChild) failed: Creating the child named 'To_Date' is not possible on node (Name mismatch)\nPath: 'TIPC^Untitled2^Untitled2 Project^VltPkn_596' (ITcSm
METHOD    To_Tod                 REFUSED   [UNSUPPORTED] 'VltPkn_597': the IDE refused to create its method 'To_Tod': TwinCAT PLC automation call (ITcSmTreeItem:CreateChild) failed: Creating the child named 'To_Tod' is not possible on node (Name mismatch)\nPath: 'TIPC^Untitled2^Untitled2 Project^VltPkn_597' (ITcSmTr
METHOD    To_Dt                  REFUSED   [UNSUPPORTED] 'VltPkn_598': the IDE refused to create its method 'To_Dt': TwinCAT PLC automation call (ITcSmTreeItem:CreateChild) failed: Creating the child named 'To_Dt' is not possible on node (Name mismatch)\nPath: 'TIPC^Untitled2^Untitled2 Project^VltPkn_598' (ITcSmTree
METHOD    To_Ldate               ACCEPTED 
METHOD    To_Ltod                ACCEPTED 
METHOD    To_Ldt                 ACCEPTED 
METHOD    To_String              REFUSED   [UNSUPPORTED] 'VltPkn_602': the IDE refused to create its method 'To_String': TwinCAT PLC automation call (ITcSmTreeItem:CreateChild) failed: Creating the child named 'To_String' is not possible on node (Name mismatch)\nPath: 'TIPC^Untitled2^Untitled2 Project^VltPkn_602' (I
METHOD    To_Wstring             REFUSED   [UNSUPPORTED] 'VltPkn_603': the IDE refused to create its method 'To_Wstring': TwinCAT PLC automation call (ITcSmTreeItem:CreateChild) failed: Creating the child named 'To_Wstring' is not possible on node (Name mismatch)\nPath: 'TIPC^Untitled2^Untitled2 Project^VltPkn_603' 
METHOD    To_Time_of_day         ACCEPTED 
METHOD    To_Date_and_time       ACCEPTED 
METHOD    To_Ldate_and_time      ACCEPTED 
METHOD    To_Ltime_of_day        ACCEPTED 
METHOD    To___xint              REFUSED   [UNSUPPORTED] 'VltPkn_608': the IDE refused to create its method 'To___xint': TwinCAT PLC automation call (ITcSmTreeItem:CreateChild) failed: Creating the child named 'To___xint' is not possible on node (Name mismatch)\nPath: 'TIPC^Untitled2^Untitled2 Project^VltPkn_608' (I
METHOD    To___uxint             REFUSED   [UNSUPPORTED] 'VltPkn_609': the IDE refused to create its method 'To___uxint': TwinCAT PLC automation call (ITcSmTreeItem:CreateChild) failed: Creating the child named 'To___uxint' is not possible on node (Name mismatch)\nPath: 'TIPC^Untitled2^Untitled2 Project^VltPkn_609' 
METHOD    To___xword             REFUSED   [UNSUPPORTED] 'VltPkn_610': the IDE refused to create its method 'To___xword': TwinCAT PLC automation call (ITcSmTreeItem:CreateChild) failed: Creating the child named 'To___xword' is not possible on node (Name mismatch)\nPath: 'TIPC^Untitled2^Untitled2 Project^VltPkn_610' 
METHOD    int_to_bool            REFUSED   [UNSUPPORTED] 'VltPkn_611': the IDE refused to create its method 'int_to_bool': TwinCAT PLC automation call (ITcSmTreeItem:CreateChild) failed: Creating the child named 'int_to_bool' is not possible on node (Name mismatch)\nPath: 'TIPC^Untitled2^Untitled2 Project^VltPkn_611
METHOD    Int_To_Bool            REFUSED   [UNSUPPORTED] 'VltPkn_612': the IDE refused to create its method 'Int_To_Bool': TwinCAT PLC automation call (ITcSmTreeItem:CreateChild) failed: Creating the child named 'Int_To_Bool' is not possible on node (Name mismatch)\nPath: 'TIPC^Untitled2^Untitled2 Project^VltPkn_612
METHOD    Bool_To_Int            REFUSED   [UNSUPPORTED] 'VltPkn_613': the IDE refused to create its method 'Bool_To_Int': TwinCAT PLC automation call (ITcSmTreeItem:CreateChild) failed: Creating the child named 'Bool_To_Int' is not possible on node (Name mismatch)\nPath: 'TIPC^Untitled2^Untitled2 Project^VltPkn_613
METHOD    int_to_bit             REFUSED   [UNSUPPORTED] 'VltPkn_614': the IDE refused to create its method 'int_to_bit': TwinCAT PLC automation call (ITcSmTreeItem:CreateChild) failed: Creating the child named 'int_to_bit' is not possible on node (Name mismatch)\nPath: 'TIPC^Untitled2^Untitled2 Project^VltPkn_614' 
METHOD    bit_to_int             REFUSED   [UNSUPPORTED] 'VltPkn_615': the IDE refused to create its method 'bit_to_int': TwinCAT PLC automation call (ITcSmTreeItem:CreateChild) failed: Creating the child named 'bit_to_int' is not possible on node (Name mismatch)\nPath: 'TIPC^Untitled2^Untitled2 Project^VltPkn_615' 
METHOD    Int_To_Bit             REFUSED   [UNSUPPORTED] 'VltPkn_616': the IDE refused to create its method 'Int_To_Bit': TwinCAT PLC automation call (ITcSmTreeItem:CreateChild) failed: Creating the child named 'Int_To_Bit' is not possible on node (Name mismatch)\nPath: 'TIPC^Untitled2^Untitled2 Project^VltPkn_616' 
METHOD    Bit_To_Int             REFUSED   [UNSUPPORTED] 'VltPkn_617': the IDE refused to create its method 'Bit_To_Int': TwinCAT PLC automation call (ITcSmTreeItem:CreateChild) failed: Creating the child named 'Bit_To_Int' is not possible on node (Name mismatch)\nPath: 'TIPC^Untitled2^Untitled2 Project^VltPkn_617' 
METHOD    int_to_byte            REFUSED   [UNSUPPORTED] 'VltPkn_618': the IDE refused to create its method 'int_to_byte': TwinCAT PLC automation call (ITcSmTreeItem:CreateChild) failed: Creating the child named 'int_to_byte' is not possible on node (Name mismatch)\nPath: 'TIPC^Untitled2^Untitled2 Project^VltPkn_618
METHOD    byte_to_int            REFUSED   [UNSUPPORTED] 'VltPkn_619': the IDE refused to create its method 'byte_to_int': TwinCAT PLC automation call (ITcSmTreeItem:CreateChild) failed: Creating the child named 'byte_to_int' is not possible on node (Name mismatch)\nPath: 'TIPC^Untitled2^Untitled2 Project^VltPkn_619
METHOD    Int_To_Byte            REFUSED   [UNSUPPORTED] 'VltPkn_620': the IDE refused to create its method 'Int_To_Byte': TwinCAT PLC automation call (ITcSmTreeItem:CreateChild) failed: Creating the child named 'Int_To_Byte' is not possible on node (Name mismatch)\nPath: 'TIPC^Untitled2^Untitled2 Project^VltPkn_620
METHOD    Byte_To_Int            REFUSED   [UNSUPPORTED] 'VltPkn_621': the IDE refused to create its method 'Byte_To_Int': TwinCAT PLC automation call (ITcSmTreeItem:CreateChild) failed: Creating the child named 'Byte_To_Int' is not possible on node (Name mismatch)\nPath: 'TIPC^Untitled2^Untitled2 Project^VltPkn_621
METHOD    int_to_word            REFUSED   [UNSUPPORTED] 'VltPkn_622': the IDE refused to create its method 'int_to_word': TwinCAT PLC automation call (ITcSmTreeItem:CreateChild) failed: Creating the child named 'int_to_word' is not possible on node (Name mismatch)\nPath: 'TIPC^Untitled2^Untitled2 Project^VltPkn_622
METHOD    word_to_int            REFUSED   [UNSUPPORTED] 'VltPkn_623': the IDE refused to create its method 'word_to_int': TwinCAT PLC automation call (ITcSmTreeItem:CreateChild) failed: Creating the child named 'word_to_int' is not possible on node (Name mismatch)\nPath: 'TIPC^Untitled2^Untitled2 Project^VltPkn_623
METHOD    Int_To_Word            REFUSED   [UNSUPPORTED] 'VltPkn_624': the IDE refused to create its method 'Int_To_Word': TwinCAT PLC automation call (ITcSmTreeItem:CreateChild) failed: Creating the child named 'Int_To_Word' is not possible on node (Name mismatch)\nPath: 'TIPC^Untitled2^Untitled2 Project^VltPkn_624
METHOD    Word_To_Int            REFUSED   [UNSUPPORTED] 'VltPkn_625': the IDE refused to create its method 'Word_To_Int': TwinCAT PLC automation call (ITcSmTreeItem:CreateChild) failed: Creating the child named 'Word_To_Int' is not possible on node (Name mismatch)\nPath: 'TIPC^Untitled2^Untitled2 Project^VltPkn_625
METHOD    int_to_dword           REFUSED   [UNSUPPORTED] 'VltPkn_626': the IDE refused to create its method 'int_to_dword': TwinCAT PLC automation call (ITcSmTreeItem:CreateChild) failed: Creating the child named 'int_to_dword' is not possible on node (Name mismatch)\nPath: 'TIPC^Untitled2^Untitled2 Project^VltPkn_6
METHOD    dword_to_int           REFUSED   [UNSUPPORTED] 'VltPkn_627': the IDE refused to create its method 'dword_to_int': TwinCAT PLC automation call (ITcSmTreeItem:CreateChild) failed: Creating the child named 'dword_to_int' is not possible on node (Name mismatch)\nPath: 'TIPC^Untitled2^Untitled2 Project^VltPkn_6
METHOD    Int_To_Dword           REFUSED   [UNSUPPORTED] 'VltPkn_628': the IDE refused to create its method 'Int_To_Dword': TwinCAT PLC automation call (ITcSmTreeItem:CreateChild) failed: Creating the child named 'Int_To_Dword' is not possible on node (Name mismatch)\nPath: 'TIPC^Untitled2^Untitled2 Project^VltPkn_6
METHOD    Dword_To_Int           REFUSED   [UNSUPPORTED] 'VltPkn_629': the IDE refused to create its method 'Dword_To_Int': TwinCAT PLC automation call (ITcSmTreeItem:CreateChild) failed: Creating the child named 'Dword_To_Int' is not possible on node (Name mismatch)\nPath: 'TIPC^Untitled2^Untitled2 Project^VltPkn_6
METHOD    int_to_lword           REFUSED   [UNSUPPORTED] 'VltPkn_630': the IDE refused to create its method 'int_to_lword': TwinCAT PLC automation call (ITcSmTreeItem:CreateChild) failed: Creating the child named 'int_to_lword' is not possible on node (Name mismatch)\nPath: 'TIPC^Untitled2^Untitled2 Project^VltPkn_6
METHOD    lword_to_int           REFUSED   [UNSUPPORTED] 'VltPkn_631': the IDE refused to create its method 'lword_to_int': TwinCAT PLC automation call (ITcSmTreeItem:CreateChild) failed: Creating the child named 'lword_to_int' is not possible on node (Name mismatch)\nPath: 'TIPC^Untitled2^Untitled2 Project^VltPkn_6
METHOD    Int_To_Lword           REFUSED   [UNSUPPORTED] 'VltPkn_632': the IDE refused to create its method 'Int_To_Lword': TwinCAT PLC automation call (ITcSmTreeItem:CreateChild) failed: Creating the child named 'Int_To_Lword' is not possible on node (Name mismatch)\nPath: 'TIPC^Untitled2^Untitled2 Project^VltPkn_6
METHOD    Lword_To_Int           REFUSED   [UNSUPPORTED] 'VltPkn_633': the IDE refused to create its method 'Lword_To_Int': TwinCAT PLC automation call (ITcSmTreeItem:CreateChild) failed: Creating the child named 'Lword_To_Int' is not possible on node (Name mismatch)\nPath: 'TIPC^Untitled2^Untitled2 Project^VltPkn_6
METHOD    int_to_sint            REFUSED   [UNSUPPORTED] 'VltPkn_634': the IDE refused to create its method 'int_to_sint': TwinCAT PLC automation call (ITcSmTreeItem:CreateChild) failed: Creating the child named 'int_to_sint' is not possible on node (Name mismatch)\nPath: 'TIPC^Untitled2^Untitled2 Project^VltPkn_634
METHOD    sint_to_int            REFUSED   [UNSUPPORTED] 'VltPkn_635': the IDE refused to create its method 'sint_to_int': TwinCAT PLC automation call (ITcSmTreeItem:CreateChild) failed: Creating the child named 'sint_to_int' is not possible on node (Name mismatch)\nPath: 'TIPC^Untitled2^Untitled2 Project^VltPkn_635
METHOD    Int_To_Sint            REFUSED   [UNSUPPORTED] 'VltPkn_636': the IDE refused to create its method 'Int_To_Sint': TwinCAT PLC automation call (ITcSmTreeItem:CreateChild) failed: Creating the child named 'Int_To_Sint' is not possible on node (Name mismatch)\nPath: 'TIPC^Untitled2^Untitled2 Project^VltPkn_636
METHOD    Sint_To_Int            REFUSED   [UNSUPPORTED] 'VltPkn_637': the IDE refused to create its method 'Sint_To_Int': TwinCAT PLC automation call (ITcSmTreeItem:CreateChild) failed: Creating the child named 'Sint_To_Int' is not possible on node (Name mismatch)\nPath: 'TIPC^Untitled2^Untitled2 Project^VltPkn_637
METHOD    int_to_dint            REFUSED   [UNSUPPORTED] 'VltPkn_638': the IDE refused to create its method 'int_to_dint': TwinCAT PLC automation call (ITcSmTreeItem:CreateChild) failed: Creating the child named 'int_to_dint' is not possible on node (Name mismatch)\nPath: 'TIPC^Untitled2^Untitled2 Project^VltPkn_638
METHOD    dint_to_int            REFUSED   [UNSUPPORTED] 'VltPkn_639': the IDE refused to create its method 'dint_to_int': TwinCAT PLC automation call (ITcSmTreeItem:CreateChild) failed: Creating the child named 'dint_to_int' is not possible on node (Name mismatch)\nPath: 'TIPC^Untitled2^Untitled2 Project^VltPkn_639
METHOD    Int_To_Dint            REFUSED   [UNSUPPORTED] 'VltPkn_640': the IDE refused to create its method 'Int_To_Dint': TwinCAT PLC automation call (ITcSmTreeItem:CreateChild) failed: Creating the child named 'Int_To_Dint' is not possible on node (Name mismatch)\nPath: 'TIPC^Untitled2^Untitled2 Project^VltPkn_640
METHOD    Dint_To_Int            REFUSED   [UNSUPPORTED] 'VltPkn_641': the IDE refused to create its method 'Dint_To_Int': TwinCAT PLC automation call (ITcSmTreeItem:CreateChild) failed: Creating the child named 'Dint_To_Int' is not possible on node (Name mismatch)\nPath: 'TIPC^Untitled2^Untitled2 Project^VltPkn_641
METHOD    int_to_lint            REFUSED   [UNSUPPORTED] 'VltPkn_642': the IDE refused to create its method 'int_to_lint': TwinCAT PLC automation call (ITcSmTreeItem:CreateChild) failed: Creating the child named 'int_to_lint' is not possible on node (Name mismatch)\nPath: 'TIPC^Untitled2^Untitled2 Project^VltPkn_642
METHOD    lint_to_int            REFUSED   [UNSUPPORTED] 'VltPkn_643': the IDE refused to create its method 'lint_to_int': TwinCAT PLC automation call (ITcSmTreeItem:CreateChild) failed: Creating the child named 'lint_to_int' is not possible on node (Name mismatch)\nPath: 'TIPC^Untitled2^Untitled2 Project^VltPkn_643
METHOD    Int_To_Lint            REFUSED   [UNSUPPORTED] 'VltPkn_644': the IDE refused to create its method 'Int_To_Lint': TwinCAT PLC automation call (ITcSmTreeItem:CreateChild) failed: Creating the child named 'Int_To_Lint' is not possible on node (Name mismatch)\nPath: 'TIPC^Untitled2^Untitled2 Project^VltPkn_644
METHOD    Lint_To_Int            REFUSED   [UNSUPPORTED] 'VltPkn_645': the IDE refused to create its method 'Lint_To_Int': TwinCAT PLC automation call (ITcSmTreeItem:CreateChild) failed: Creating the child named 'Lint_To_Int' is not possible on node (Name mismatch)\nPath: 'TIPC^Untitled2^Untitled2 Project^VltPkn_645
METHOD    int_to_usint           REFUSED   [UNSUPPORTED] 'VltPkn_646': the IDE refused to create its method 'int_to_usint': TwinCAT PLC automation call (ITcSmTreeItem:CreateChild) failed: Creating the child named 'int_to_usint' is not possible on node (Name mismatch)\nPath: 'TIPC^Untitled2^Untitled2 Project^VltPkn_6
METHOD    usint_to_int           REFUSED   [UNSUPPORTED] 'VltPkn_647': the IDE refused to create its method 'usint_to_int': TwinCAT PLC automation call (ITcSmTreeItem:CreateChild) failed: Creating the child named 'usint_to_int' is not possible on node (Name mismatch)\nPath: 'TIPC^Untitled2^Untitled2 Project^VltPkn_6
METHOD    Int_To_Usint           REFUSED   [UNSUPPORTED] 'VltPkn_648': the IDE refused to create its method 'Int_To_Usint': TwinCAT PLC automation call (ITcSmTreeItem:CreateChild) failed: Creating the child named 'Int_To_Usint' is not possible on node (Name mismatch)\nPath: 'TIPC^Untitled2^Untitled2 Project^VltPkn_6
METHOD    Usint_To_Int           REFUSED   [UNSUPPORTED] 'VltPkn_649': the IDE refused to create its method 'Usint_To_Int': TwinCAT PLC automation call (ITcSmTreeItem:CreateChild) failed: Creating the child named 'Usint_To_Int' is not possible on node (Name mismatch)\nPath: 'TIPC^Untitled2^Untitled2 Project^VltPkn_6
METHOD    int_to_uint            REFUSED   [UNSUPPORTED] 'VltPkn_650': the IDE refused to create its method 'int_to_uint': TwinCAT PLC automation call (ITcSmTreeItem:CreateChild) failed: Creating the child named 'int_to_uint' is not possible on node (Name mismatch)\nPath: 'TIPC^Untitled2^Untitled2 Project^VltPkn_650
METHOD    uint_to_int            REFUSED   [UNSUPPORTED] 'VltPkn_651': the IDE refused to create its method 'uint_to_int': TwinCAT PLC automation call (ITcSmTreeItem:CreateChild) failed: Creating the child named 'uint_to_int' is not possible on node (Name mismatch)\nPath: 'TIPC^Untitled2^Untitled2 Project^VltPkn_651
METHOD    Int_To_Uint            REFUSED   [UNSUPPORTED] 'VltPkn_652': the IDE refused to create its method 'Int_To_Uint': TwinCAT PLC automation call (ITcSmTreeItem:CreateChild) failed: Creating the child named 'Int_To_Uint' is not possible on node (Name mismatch)\nPath: 'TIPC^Untitled2^Untitled2 Project^VltPkn_652
METHOD    Uint_To_Int            REFUSED   [UNSUPPORTED] 'VltPkn_653': the IDE refused to create its method 'Uint_To_Int': TwinCAT PLC automation call (ITcSmTreeItem:CreateChild) failed: Creating the child named 'Uint_To_Int' is not possible on node (Name mismatch)\nPath: 'TIPC^Untitled2^Untitled2 Project^VltPkn_653
METHOD    int_to_udint           REFUSED   [UNSUPPORTED] 'VltPkn_654': the IDE refused to create its method 'int_to_udint': TwinCAT PLC automation call (ITcSmTreeItem:CreateChild) failed: Creating the child named 'int_to_udint' is not possible on node (Name mismatch)\nPath: 'TIPC^Untitled2^Untitled2 Project^VltPkn_6
METHOD    udint_to_int           REFUSED   [UNSUPPORTED] 'VltPkn_655': the IDE refused to create its method 'udint_to_int': TwinCAT PLC automation call (ITcSmTreeItem:CreateChild) failed: Creating the child named 'udint_to_int' is not possible on node (Name mismatch)\nPath: 'TIPC^Untitled2^Untitled2 Project^VltPkn_6
METHOD    Int_To_Udint           REFUSED   [UNSUPPORTED] 'VltPkn_656': the IDE refused to create its method 'Int_To_Udint': TwinCAT PLC automation call (ITcSmTreeItem:CreateChild) failed: Creating the child named 'Int_To_Udint' is not possible on node (Name mismatch)\nPath: 'TIPC^Untitled2^Untitled2 Project^VltPkn_6
METHOD    Udint_To_Int           REFUSED   [UNSUPPORTED] 'VltPkn_657': the IDE refused to create its method 'Udint_To_Int': TwinCAT PLC automation call (ITcSmTreeItem:CreateChild) failed: Creating the child named 'Udint_To_Int' is not possible on node (Name mismatch)\nPath: 'TIPC^Untitled2^Untitled2 Project^VltPkn_6
METHOD    int_to_ulint           REFUSED   [UNSUPPORTED] 'VltPkn_658': the IDE refused to create its method 'int_to_ulint': TwinCAT PLC automation call (ITcSmTreeItem:CreateChild) failed: Creating the child named 'int_to_ulint' is not possible on node (Name mismatch)\nPath: 'TIPC^Untitled2^Untitled2 Project^VltPkn_6
METHOD    ulint_to_int           REFUSED   [UNSUPPORTED] 'VltPkn_659': the IDE refused to create its method 'ulint_to_int': TwinCAT PLC automation call (ITcSmTreeItem:CreateChild) failed: Creating the child named 'ulint_to_int' is not possible on node (Name mismatch)\nPath: 'TIPC^Untitled2^Untitled2 Project^VltPkn_6
METHOD    Int_To_Ulint           REFUSED   [UNSUPPORTED] 'VltPkn_660': the IDE refused to create its method 'Int_To_Ulint': TwinCAT PLC automation call (ITcSmTreeItem:CreateChild) failed: Creating the child named 'Int_To_Ulint' is not possible on node (Name mismatch)\nPath: 'TIPC^Untitled2^Untitled2 Project^VltPkn_6
METHOD    Ulint_To_Int           REFUSED   [UNSUPPORTED] 'VltPkn_661': the IDE refused to create its method 'Ulint_To_Int': TwinCAT PLC automation call (ITcSmTreeItem:CreateChild) failed: Creating the child named 'Ulint_To_Int' is not possible on node (Name mismatch)\nPath: 'TIPC^Untitled2^Untitled2 Project^VltPkn_6
METHOD    Int_To_Real            REFUSED   [UNSUPPORTED] 'VltPkn_662': the IDE refused to create its method 'Int_To_Real': TwinCAT PLC automation call (ITcSmTreeItem:CreateChild) failed: Creating the child named 'Int_To_Real' is not possible on node (Name mismatch)\nPath: 'TIPC^Untitled2^Untitled2 Project^VltPkn_662
METHOD    Real_To_Int            REFUSED   [UNSUPPORTED] 'VltPkn_663': the IDE refused to create its method 'Real_To_Int': TwinCAT PLC automation call (ITcSmTreeItem:CreateChild) failed: Creating the child named 'Real_To_Int' is not possible on node (Name mismatch)\nPath: 'TIPC^Untitled2^Untitled2 Project^VltPkn_663
METHOD    int_to_lreal           REFUSED   [UNSUPPORTED] 'VltPkn_664': the IDE refused to create its method 'int_to_lreal': TwinCAT PLC automation call (ITcSmTreeItem:CreateChild) failed: Creating the child named 'int_to_lreal' is not possible on node (Name mismatch)\nPath: 'TIPC^Untitled2^Untitled2 Project^VltPkn_6
METHOD    lreal_to_int           REFUSED   [UNSUPPORTED] 'VltPkn_665': the IDE refused to create its method 'lreal_to_int': TwinCAT PLC automation call (ITcSmTreeItem:CreateChild) failed: Creating the child named 'lreal_to_int' is not possible on node (Name mismatch)\nPath: 'TIPC^Untitled2^Untitled2 Project^VltPkn_6
METHOD    Int_To_Lreal           REFUSED   [UNSUPPORTED] 'VltPkn_666': the IDE refused to create its method 'Int_To_Lreal': TwinCAT PLC automation call (ITcSmTreeItem:CreateChild) failed: Creating the child named 'Int_To_Lreal' is not possible on node (Name mismatch)\nPath: 'TIPC^Untitled2^Untitled2 Project^VltPkn_6
METHOD    Lreal_To_Int           REFUSED   [UNSUPPORTED] 'VltPkn_667': the IDE refused to create its method 'Lreal_To_Int': TwinCAT PLC automation call (ITcSmTreeItem:CreateChild) failed: Creating the child named 'Lreal_To_Int' is not possible on node (Name mismatch)\nPath: 'TIPC^Untitled2^Untitled2 Project^VltPkn_6
METHOD    int_to_time            REFUSED   [UNSUPPORTED] 'VltPkn_668': the IDE refused to create its method 'int_to_time': TwinCAT PLC automation call (ITcSmTreeItem:CreateChild) failed: Creating the child named 'int_to_time' is not possible on node (Name mismatch)\nPath: 'TIPC^Untitled2^Untitled2 Project^VltPkn_668
METHOD    time_to_int            REFUSED   [UNSUPPORTED] 'VltPkn_669': the IDE refused to create its method 'time_to_int': TwinCAT PLC automation call (ITcSmTreeItem:CreateChild) failed: Creating the child named 'time_to_int' is not possible on node (Name mismatch)\nPath: 'TIPC^Untitled2^Untitled2 Project^VltPkn_669
METHOD    Int_To_Time            REFUSED   [UNSUPPORTED] 'VltPkn_670': the IDE refused to create its method 'Int_To_Time': TwinCAT PLC automation call (ITcSmTreeItem:CreateChild) failed: Creating the child named 'Int_To_Time' is not possible on node (Name mismatch)\nPath: 'TIPC^Untitled2^Untitled2 Project^VltPkn_670
METHOD    Time_To_Int            REFUSED   [UNSUPPORTED] 'VltPkn_671': the IDE refused to create its method 'Time_To_Int': TwinCAT PLC automation call (ITcSmTreeItem:CreateChild) failed: Creating the child named 'Time_To_Int' is not possible on node (Name mismatch)\nPath: 'TIPC^Untitled2^Untitled2 Project^VltPkn_671
METHOD    int_to_ltime           REFUSED   [UNSUPPORTED] 'VltPkn_672': the IDE refused to create its method 'int_to_ltime': TwinCAT PLC automation call (ITcSmTreeItem:CreateChild) failed: Creating the child named 'int_to_ltime' is not possible on node (Name mismatch)\nPath: 'TIPC^Untitled2^Untitled2 Project^VltPkn_6
METHOD    ltime_to_int           REFUSED   [UNSUPPORTED] 'VltPkn_673': the IDE refused to create its method 'ltime_to_int': TwinCAT PLC automation call (ITcSmTreeItem:CreateChild) failed: Creating the child named 'ltime_to_int' is not possible on node (Name mismatch)\nPath: 'TIPC^Untitled2^Untitled2 Project^VltPkn_6
METHOD    Int_To_Ltime           REFUSED   [UNSUPPORTED] 'VltPkn_674': the IDE refused to create its method 'Int_To_Ltime': TwinCAT PLC automation call (ITcSmTreeItem:CreateChild) failed: Creating the child named 'Int_To_Ltime' is not possible on node (Name mismatch)\nPath: 'TIPC^Untitled2^Untitled2 Project^VltPkn_6
METHOD    Ltime_To_Int           REFUSED   [UNSUPPORTED] 'VltPkn_675': the IDE refused to create its method 'Ltime_To_Int': TwinCAT PLC automation call (ITcSmTreeItem:CreateChild) failed: Creating the child named 'Ltime_To_Int' is not possible on node (Name mismatch)\nPath: 'TIPC^Untitled2^Untitled2 Project^VltPkn_6
METHOD    int_to_date            REFUSED   [UNSUPPORTED] 'VltPkn_676': the IDE refused to create its method 'int_to_date': TwinCAT PLC automation call (ITcSmTreeItem:CreateChild) failed: Creating the child named 'int_to_date' is not possible on node (Name mismatch)\nPath: 'TIPC^Untitled2^Untitled2 Project^VltPkn_676
METHOD    date_to_int            REFUSED   [UNSUPPORTED] 'VltPkn_677': the IDE refused to create its method 'date_to_int': TwinCAT PLC automation call (ITcSmTreeItem:CreateChild) failed: Creating the child named 'date_to_int' is not possible on node (Name mismatch)\nPath: 'TIPC^Untitled2^Untitled2 Project^VltPkn_677
METHOD    Int_To_Date            REFUSED   [UNSUPPORTED] 'VltPkn_678': the IDE refused to create its method 'Int_To_Date': TwinCAT PLC automation call (ITcSmTreeItem:CreateChild) failed: Creating the child named 'Int_To_Date' is not possible on node (Name mismatch)\nPath: 'TIPC^Untitled2^Untitled2 Project^VltPkn_678
METHOD    Date_To_Int            REFUSED   [UNSUPPORTED] 'VltPkn_679': the IDE refused to create its method 'Date_To_Int': TwinCAT PLC automation call (ITcSmTreeItem:CreateChild) failed: Creating the child named 'Date_To_Int' is not possible on node (Name mismatch)\nPath: 'TIPC^Untitled2^Untitled2 Project^VltPkn_679
METHOD    int_to_tod             REFUSED   [UNSUPPORTED] 'VltPkn_680': the IDE refused to create its method 'int_to_tod': TwinCAT PLC automation call (ITcSmTreeItem:CreateChild) failed: Creating the child named 'int_to_tod' is not possible on node (Name mismatch)\nPath: 'TIPC^Untitled2^Untitled2 Project^VltPkn_680' 
METHOD    tod_to_int             REFUSED   [UNSUPPORTED] 'VltPkn_681': the IDE refused to create its method 'tod_to_int': TwinCAT PLC automation call (ITcSmTreeItem:CreateChild) failed: Creating the child named 'tod_to_int' is not possible on node (Name mismatch)\nPath: 'TIPC^Untitled2^Untitled2 Project^VltPkn_681' 
METHOD    Int_To_Tod             REFUSED   [UNSUPPORTED] 'VltPkn_682': the IDE refused to create its method 'Int_To_Tod': TwinCAT PLC automation call (ITcSmTreeItem:CreateChild) failed: Creating the child named 'Int_To_Tod' is not possible on node (Name mismatch)\nPath: 'TIPC^Untitled2^Untitled2 Project^VltPkn_682' 
METHOD    Tod_To_Int             REFUSED   [UNSUPPORTED] 'VltPkn_683': the IDE refused to create its method 'Tod_To_Int': TwinCAT PLC automation call (ITcSmTreeItem:CreateChild) failed: Creating the child named 'Tod_To_Int' is not possible on node (Name mismatch)\nPath: 'TIPC^Untitled2^Untitled2 Project^VltPkn_683' 
METHOD    int_to_dt              REFUSED   [UNSUPPORTED] 'VltPkn_684': the IDE refused to create its method 'int_to_dt': TwinCAT PLC automation call (ITcSmTreeItem:CreateChild) failed: Creating the child named 'int_to_dt' is not possible on node (Name mismatch)\nPath: 'TIPC^Untitled2^Untitled2 Project^VltPkn_684' (I
METHOD    dt_to_int              REFUSED   [UNSUPPORTED] 'VltPkn_685': the IDE refused to create its method 'dt_to_int': TwinCAT PLC automation call (ITcSmTreeItem:CreateChild) failed: Creating the child named 'dt_to_int' is not possible on node (Name mismatch)\nPath: 'TIPC^Untitled2^Untitled2 Project^VltPkn_685' (I
METHOD    Int_To_Dt              REFUSED   [UNSUPPORTED] 'VltPkn_686': the IDE refused to create its method 'Int_To_Dt': TwinCAT PLC automation call (ITcSmTreeItem:CreateChild) failed: Creating the child named 'Int_To_Dt' is not possible on node (Name mismatch)\nPath: 'TIPC^Untitled2^Untitled2 Project^VltPkn_686' (I
METHOD    Dt_To_Int              REFUSED   [UNSUPPORTED] 'VltPkn_687': the IDE refused to create its method 'Dt_To_Int': TwinCAT PLC automation call (ITcSmTreeItem:CreateChild) failed: Creating the child named 'Dt_To_Int' is not possible on node (Name mismatch)\nPath: 'TIPC^Untitled2^Untitled2 Project^VltPkn_687' (I
METHOD    int_to_ldate           ACCEPTED 
METHOD    ldate_to_int           ACCEPTED 
METHOD    Int_To_Ldate           ACCEPTED 
METHOD    Ldate_To_Int           ACCEPTED 
METHOD    int_to_ltod            ACCEPTED 
METHOD    ltod_to_int            ACCEPTED 
METHOD    Int_To_Ltod            ACCEPTED 
METHOD    Ltod_To_Int            ACCEPTED 
METHOD    int_to_ldt             ACCEPTED 
METHOD    ldt_to_int             ACCEPTED 
METHOD    Int_To_Ldt             ACCEPTED 
METHOD    Ldt_To_Int             ACCEPTED 
METHOD    int_to_string          REFUSED   [UNSUPPORTED] 'VltPkn_700': the IDE refused to create its method 'int_to_string': TwinCAT PLC automation call (ITcSmTreeItem:CreateChild) failed: Creating the child named 'int_to_string' is not possible on node (Name mismatch)\nPath: 'TIPC^Untitled2^Untitled2 Project^VltPkn
METHOD    string_to_int          REFUSED   [UNSUPPORTED] 'VltPkn_701': the IDE refused to create its method 'string_to_int': TwinCAT PLC automation call (ITcSmTreeItem:CreateChild) failed: Creating the child named 'string_to_int' is not possible on node (Name mismatch)\nPath: 'TIPC^Untitled2^Untitled2 Project^VltPkn
METHOD    Int_To_String          REFUSED   [UNSUPPORTED] 'VltPkn_702': the IDE refused to create its method 'Int_To_String': TwinCAT PLC automation call (ITcSmTreeItem:CreateChild) failed: Creating the child named 'Int_To_String' is not possible on node (Name mismatch)\nPath: 'TIPC^Untitled2^Untitled2 Project^VltPkn
METHOD    String_To_Int          REFUSED   [UNSUPPORTED] 'VltPkn_703': the IDE refused to create its method 'String_To_Int': TwinCAT PLC automation call (ITcSmTreeItem:CreateChild) failed: Creating the child named 'String_To_Int' is not possible on node (Name mismatch)\nPath: 'TIPC^Untitled2^Untitled2 Project^VltPkn
METHOD    int_to_wstring         REFUSED   [UNSUPPORTED] 'VltPkn_704': the IDE refused to create its method 'int_to_wstring': TwinCAT PLC automation call (ITcSmTreeItem:CreateChild) failed: Creating the child named 'int_to_wstring' is not possible on node (Name mismatch)\nPath: 'TIPC^Untitled2^Untitled2 Project^VltP
METHOD    wstring_to_int         REFUSED   [UNSUPPORTED] 'VltPkn_705': the IDE refused to create its method 'wstring_to_int': TwinCAT PLC automation call (ITcSmTreeItem:CreateChild) failed: Creating the child named 'wstring_to_int' is not possible on node (Name mismatch)\nPath: 'TIPC^Untitled2^Untitled2 Project^VltP
METHOD    Int_To_Wstring         REFUSED   [UNSUPPORTED] 'VltPkn_706': the IDE refused to create its method 'Int_To_Wstring': TwinCAT PLC automation call (ITcSmTreeItem:CreateChild) failed: Creating the child named 'Int_To_Wstring' is not possible on node (Name mismatch)\nPath: 'TIPC^Untitled2^Untitled2 Project^VltP
METHOD    Wstring_To_Int         REFUSED   [UNSUPPORTED] 'VltPkn_707': the IDE refused to create its method 'Wstring_To_Int': TwinCAT PLC automation call (ITcSmTreeItem:CreateChild) failed: Creating the child named 'Wstring_To_Int' is not possible on node (Name mismatch)\nPath: 'TIPC^Untitled2^Untitled2 Project^VltP
METHOD    int_to_time_of_day     ACCEPTED 
METHOD    time_of_day_to_int     ACCEPTED 
METHOD    Int_To_Time_of_day     ACCEPTED 
METHOD    Time_of_day_To_Int     ACCEPTED 
METHOD    int_to_date_and_time   ACCEPTED 
METHOD    date_and_time_to_int   ACCEPTED 
METHOD    Int_To_Date_and_time   ACCEPTED 
METHOD    Date_and_time_To_Int   ACCEPTED 
METHOD    int_to_ldate_and_time  ACCEPTED 
METHOD    ldate_and_time_to_int  ACCEPTED 
METHOD    Int_To_Ldate_and_time  ACCEPTED 
METHOD    Ldate_and_time_To_Int  ACCEPTED 
METHOD    int_to_ltime_of_day    ACCEPTED 
METHOD    ltime_of_day_to_int    ACCEPTED 
METHOD    Int_To_Ltime_of_day    ACCEPTED 
METHOD    Ltime_of_day_To_Int    ACCEPTED 
METHOD    int_to___xint          REFUSED   [UNSUPPORTED] 'VltPkn_724': the IDE refused to create its method 'int_to___xint': TwinCAT PLC automation call (ITcSmTreeItem:CreateChild) failed: Creating the child named 'int_to___xint' is not possible on node (Name mismatch)\nPath: 'TIPC^Untitled2^Untitled2 Project^VltPkn
METHOD    __xint_to_int          REFUSED   [UNSUPPORTED] 'VltPkn_725': the IDE refused to create its method '__xint_to_int': TwinCAT PLC automation call (ITcSmTreeItem:CreateChild) failed: Creating the child named '__xint_to_int' is not possible on node (Name mismatch)\nPath: 'TIPC^Untitled2^Untitled2 Project^VltPkn
METHOD    Int_To___xint          REFUSED   [UNSUPPORTED] 'VltPkn_726': the IDE refused to create its method 'Int_To___xint': TwinCAT PLC automation call (ITcSmTreeItem:CreateChild) failed: Creating the child named 'Int_To___xint' is not possible on node (Name mismatch)\nPath: 'TIPC^Untitled2^Untitled2 Project^VltPkn
METHOD    __xint_To_Int          REFUSED   [UNSUPPORTED] 'VltPkn_727': the IDE refused to create its method '__xint_To_Int': TwinCAT PLC automation call (ITcSmTreeItem:CreateChild) failed: Creating the child named '__xint_To_Int' is not possible on node (Name mismatch)\nPath: 'TIPC^Untitled2^Untitled2 Project^VltPkn
METHOD    int_to___uxint         REFUSED   [UNSUPPORTED] 'VltPkn_728': the IDE refused to create its method 'int_to___uxint': TwinCAT PLC automation call (ITcSmTreeItem:CreateChild) failed: Creating the child named 'int_to___uxint' is not possible on node (Name mismatch)\nPath: 'TIPC^Untitled2^Untitled2 Project^VltP
METHOD    __uxint_to_int         REFUSED   [UNSUPPORTED] 'VltPkn_729': the IDE refused to create its method '__uxint_to_int': TwinCAT PLC automation call (ITcSmTreeItem:CreateChild) failed: Creating the child named '__uxint_to_int' is not possible on node (Name mismatch)\nPath: 'TIPC^Untitled2^Untitled2 Project^VltP
METHOD    Int_To___uxint         REFUSED   [UNSUPPORTED] 'VltPkn_730': the IDE refused to create its method 'Int_To___uxint': TwinCAT PLC automation call (ITcSmTreeItem:CreateChild) failed: Creating the child named 'Int_To___uxint' is not possible on node (Name mismatch)\nPath: 'TIPC^Untitled2^Untitled2 Project^VltP
METHOD    __uxint_To_Int         REFUSED   [UNSUPPORTED] 'VltPkn_731': the IDE refused to create its method '__uxint_To_Int': TwinCAT PLC automation call (ITcSmTreeItem:CreateChild) failed: Creating the child named '__uxint_To_Int' is not possible on node (Name mismatch)\nPath: 'TIPC^Untitled2^Untitled2 Project^VltP
METHOD    int_to___xword         REFUSED   [UNSUPPORTED] 'VltPkn_732': the IDE refused to create its method 'int_to___xword': TwinCAT PLC automation call (ITcSmTreeItem:CreateChild) failed: Creating the child named 'int_to___xword' is not possible on node (Name mismatch)\nPath: 'TIPC^Untitled2^Untitled2 Project^VltP
METHOD    __xword_to_int         REFUSED   [UNSUPPORTED] 'VltPkn_733': the IDE refused to create its method '__xword_to_int': TwinCAT PLC automation call (ITcSmTreeItem:CreateChild) failed: Creating the child named '__xword_to_int' is not possible on node (Name mismatch)\nPath: 'TIPC^Untitled2^Untitled2 Project^VltP
METHOD    Int_To___xword         REFUSED   [UNSUPPORTED] 'VltPkn_734': the IDE refused to create its method 'Int_To___xword': TwinCAT PLC automation call (ITcSmTreeItem:CreateChild) failed: Creating the child named 'Int_To___xword' is not possible on node (Name mismatch)\nPath: 'TIPC^Untitled2^Untitled2 Project^VltP
METHOD    __xword_To_Int         REFUSED   [UNSUPPORTED] 'VltPkn_735': the IDE refused to create its method '__xword_To_Int': TwinCAT PLC automation call (ITcSmTreeItem:CreateChild) failed: Creating the child named '__xword_To_Int' is not possible on node (Name mismatch)\nPath: 'TIPC^Untitled2^Untitled2 Project^VltP

== 2. context: the FB's own variable, the FB's own name, an existing project POU ==
METHOD    x (FB var)             ACCEPTED 
METHOD    VltPkn_736 (own FB)    ACCEPTED 
METHOD    VltFixtureMembers (project) ACCEPTED 

== summary (METHOD) ==
ACCEPTED (70): BOOL_TO_BOOL BIT_TO_BIT BYTE_TO_BYTE WORD_TO_WORD DWORD_TO_DWORD LWORD_TO_LWORD SINT_TO_SINT INT_TO_INT DINT_TO_DINT LINT_TO_LINT USINT_TO_USINT UINT_TO_UINT UDINT_TO_UDINT ULINT_TO_ULINT REAL_TO_REAL LREAL_TO_LREAL TIME_TO_TIME LTIME_TO_LTIME DATE_TO_DATE LDATE_TO_LDATE LTOD_TO_LTOD LDT_TO_LDT STRING_TO_STRING WSTRING_TO_WSTRING TIME_OF_DAY_TO_TIME_OF_DAY DATE_AND_TIME_TO_DATE_AND_TIME LDATE_AND_TIME_TO_LDATE_AND_TIME LTIME_OF_DAY_TO_LTIME_OF_DAY to_ldate to_ltod to_ldt to_time_of_day to_date_and_time to_ldate_and_time to_ltime_of_day To_Ldate To_Ltod To_Ldt To_Time_of_day To_Date_and_time To_Ldate_and_time To_Ltime_of_day int_to_ldate ldate_to_int Int_To_Ldate Ldate_To_Int int_to_ltod ltod_to_int Int_To_Ltod Ltod_To_Int int_to_ldt ldt_to_int Int_To_Ldt Ldt_To_Int int_to_time_of_day time_of_day_to_int Int_To_Time_of_day Time_of_day_To_Int int_to_date_and_time date_and_time_to_int Int_To_Date_and_time Date_and_time_To_Int int_to_ldate_and_time ldate_and_time_to_int Int_To_Ldate_and_time Ldate_and_time_To_Int int_to_ltime_of_day ltime_of_day_to_int Int_To_Ltime_of_day Ltime_of_day_To_Int
REFUSED UNSUPPORTED (342): TOD_TO_TOD DT_TO_DT __XINT_TO___XINT __UXINT_TO___UXINT __XWORD_TO___XWORD function_block end_function_block program end_program function end_function method action end_action property interface type end_type struct end_struct union end_union var var_input var_output var_in_out var_temp var_stat var_inst var_external var_global var_config var_access end_var constant retain persistent private protected internal final abstract read_only read_write extends implements array of reference pointer to at string wstring if then elsif else end_if case end_case for by do end_for while end_while repeat until end_repeat return exit continue jmp and and_then or or_else not xor mod div true false add sub mul shl shr rol ror sel mux min max limit gt lt ge le eq ne abs sqrt ln exp expt cos tan asin acos atan adr bitadr move indexof sizeof trunc trunc_int ini cal __new __delete __isvalidref __queryinterface __querypointer __try __catch __finally __endtry __varinfo __currenttask __position __pouname __compare_and_swap __xadd __pool test_and_set __vector params this super from r s ld ldn st stn ret retc retcn jmpc jmpcn calcn andn orn xorn bool bit byte word dword lword sint int dint lint usint uint udint ulint real lreal time ltime date tod dt time_of_day date_and_time __xint __uxint __xword int_to_real real_to_int to_int to_real bool_to_int any any_int any_num any_real calc __system to_bool to_bit to_byte to_word to_dword to_lword to_sint to_dint to_lint to_usint to_uint to_udint to_ulint to_lreal to_time to_ltime to_date to_tod to_dt to_string to_wstring to___xint to___uxint to___xword To_Bool To_Bit To_Byte To_Word To_Dword To_Lword To_Sint To_Int To_Dint To_Lint To_Usint To_Uint To_Udint To_Ulint To_Real To_Lreal To_Time To_Ltime To_Date To_Tod To_Dt To_String To_Wstring To___xint To___uxint To___xword int_to_bool Int_To_Bool Bool_To_Int int_to_bit bit_to_int Int_To_Bit Bit_To_Int int_to_byte byte_to_int Int_To_Byte Byte_To_Int int_to_word word_to_int Int_To_Word Word_To_Int int_to_dword dword_to_int Int_To_Dword Dword_To_Int int_to_lword lword_to_int Int_To_Lword Lword_To_Int int_to_sint sint_to_int Int_To_Sint Sint_To_Int int_to_dint dint_to_int Int_To_Dint Dint_To_Int int_to_lint lint_to_int Int_To_Lint Lint_To_Int int_to_usint usint_to_int Int_To_Usint Usint_To_Int int_to_uint uint_to_int Int_To_Uint Uint_To_Int int_to_udint udint_to_int Int_To_Udint Udint_To_Int int_to_ulint ulint_to_int Int_To_Ulint Ulint_To_Int Int_To_Real Real_To_Int int_to_lreal lreal_to_int Int_To_Lreal Lreal_To_Int int_to_time time_to_int Int_To_Time Time_To_Int int_to_ltime ltime_to_int Int_To_Ltime Ltime_To_Int int_to_date date_to_int Int_To_Date Date_To_Int int_to_tod tod_to_int Int_To_Tod Tod_To_Int int_to_dt dt_to_int Int_To_Dt Dt_To_Int int_to_string string_to_int Int_To_String String_To_Int int_to_wstring wstring_to_int Int_To_Wstring Wstring_To_Int int_to___xint __xint_to_int Int_To___xint __xint_To_Int int_to___uxint __uxint_to_int Int_To___uxint __uxint_To_Int int_to___xword __xword_to_int Int_To___xword __xword_To_Int
elapsed 1200 s
