pipe volt.bridge.twincat.33724 · 2026-10-03T03:03:11.230Z · 1201 words

== 1. METHOD <word> on a new FB ==
METHOD    BOOL_TO_BIT            REFUSED   [UNSUPPORTED] 'VltPkn_1': the IDE refused to create its method 'BOOL_TO_BIT': TwinCAT PLC automation call (ITcSmTreeItem:CreateChild) failed: Creating the child named 'BOOL_TO_BIT' is not possible on node (Name mismatch)\nPath: 'TIPC^Untitled1^Untitled1 Project^VltPkn_1' (I
METHOD    BOOL_TO_BYTE           REFUSED   [UNSUPPORTED] 'VltPkn_2': the IDE refused to create its method 'BOOL_TO_BYTE': TwinCAT PLC automation call (ITcSmTreeItem:CreateChild) failed: Creating the child named 'BOOL_TO_BYTE' is not possible on node (Name mismatch)\nPath: 'TIPC^Untitled1^Untitled1 Project^VltPkn_2' 
METHOD    BOOL_TO_WORD           REFUSED   [UNSUPPORTED] 'VltPkn_3': the IDE refused to create its method 'BOOL_TO_WORD': TwinCAT PLC automation call (ITcSmTreeItem:CreateChild) failed: Creating the child named 'BOOL_TO_WORD' is not possible on node (Name mismatch)\nPath: 'TIPC^Untitled1^Untitled1 Project^VltPkn_3' 
METHOD    BOOL_TO_DWORD          REFUSED   [UNSUPPORTED] 'VltPkn_4': the IDE refused to create its method 'BOOL_TO_DWORD': TwinCAT PLC automation call (ITcSmTreeItem:CreateChild) failed: Creating the child named 'BOOL_TO_DWORD' is not possible on node (Name mismatch)\nPath: 'TIPC^Untitled1^Untitled1 Project^VltPkn_4
METHOD    BOOL_TO_LWORD          REFUSED   [UNSUPPORTED] 'VltPkn_5': the IDE refused to create its method 'BOOL_TO_LWORD': TwinCAT PLC automation call (ITcSmTreeItem:CreateChild) failed: Creating the child named 'BOOL_TO_LWORD' is not possible on node (Name mismatch)\nPath: 'TIPC^Untitled1^Untitled1 Project^VltPkn_5
METHOD    BOOL_TO_SINT           REFUSED   [UNSUPPORTED] 'VltPkn_6': the IDE refused to create its method 'BOOL_TO_SINT': TwinCAT PLC automation call (ITcSmTreeItem:CreateChild) failed: Creating the child named 'BOOL_TO_SINT' is not possible on node (Name mismatch)\nPath: 'TIPC^Untitled1^Untitled1 Project^VltPkn_6' 
METHOD    BOOL_TO_INT            REFUSED   [UNSUPPORTED] 'VltPkn_7': the IDE refused to create its method 'BOOL_TO_INT': TwinCAT PLC automation call (ITcSmTreeItem:CreateChild) failed: Creating the child named 'BOOL_TO_INT' is not possible on node (Name mismatch)\nPath: 'TIPC^Untitled1^Untitled1 Project^VltPkn_7' (I
METHOD    BOOL_TO_DINT           REFUSED   [UNSUPPORTED] 'VltPkn_8': the IDE refused to create its method 'BOOL_TO_DINT': TwinCAT PLC automation call (ITcSmTreeItem:CreateChild) failed: Creating the child named 'BOOL_TO_DINT' is not possible on node (Name mismatch)\nPath: 'TIPC^Untitled1^Untitled1 Project^VltPkn_8' 
METHOD    BOOL_TO_LINT           REFUSED   [UNSUPPORTED] 'VltPkn_9': the IDE refused to create its method 'BOOL_TO_LINT': TwinCAT PLC automation call (ITcSmTreeItem:CreateChild) failed: Creating the child named 'BOOL_TO_LINT' is not possible on node (Name mismatch)\nPath: 'TIPC^Untitled1^Untitled1 Project^VltPkn_9' 
METHOD    BOOL_TO_USINT          REFUSED   [UNSUPPORTED] 'VltPkn_10': the IDE refused to create its method 'BOOL_TO_USINT': TwinCAT PLC automation call (ITcSmTreeItem:CreateChild) failed: Creating the child named 'BOOL_TO_USINT' is not possible on node (Name mismatch)\nPath: 'TIPC^Untitled1^Untitled1 Project^VltPkn_
METHOD    BOOL_TO_UINT           REFUSED   [UNSUPPORTED] 'VltPkn_11': the IDE refused to create its method 'BOOL_TO_UINT': TwinCAT PLC automation call (ITcSmTreeItem:CreateChild) failed: Creating the child named 'BOOL_TO_UINT' is not possible on node (Name mismatch)\nPath: 'TIPC^Untitled1^Untitled1 Project^VltPkn_11
METHOD    BOOL_TO_UDINT          REFUSED   [UNSUPPORTED] 'VltPkn_12': the IDE refused to create its method 'BOOL_TO_UDINT': TwinCAT PLC automation call (ITcSmTreeItem:CreateChild) failed: Creating the child named 'BOOL_TO_UDINT' is not possible on node (Name mismatch)\nPath: 'TIPC^Untitled1^Untitled1 Project^VltPkn_
METHOD    BOOL_TO_ULINT          REFUSED   [UNSUPPORTED] 'VltPkn_13': the IDE refused to create its method 'BOOL_TO_ULINT': TwinCAT PLC automation call (ITcSmTreeItem:CreateChild) failed: Creating the child named 'BOOL_TO_ULINT' is not possible on node (Name mismatch)\nPath: 'TIPC^Untitled1^Untitled1 Project^VltPkn_
METHOD    BOOL_TO_REAL           REFUSED   [UNSUPPORTED] 'VltPkn_14': the IDE refused to create its method 'BOOL_TO_REAL': TwinCAT PLC automation call (ITcSmTreeItem:CreateChild) failed: Creating the child named 'BOOL_TO_REAL' is not possible on node (Name mismatch)\nPath: 'TIPC^Untitled1^Untitled1 Project^VltPkn_14
METHOD    BOOL_TO_LREAL          REFUSED   [UNSUPPORTED] 'VltPkn_15': the IDE refused to create its method 'BOOL_TO_LREAL': TwinCAT PLC automation call (ITcSmTreeItem:CreateChild) failed: Creating the child named 'BOOL_TO_LREAL' is not possible on node (Name mismatch)\nPath: 'TIPC^Untitled1^Untitled1 Project^VltPkn_
METHOD    BOOL_TO_TIME           REFUSED   [UNSUPPORTED] 'VltPkn_16': the IDE refused to create its method 'BOOL_TO_TIME': TwinCAT PLC automation call (ITcSmTreeItem:CreateChild) failed: Creating the child named 'BOOL_TO_TIME' is not possible on node (Name mismatch)\nPath: 'TIPC^Untitled1^Untitled1 Project^VltPkn_16
METHOD    BOOL_TO_LTIME          REFUSED   [UNSUPPORTED] 'VltPkn_17': the IDE refused to create its method 'BOOL_TO_LTIME': TwinCAT PLC automation call (ITcSmTreeItem:CreateChild) failed: Creating the child named 'BOOL_TO_LTIME' is not possible on node (Name mismatch)\nPath: 'TIPC^Untitled1^Untitled1 Project^VltPkn_
METHOD    BOOL_TO_DATE           REFUSED   [UNSUPPORTED] 'VltPkn_18': the IDE refused to create its method 'BOOL_TO_DATE': TwinCAT PLC automation call (ITcSmTreeItem:CreateChild) failed: Creating the child named 'BOOL_TO_DATE' is not possible on node (Name mismatch)\nPath: 'TIPC^Untitled1^Untitled1 Project^VltPkn_18
METHOD    BOOL_TO_TOD            REFUSED   [UNSUPPORTED] 'VltPkn_19': the IDE refused to create its method 'BOOL_TO_TOD': TwinCAT PLC automation call (ITcSmTreeItem:CreateChild) failed: Creating the child named 'BOOL_TO_TOD' is not possible on node (Name mismatch)\nPath: 'TIPC^Untitled1^Untitled1 Project^VltPkn_19' 
METHOD    BOOL_TO_DT             REFUSED   [UNSUPPORTED] 'VltPkn_20': the IDE refused to create its method 'BOOL_TO_DT': TwinCAT PLC automation call (ITcSmTreeItem:CreateChild) failed: Creating the child named 'BOOL_TO_DT' is not possible on node (Name mismatch)\nPath: 'TIPC^Untitled1^Untitled1 Project^VltPkn_20' (I
METHOD    BOOL_TO_LDATE          ACCEPTED 
METHOD    BOOL_TO_LTOD           ACCEPTED 
METHOD    BOOL_TO_LDT            ACCEPTED 
METHOD    BOOL_TO_STRING         REFUSED   [UNSUPPORTED] 'VltPkn_24': the IDE refused to create its method 'BOOL_TO_STRING': TwinCAT PLC automation call (ITcSmTreeItem:CreateChild) failed: Creating the child named 'BOOL_TO_STRING' is not possible on node (Name mismatch)\nPath: 'TIPC^Untitled1^Untitled1 Project^VltPk
METHOD    BOOL_TO_WSTRING        REFUSED   [UNSUPPORTED] 'VltPkn_25': the IDE refused to create its method 'BOOL_TO_WSTRING': TwinCAT PLC automation call (ITcSmTreeItem:CreateChild) failed: Creating the child named 'BOOL_TO_WSTRING' is not possible on node (Name mismatch)\nPath: 'TIPC^Untitled1^Untitled1 Project^Vlt
METHOD    BOOL_TO_TIME_OF_DAY    ACCEPTED 
METHOD    BOOL_TO_DATE_AND_TIME  ACCEPTED 
METHOD    BOOL_TO_LDATE_AND_TIME ACCEPTED 
METHOD    BOOL_TO_LTIME_OF_DAY   ACCEPTED 
METHOD    BOOL_TO___XINT         REFUSED   [UNSUPPORTED] 'VltPkn_30': the IDE refused to create its method 'BOOL_TO___XINT': TwinCAT PLC automation call (ITcSmTreeItem:CreateChild) failed: Creating the child named 'BOOL_TO___XINT' is not possible on node (Name mismatch)\nPath: 'TIPC^Untitled1^Untitled1 Project^VltPk
METHOD    BOOL_TO___UXINT        REFUSED   [UNSUPPORTED] 'VltPkn_31': the IDE refused to create its method 'BOOL_TO___UXINT': TwinCAT PLC automation call (ITcSmTreeItem:CreateChild) failed: Creating the child named 'BOOL_TO___UXINT' is not possible on node (Name mismatch)\nPath: 'TIPC^Untitled1^Untitled1 Project^Vlt
METHOD    BOOL_TO___XWORD        REFUSED   [UNSUPPORTED] 'VltPkn_32': the IDE refused to create its method 'BOOL_TO___XWORD': TwinCAT PLC automation call (ITcSmTreeItem:CreateChild) failed: Creating the child named 'BOOL_TO___XWORD' is not possible on node (Name mismatch)\nPath: 'TIPC^Untitled1^Untitled1 Project^Vlt
METHOD    BIT_TO_BOOL            REFUSED   [UNSUPPORTED] 'VltPkn_33': the IDE refused to create its method 'BIT_TO_BOOL': TwinCAT PLC automation call (ITcSmTreeItem:CreateChild) failed: Creating the child named 'BIT_TO_BOOL' is not possible on node (Name mismatch)\nPath: 'TIPC^Untitled1^Untitled1 Project^VltPkn_33' 
METHOD    BIT_TO_BYTE            REFUSED   [UNSUPPORTED] 'VltPkn_34': the IDE refused to create its method 'BIT_TO_BYTE': TwinCAT PLC automation call (ITcSmTreeItem:CreateChild) failed: Creating the child named 'BIT_TO_BYTE' is not possible on node (Name mismatch)\nPath: 'TIPC^Untitled1^Untitled1 Project^VltPkn_34' 
METHOD    BIT_TO_WORD            REFUSED   [UNSUPPORTED] 'VltPkn_35': the IDE refused to create its method 'BIT_TO_WORD': TwinCAT PLC automation call (ITcSmTreeItem:CreateChild) failed: Creating the child named 'BIT_TO_WORD' is not possible on node (Name mismatch)\nPath: 'TIPC^Untitled1^Untitled1 Project^VltPkn_35' 
METHOD    BIT_TO_DWORD           REFUSED   [UNSUPPORTED] 'VltPkn_36': the IDE refused to create its method 'BIT_TO_DWORD': TwinCAT PLC automation call (ITcSmTreeItem:CreateChild) failed: Creating the child named 'BIT_TO_DWORD' is not possible on node (Name mismatch)\nPath: 'TIPC^Untitled1^Untitled1 Project^VltPkn_36
METHOD    BIT_TO_LWORD           REFUSED   [UNSUPPORTED] 'VltPkn_37': the IDE refused to create its method 'BIT_TO_LWORD': TwinCAT PLC automation call (ITcSmTreeItem:CreateChild) failed: Creating the child named 'BIT_TO_LWORD' is not possible on node (Name mismatch)\nPath: 'TIPC^Untitled1^Untitled1 Project^VltPkn_37
METHOD    BIT_TO_SINT            REFUSED   [UNSUPPORTED] 'VltPkn_38': the IDE refused to create its method 'BIT_TO_SINT': TwinCAT PLC automation call (ITcSmTreeItem:CreateChild) failed: Creating the child named 'BIT_TO_SINT' is not possible on node (Name mismatch)\nPath: 'TIPC^Untitled1^Untitled1 Project^VltPkn_38' 
METHOD    BIT_TO_INT             REFUSED   [UNSUPPORTED] 'VltPkn_39': the IDE refused to create its method 'BIT_TO_INT': TwinCAT PLC automation call (ITcSmTreeItem:CreateChild) failed: Creating the child named 'BIT_TO_INT' is not possible on node (Name mismatch)\nPath: 'TIPC^Untitled1^Untitled1 Project^VltPkn_39' (I
METHOD    BIT_TO_DINT            REFUSED   [UNSUPPORTED] 'VltPkn_40': the IDE refused to create its method 'BIT_TO_DINT': TwinCAT PLC automation call (ITcSmTreeItem:CreateChild) failed: Creating the child named 'BIT_TO_DINT' is not possible on node (Name mismatch)\nPath: 'TIPC^Untitled1^Untitled1 Project^VltPkn_40' 
METHOD    BIT_TO_LINT            REFUSED   [UNSUPPORTED] 'VltPkn_41': the IDE refused to create its method 'BIT_TO_LINT': TwinCAT PLC automation call (ITcSmTreeItem:CreateChild) failed: Creating the child named 'BIT_TO_LINT' is not possible on node (Name mismatch)\nPath: 'TIPC^Untitled1^Untitled1 Project^VltPkn_41' 
METHOD    BIT_TO_USINT           REFUSED   [UNSUPPORTED] 'VltPkn_42': the IDE refused to create its method 'BIT_TO_USINT': TwinCAT PLC automation call (ITcSmTreeItem:CreateChild) failed: Creating the child named 'BIT_TO_USINT' is not possible on node (Name mismatch)\nPath: 'TIPC^Untitled1^Untitled1 Project^VltPkn_42
METHOD    BIT_TO_UINT            REFUSED   [UNSUPPORTED] 'VltPkn_43': the IDE refused to create its method 'BIT_TO_UINT': TwinCAT PLC automation call (ITcSmTreeItem:CreateChild) failed: Creating the child named 'BIT_TO_UINT' is not possible on node (Name mismatch)\nPath: 'TIPC^Untitled1^Untitled1 Project^VltPkn_43' 
METHOD    BIT_TO_UDINT           REFUSED   [UNSUPPORTED] 'VltPkn_44': the IDE refused to create its method 'BIT_TO_UDINT': TwinCAT PLC automation call (ITcSmTreeItem:CreateChild) failed: Creating the child named 'BIT_TO_UDINT' is not possible on node (Name mismatch)\nPath: 'TIPC^Untitled1^Untitled1 Project^VltPkn_44
METHOD    BIT_TO_ULINT           REFUSED   [UNSUPPORTED] 'VltPkn_45': the IDE refused to create its method 'BIT_TO_ULINT': TwinCAT PLC automation call (ITcSmTreeItem:CreateChild) failed: Creating the child named 'BIT_TO_ULINT' is not possible on node (Name mismatch)\nPath: 'TIPC^Untitled1^Untitled1 Project^VltPkn_45
METHOD    BIT_TO_REAL            REFUSED   [UNSUPPORTED] 'VltPkn_46': the IDE refused to create its method 'BIT_TO_REAL': TwinCAT PLC automation call (ITcSmTreeItem:CreateChild) failed: Creating the child named 'BIT_TO_REAL' is not possible on node (Name mismatch)\nPath: 'TIPC^Untitled1^Untitled1 Project^VltPkn_46' 
METHOD    BIT_TO_LREAL           REFUSED   [UNSUPPORTED] 'VltPkn_47': the IDE refused to create its method 'BIT_TO_LREAL': TwinCAT PLC automation call (ITcSmTreeItem:CreateChild) failed: Creating the child named 'BIT_TO_LREAL' is not possible on node (Name mismatch)\nPath: 'TIPC^Untitled1^Untitled1 Project^VltPkn_47
METHOD    BIT_TO_TIME            REFUSED   [UNSUPPORTED] 'VltPkn_48': the IDE refused to create its method 'BIT_TO_TIME': TwinCAT PLC automation call (ITcSmTreeItem:CreateChild) failed: Creating the child named 'BIT_TO_TIME' is not possible on node (Name mismatch)\nPath: 'TIPC^Untitled1^Untitled1 Project^VltPkn_48' 
METHOD    BIT_TO_LTIME           REFUSED   [UNSUPPORTED] 'VltPkn_49': the IDE refused to create its method 'BIT_TO_LTIME': TwinCAT PLC automation call (ITcSmTreeItem:CreateChild) failed: Creating the child named 'BIT_TO_LTIME' is not possible on node (Name mismatch)\nPath: 'TIPC^Untitled1^Untitled1 Project^VltPkn_49
METHOD    BIT_TO_DATE            REFUSED   [UNSUPPORTED] 'VltPkn_50': the IDE refused to create its method 'BIT_TO_DATE': TwinCAT PLC automation call (ITcSmTreeItem:CreateChild) failed: Creating the child named 'BIT_TO_DATE' is not possible on node (Name mismatch)\nPath: 'TIPC^Untitled1^Untitled1 Project^VltPkn_50' 
METHOD    BIT_TO_TOD             REFUSED   [UNSUPPORTED] 'VltPkn_51': the IDE refused to create its method 'BIT_TO_TOD': TwinCAT PLC automation call (ITcSmTreeItem:CreateChild) failed: Creating the child named 'BIT_TO_TOD' is not possible on node (Name mismatch)\nPath: 'TIPC^Untitled1^Untitled1 Project^VltPkn_51' (I
METHOD    BIT_TO_DT              REFUSED   [UNSUPPORTED] 'VltPkn_52': the IDE refused to create its method 'BIT_TO_DT': TwinCAT PLC automation call (ITcSmTreeItem:CreateChild) failed: Creating the child named 'BIT_TO_DT' is not possible on node (Name mismatch)\nPath: 'TIPC^Untitled1^Untitled1 Project^VltPkn_52' (ITc
METHOD    BIT_TO_LDATE           ACCEPTED 
METHOD    BIT_TO_LTOD            ACCEPTED 
METHOD    BIT_TO_LDT             ACCEPTED 
METHOD    BIT_TO_STRING          REFUSED   [UNSUPPORTED] 'VltPkn_56': the IDE refused to create its method 'BIT_TO_STRING': TwinCAT PLC automation call (ITcSmTreeItem:CreateChild) failed: Creating the child named 'BIT_TO_STRING' is not possible on node (Name mismatch)\nPath: 'TIPC^Untitled1^Untitled1 Project^VltPkn_
METHOD    BIT_TO_WSTRING         REFUSED   [UNSUPPORTED] 'VltPkn_57': the IDE refused to create its method 'BIT_TO_WSTRING': TwinCAT PLC automation call (ITcSmTreeItem:CreateChild) failed: Creating the child named 'BIT_TO_WSTRING' is not possible on node (Name mismatch)\nPath: 'TIPC^Untitled1^Untitled1 Project^VltPk
METHOD    BIT_TO_TIME_OF_DAY     ACCEPTED 
METHOD    BIT_TO_DATE_AND_TIME   ACCEPTED 
METHOD    BIT_TO_LDATE_AND_TIME  ACCEPTED 
METHOD    BIT_TO_LTIME_OF_DAY    ACCEPTED 
METHOD    BIT_TO___XINT          REFUSED   [UNSUPPORTED] 'VltPkn_62': the IDE refused to create its method 'BIT_TO___XINT': TwinCAT PLC automation call (ITcSmTreeItem:CreateChild) failed: Creating the child named 'BIT_TO___XINT' is not possible on node (Name mismatch)\nPath: 'TIPC^Untitled1^Untitled1 Project^VltPkn_
METHOD    BIT_TO___UXINT         REFUSED   [UNSUPPORTED] 'VltPkn_63': the IDE refused to create its method 'BIT_TO___UXINT': TwinCAT PLC automation call (ITcSmTreeItem:CreateChild) failed: Creating the child named 'BIT_TO___UXINT' is not possible on node (Name mismatch)\nPath: 'TIPC^Untitled1^Untitled1 Project^VltPk
METHOD    BIT_TO___XWORD         REFUSED   [UNSUPPORTED] 'VltPkn_64': the IDE refused to create its method 'BIT_TO___XWORD': TwinCAT PLC automation call (ITcSmTreeItem:CreateChild) failed: Creating the child named 'BIT_TO___XWORD' is not possible on node (Name mismatch)\nPath: 'TIPC^Untitled1^Untitled1 Project^VltPk
METHOD    BYTE_TO_BOOL           REFUSED   [UNSUPPORTED] 'VltPkn_65': the IDE refused to create its method 'BYTE_TO_BOOL': TwinCAT PLC automation call (ITcSmTreeItem:CreateChild) failed: Creating the child named 'BYTE_TO_BOOL' is not possible on node (Name mismatch)\nPath: 'TIPC^Untitled1^Untitled1 Project^VltPkn_65
METHOD    BYTE_TO_BIT            REFUSED   [UNSUPPORTED] 'VltPkn_66': the IDE refused to create its method 'BYTE_TO_BIT': TwinCAT PLC automation call (ITcSmTreeItem:CreateChild) failed: Creating the child named 'BYTE_TO_BIT' is not possible on node (Name mismatch)\nPath: 'TIPC^Untitled1^Untitled1 Project^VltPkn_66' 
METHOD    BYTE_TO_WORD           REFUSED   [UNSUPPORTED] 'VltPkn_67': the IDE refused to create its method 'BYTE_TO_WORD': TwinCAT PLC automation call (ITcSmTreeItem:CreateChild) failed: Creating the child named 'BYTE_TO_WORD' is not possible on node (Name mismatch)\nPath: 'TIPC^Untitled1^Untitled1 Project^VltPkn_67
METHOD    BYTE_TO_DWORD          REFUSED   [UNSUPPORTED] 'VltPkn_68': the IDE refused to create its method 'BYTE_TO_DWORD': TwinCAT PLC automation call (ITcSmTreeItem:CreateChild) failed: Creating the child named 'BYTE_TO_DWORD' is not possible on node (Name mismatch)\nPath: 'TIPC^Untitled1^Untitled1 Project^VltPkn_
METHOD    BYTE_TO_LWORD          REFUSED   [UNSUPPORTED] 'VltPkn_69': the IDE refused to create its method 'BYTE_TO_LWORD': TwinCAT PLC automation call (ITcSmTreeItem:CreateChild) failed: Creating the child named 'BYTE_TO_LWORD' is not possible on node (Name mismatch)\nPath: 'TIPC^Untitled1^Untitled1 Project^VltPkn_
METHOD    BYTE_TO_SINT           REFUSED   [UNSUPPORTED] 'VltPkn_70': the IDE refused to create its method 'BYTE_TO_SINT': TwinCAT PLC automation call (ITcSmTreeItem:CreateChild) failed: Creating the child named 'BYTE_TO_SINT' is not possible on node (Name mismatch)\nPath: 'TIPC^Untitled1^Untitled1 Project^VltPkn_70
METHOD    BYTE_TO_INT            REFUSED   [UNSUPPORTED] 'VltPkn_71': the IDE refused to create its method 'BYTE_TO_INT': TwinCAT PLC automation call (ITcSmTreeItem:CreateChild) failed: Creating the child named 'BYTE_TO_INT' is not possible on node (Name mismatch)\nPath: 'TIPC^Untitled1^Untitled1 Project^VltPkn_71' 
METHOD    BYTE_TO_DINT           REFUSED   [UNSUPPORTED] 'VltPkn_72': the IDE refused to create its method 'BYTE_TO_DINT': TwinCAT PLC automation call (ITcSmTreeItem:CreateChild) failed: Creating the child named 'BYTE_TO_DINT' is not possible on node (Name mismatch)\nPath: 'TIPC^Untitled1^Untitled1 Project^VltPkn_72
METHOD    BYTE_TO_LINT           REFUSED   [UNSUPPORTED] 'VltPkn_73': the IDE refused to create its method 'BYTE_TO_LINT': TwinCAT PLC automation call (ITcSmTreeItem:CreateChild) failed: Creating the child named 'BYTE_TO_LINT' is not possible on node (Name mismatch)\nPath: 'TIPC^Untitled1^Untitled1 Project^VltPkn_73
METHOD    BYTE_TO_USINT          REFUSED   [UNSUPPORTED] 'VltPkn_74': the IDE refused to create its method 'BYTE_TO_USINT': TwinCAT PLC automation call (ITcSmTreeItem:CreateChild) failed: Creating the child named 'BYTE_TO_USINT' is not possible on node (Name mismatch)\nPath: 'TIPC^Untitled1^Untitled1 Project^VltPkn_
METHOD    BYTE_TO_UINT           REFUSED   [UNSUPPORTED] 'VltPkn_75': the IDE refused to create its method 'BYTE_TO_UINT': TwinCAT PLC automation call (ITcSmTreeItem:CreateChild) failed: Creating the child named 'BYTE_TO_UINT' is not possible on node (Name mismatch)\nPath: 'TIPC^Untitled1^Untitled1 Project^VltPkn_75
METHOD    BYTE_TO_UDINT          REFUSED   [UNSUPPORTED] 'VltPkn_76': the IDE refused to create its method 'BYTE_TO_UDINT': TwinCAT PLC automation call (ITcSmTreeItem:CreateChild) failed: Creating the child named 'BYTE_TO_UDINT' is not possible on node (Name mismatch)\nPath: 'TIPC^Untitled1^Untitled1 Project^VltPkn_
METHOD    BYTE_TO_ULINT          REFUSED   [UNSUPPORTED] 'VltPkn_77': the IDE refused to create its method 'BYTE_TO_ULINT': TwinCAT PLC automation call (ITcSmTreeItem:CreateChild) failed: Creating the child named 'BYTE_TO_ULINT' is not possible on node (Name mismatch)\nPath: 'TIPC^Untitled1^Untitled1 Project^VltPkn_
METHOD    BYTE_TO_REAL           REFUSED   [UNSUPPORTED] 'VltPkn_78': the IDE refused to create its method 'BYTE_TO_REAL': TwinCAT PLC automation call (ITcSmTreeItem:CreateChild) failed: Creating the child named 'BYTE_TO_REAL' is not possible on node (Name mismatch)\nPath: 'TIPC^Untitled1^Untitled1 Project^VltPkn_78
METHOD    BYTE_TO_LREAL          REFUSED   [UNSUPPORTED] 'VltPkn_79': the IDE refused to create its method 'BYTE_TO_LREAL': TwinCAT PLC automation call (ITcSmTreeItem:CreateChild) failed: Creating the child named 'BYTE_TO_LREAL' is not possible on node (Name mismatch)\nPath: 'TIPC^Untitled1^Untitled1 Project^VltPkn_
METHOD    BYTE_TO_TIME           REFUSED   [UNSUPPORTED] 'VltPkn_80': the IDE refused to create its method 'BYTE_TO_TIME': TwinCAT PLC automation call (ITcSmTreeItem:CreateChild) failed: Creating the child named 'BYTE_TO_TIME' is not possible on node (Name mismatch)\nPath: 'TIPC^Untitled1^Untitled1 Project^VltPkn_80
METHOD    BYTE_TO_LTIME          REFUSED   [UNSUPPORTED] 'VltPkn_81': the IDE refused to create its method 'BYTE_TO_LTIME': TwinCAT PLC automation call (ITcSmTreeItem:CreateChild) failed: Creating the child named 'BYTE_TO_LTIME' is not possible on node (Name mismatch)\nPath: 'TIPC^Untitled1^Untitled1 Project^VltPkn_
METHOD    BYTE_TO_DATE           REFUSED   [UNSUPPORTED] 'VltPkn_82': the IDE refused to create its method 'BYTE_TO_DATE': TwinCAT PLC automation call (ITcSmTreeItem:CreateChild) failed: Creating the child named 'BYTE_TO_DATE' is not possible on node (Name mismatch)\nPath: 'TIPC^Untitled1^Untitled1 Project^VltPkn_82
METHOD    BYTE_TO_TOD            REFUSED   [UNSUPPORTED] 'VltPkn_83': the IDE refused to create its method 'BYTE_TO_TOD': TwinCAT PLC automation call (ITcSmTreeItem:CreateChild) failed: Creating the child named 'BYTE_TO_TOD' is not possible on node (Name mismatch)\nPath: 'TIPC^Untitled1^Untitled1 Project^VltPkn_83' 
METHOD    BYTE_TO_DT             REFUSED   [UNSUPPORTED] 'VltPkn_84': the IDE refused to create its method 'BYTE_TO_DT': TwinCAT PLC automation call (ITcSmTreeItem:CreateChild) failed: Creating the child named 'BYTE_TO_DT' is not possible on node (Name mismatch)\nPath: 'TIPC^Untitled1^Untitled1 Project^VltPkn_84' (I
METHOD    BYTE_TO_LDATE          ACCEPTED 
METHOD    BYTE_TO_LTOD           ACCEPTED 
METHOD    BYTE_TO_LDT            ACCEPTED 
METHOD    BYTE_TO_STRING         REFUSED   [UNSUPPORTED] 'VltPkn_88': the IDE refused to create its method 'BYTE_TO_STRING': TwinCAT PLC automation call (ITcSmTreeItem:CreateChild) failed: Creating the child named 'BYTE_TO_STRING' is not possible on node (Name mismatch)\nPath: 'TIPC^Untitled1^Untitled1 Project^VltPk
METHOD    BYTE_TO_WSTRING        REFUSED   [UNSUPPORTED] 'VltPkn_89': the IDE refused to create its method 'BYTE_TO_WSTRING': TwinCAT PLC automation call (ITcSmTreeItem:CreateChild) failed: Creating the child named 'BYTE_TO_WSTRING' is not possible on node (Name mismatch)\nPath: 'TIPC^Untitled1^Untitled1 Project^Vlt
METHOD    BYTE_TO_TIME_OF_DAY    ACCEPTED 
METHOD    BYTE_TO_DATE_AND_TIME  ACCEPTED 
METHOD    BYTE_TO_LDATE_AND_TIME ACCEPTED 
METHOD    BYTE_TO_LTIME_OF_DAY   ACCEPTED 
METHOD    BYTE_TO___XINT         REFUSED   [UNSUPPORTED] 'VltPkn_94': the IDE refused to create its method 'BYTE_TO___XINT': TwinCAT PLC automation call (ITcSmTreeItem:CreateChild) failed: Creating the child named 'BYTE_TO___XINT' is not possible on node (Name mismatch)\nPath: 'TIPC^Untitled1^Untitled1 Project^VltPk
METHOD    BYTE_TO___UXINT        REFUSED   [UNSUPPORTED] 'VltPkn_95': the IDE refused to create its method 'BYTE_TO___UXINT': TwinCAT PLC automation call (ITcSmTreeItem:CreateChild) failed: Creating the child named 'BYTE_TO___UXINT' is not possible on node (Name mismatch)\nPath: 'TIPC^Untitled1^Untitled1 Project^Vlt
METHOD    BYTE_TO___XWORD        REFUSED   [UNSUPPORTED] 'VltPkn_96': the IDE refused to create its method 'BYTE_TO___XWORD': TwinCAT PLC automation call (ITcSmTreeItem:CreateChild) failed: Creating the child named 'BYTE_TO___XWORD' is not possible on node (Name mismatch)\nPath: 'TIPC^Untitled1^Untitled1 Project^Vlt
METHOD    WORD_TO_BOOL           REFUSED   [UNSUPPORTED] 'VltPkn_97': the IDE refused to create its method 'WORD_TO_BOOL': TwinCAT PLC automation call (ITcSmTreeItem:CreateChild) failed: Creating the child named 'WORD_TO_BOOL' is not possible on node (Name mismatch)\nPath: 'TIPC^Untitled1^Untitled1 Project^VltPkn_97
METHOD    WORD_TO_BIT            REFUSED   [UNSUPPORTED] 'VltPkn_98': the IDE refused to create its method 'WORD_TO_BIT': TwinCAT PLC automation call (ITcSmTreeItem:CreateChild) failed: Creating the child named 'WORD_TO_BIT' is not possible on node (Name mismatch)\nPath: 'TIPC^Untitled1^Untitled1 Project^VltPkn_98' 
METHOD    WORD_TO_BYTE           REFUSED   [UNSUPPORTED] 'VltPkn_99': the IDE refused to create its method 'WORD_TO_BYTE': TwinCAT PLC automation call (ITcSmTreeItem:CreateChild) failed: Creating the child named 'WORD_TO_BYTE' is not possible on node (Name mismatch)\nPath: 'TIPC^Untitled1^Untitled1 Project^VltPkn_99
METHOD    WORD_TO_DWORD          REFUSED   [UNSUPPORTED] 'VltPkn_100': the IDE refused to create its method 'WORD_TO_DWORD': TwinCAT PLC automation call (ITcSmTreeItem:CreateChild) failed: Creating the child named 'WORD_TO_DWORD' is not possible on node (Name mismatch)\nPath: 'TIPC^Untitled1^Untitled1 Project^VltPkn
METHOD    WORD_TO_LWORD          REFUSED   [UNSUPPORTED] 'VltPkn_101': the IDE refused to create its method 'WORD_TO_LWORD': TwinCAT PLC automation call (ITcSmTreeItem:CreateChild) failed: Creating the child named 'WORD_TO_LWORD' is not possible on node (Name mismatch)\nPath: 'TIPC^Untitled1^Untitled1 Project^VltPkn
METHOD    WORD_TO_SINT           REFUSED   [UNSUPPORTED] 'VltPkn_102': the IDE refused to create its method 'WORD_TO_SINT': TwinCAT PLC automation call (ITcSmTreeItem:CreateChild) failed: Creating the child named 'WORD_TO_SINT' is not possible on node (Name mismatch)\nPath: 'TIPC^Untitled1^Untitled1 Project^VltPkn_1
METHOD    WORD_TO_INT            REFUSED   [UNSUPPORTED] 'VltPkn_103': the IDE refused to create its method 'WORD_TO_INT': TwinCAT PLC automation call (ITcSmTreeItem:CreateChild) failed: Creating the child named 'WORD_TO_INT' is not possible on node (Name mismatch)\nPath: 'TIPC^Untitled1^Untitled1 Project^VltPkn_103
METHOD    WORD_TO_DINT           REFUSED   [UNSUPPORTED] 'VltPkn_104': the IDE refused to create its method 'WORD_TO_DINT': TwinCAT PLC automation call (ITcSmTreeItem:CreateChild) failed: Creating the child named 'WORD_TO_DINT' is not possible on node (Name mismatch)\nPath: 'TIPC^Untitled1^Untitled1 Project^VltPkn_1
METHOD    WORD_TO_LINT           REFUSED   [UNSUPPORTED] 'VltPkn_105': the IDE refused to create its method 'WORD_TO_LINT': TwinCAT PLC automation call (ITcSmTreeItem:CreateChild) failed: Creating the child named 'WORD_TO_LINT' is not possible on node (Name mismatch)\nPath: 'TIPC^Untitled1^Untitled1 Project^VltPkn_1
METHOD    WORD_TO_USINT          REFUSED   [UNSUPPORTED] 'VltPkn_106': the IDE refused to create its method 'WORD_TO_USINT': TwinCAT PLC automation call (ITcSmTreeItem:CreateChild) failed: Creating the child named 'WORD_TO_USINT' is not possible on node (Name mismatch)\nPath: 'TIPC^Untitled1^Untitled1 Project^VltPkn
METHOD    WORD_TO_UINT           REFUSED   [UNSUPPORTED] 'VltPkn_107': the IDE refused to create its method 'WORD_TO_UINT': TwinCAT PLC automation call (ITcSmTreeItem:CreateChild) failed: Creating the child named 'WORD_TO_UINT' is not possible on node (Name mismatch)\nPath: 'TIPC^Untitled1^Untitled1 Project^VltPkn_1
METHOD    WORD_TO_UDINT          REFUSED   [UNSUPPORTED] 'VltPkn_108': the IDE refused to create its method 'WORD_TO_UDINT': TwinCAT PLC automation call (ITcSmTreeItem:CreateChild) failed: Creating the child named 'WORD_TO_UDINT' is not possible on node (Name mismatch)\nPath: 'TIPC^Untitled1^Untitled1 Project^VltPkn
METHOD    WORD_TO_ULINT          REFUSED   [UNSUPPORTED] 'VltPkn_109': the IDE refused to create its method 'WORD_TO_ULINT': TwinCAT PLC automation call (ITcSmTreeItem:CreateChild) failed: Creating the child named 'WORD_TO_ULINT' is not possible on node (Name mismatch)\nPath: 'TIPC^Untitled1^Untitled1 Project^VltPkn
METHOD    WORD_TO_REAL           REFUSED   [UNSUPPORTED] 'VltPkn_110': the IDE refused to create its method 'WORD_TO_REAL': TwinCAT PLC automation call (ITcSmTreeItem:CreateChild) failed: Creating the child named 'WORD_TO_REAL' is not possible on node (Name mismatch)\nPath: 'TIPC^Untitled1^Untitled1 Project^VltPkn_1
METHOD    WORD_TO_LREAL          REFUSED   [UNSUPPORTED] 'VltPkn_111': the IDE refused to create its method 'WORD_TO_LREAL': TwinCAT PLC automation call (ITcSmTreeItem:CreateChild) failed: Creating the child named 'WORD_TO_LREAL' is not possible on node (Name mismatch)\nPath: 'TIPC^Untitled1^Untitled1 Project^VltPkn
METHOD    WORD_TO_TIME           REFUSED   [UNSUPPORTED] 'VltPkn_112': the IDE refused to create its method 'WORD_TO_TIME': TwinCAT PLC automation call (ITcSmTreeItem:CreateChild) failed: Creating the child named 'WORD_TO_TIME' is not possible on node (Name mismatch)\nPath: 'TIPC^Untitled1^Untitled1 Project^VltPkn_1
METHOD    WORD_TO_LTIME          REFUSED   [UNSUPPORTED] 'VltPkn_113': the IDE refused to create its method 'WORD_TO_LTIME': TwinCAT PLC automation call (ITcSmTreeItem:CreateChild) failed: Creating the child named 'WORD_TO_LTIME' is not possible on node (Name mismatch)\nPath: 'TIPC^Untitled1^Untitled1 Project^VltPkn
METHOD    WORD_TO_DATE           REFUSED   [UNSUPPORTED] 'VltPkn_114': the IDE refused to create its method 'WORD_TO_DATE': TwinCAT PLC automation call (ITcSmTreeItem:CreateChild) failed: Creating the child named 'WORD_TO_DATE' is not possible on node (Name mismatch)\nPath: 'TIPC^Untitled1^Untitled1 Project^VltPkn_1
METHOD    WORD_TO_TOD            REFUSED   [UNSUPPORTED] 'VltPkn_115': the IDE refused to create its method 'WORD_TO_TOD': TwinCAT PLC automation call (ITcSmTreeItem:CreateChild) failed: Creating the child named 'WORD_TO_TOD' is not possible on node (Name mismatch)\nPath: 'TIPC^Untitled1^Untitled1 Project^VltPkn_115
METHOD    WORD_TO_DT             REFUSED   [UNSUPPORTED] 'VltPkn_116': the IDE refused to create its method 'WORD_TO_DT': TwinCAT PLC automation call (ITcSmTreeItem:CreateChild) failed: Creating the child named 'WORD_TO_DT' is not possible on node (Name mismatch)\nPath: 'TIPC^Untitled1^Untitled1 Project^VltPkn_116' 
METHOD    WORD_TO_LDATE          ACCEPTED 
METHOD    WORD_TO_LTOD           ACCEPTED 
METHOD    WORD_TO_LDT            ACCEPTED 
METHOD    WORD_TO_STRING         REFUSED   [UNSUPPORTED] 'VltPkn_120': the IDE refused to create its method 'WORD_TO_STRING': TwinCAT PLC automation call (ITcSmTreeItem:CreateChild) failed: Creating the child named 'WORD_TO_STRING' is not possible on node (Name mismatch)\nPath: 'TIPC^Untitled1^Untitled1 Project^VltP
METHOD    WORD_TO_WSTRING        REFUSED   [UNSUPPORTED] 'VltPkn_121': the IDE refused to create its method 'WORD_TO_WSTRING': TwinCAT PLC automation call (ITcSmTreeItem:CreateChild) failed: Creating the child named 'WORD_TO_WSTRING' is not possible on node (Name mismatch)\nPath: 'TIPC^Untitled1^Untitled1 Project^Vl
METHOD    WORD_TO_TIME_OF_DAY    ACCEPTED 
METHOD    WORD_TO_DATE_AND_TIME  ACCEPTED 
METHOD    WORD_TO_LDATE_AND_TIME ACCEPTED 
METHOD    WORD_TO_LTIME_OF_DAY   ACCEPTED 
METHOD    WORD_TO___XINT         REFUSED   [UNSUPPORTED] 'VltPkn_126': the IDE refused to create its method 'WORD_TO___XINT': TwinCAT PLC automation call (ITcSmTreeItem:CreateChild) failed: Creating the child named 'WORD_TO___XINT' is not possible on node (Name mismatch)\nPath: 'TIPC^Untitled1^Untitled1 Project^VltP
METHOD    WORD_TO___UXINT        REFUSED   [UNSUPPORTED] 'VltPkn_127': the IDE refused to create its method 'WORD_TO___UXINT': TwinCAT PLC automation call (ITcSmTreeItem:CreateChild) failed: Creating the child named 'WORD_TO___UXINT' is not possible on node (Name mismatch)\nPath: 'TIPC^Untitled1^Untitled1 Project^Vl
METHOD    WORD_TO___XWORD        REFUSED   [UNSUPPORTED] 'VltPkn_128': the IDE refused to create its method 'WORD_TO___XWORD': TwinCAT PLC automation call (ITcSmTreeItem:CreateChild) failed: Creating the child named 'WORD_TO___XWORD' is not possible on node (Name mismatch)\nPath: 'TIPC^Untitled1^Untitled1 Project^Vl
METHOD    DWORD_TO_BOOL          REFUSED   [UNSUPPORTED] 'VltPkn_129': the IDE refused to create its method 'DWORD_TO_BOOL': TwinCAT PLC automation call (ITcSmTreeItem:CreateChild) failed: Creating the child named 'DWORD_TO_BOOL' is not possible on node (Name mismatch)\nPath: 'TIPC^Untitled1^Untitled1 Project^VltPkn
METHOD    DWORD_TO_BIT           REFUSED   [UNSUPPORTED] 'VltPkn_130': the IDE refused to create its method 'DWORD_TO_BIT': TwinCAT PLC automation call (ITcSmTreeItem:CreateChild) failed: Creating the child named 'DWORD_TO_BIT' is not possible on node (Name mismatch)\nPath: 'TIPC^Untitled1^Untitled1 Project^VltPkn_1
METHOD    DWORD_TO_BYTE          REFUSED   [UNSUPPORTED] 'VltPkn_131': the IDE refused to create its method 'DWORD_TO_BYTE': TwinCAT PLC automation call (ITcSmTreeItem:CreateChild) failed: Creating the child named 'DWORD_TO_BYTE' is not possible on node (Name mismatch)\nPath: 'TIPC^Untitled1^Untitled1 Project^VltPkn
METHOD    DWORD_TO_WORD          REFUSED   [UNSUPPORTED] 'VltPkn_132': the IDE refused to create its method 'DWORD_TO_WORD': TwinCAT PLC automation call (ITcSmTreeItem:CreateChild) failed: Creating the child named 'DWORD_TO_WORD' is not possible on node (Name mismatch)\nPath: 'TIPC^Untitled1^Untitled1 Project^VltPkn
METHOD    DWORD_TO_LWORD         REFUSED   [UNSUPPORTED] 'VltPkn_133': the IDE refused to create its method 'DWORD_TO_LWORD': TwinCAT PLC automation call (ITcSmTreeItem:CreateChild) failed: Creating the child named 'DWORD_TO_LWORD' is not possible on node (Name mismatch)\nPath: 'TIPC^Untitled1^Untitled1 Project^VltP
METHOD    DWORD_TO_SINT          REFUSED   [UNSUPPORTED] 'VltPkn_134': the IDE refused to create its method 'DWORD_TO_SINT': TwinCAT PLC automation call (ITcSmTreeItem:CreateChild) failed: Creating the child named 'DWORD_TO_SINT' is not possible on node (Name mismatch)\nPath: 'TIPC^Untitled1^Untitled1 Project^VltPkn
METHOD    DWORD_TO_INT           REFUSED   [UNSUPPORTED] 'VltPkn_135': the IDE refused to create its method 'DWORD_TO_INT': TwinCAT PLC automation call (ITcSmTreeItem:CreateChild) failed: Creating the child named 'DWORD_TO_INT' is not possible on node (Name mismatch)\nPath: 'TIPC^Untitled1^Untitled1 Project^VltPkn_1
METHOD    DWORD_TO_DINT          REFUSED   [UNSUPPORTED] 'VltPkn_136': the IDE refused to create its method 'DWORD_TO_DINT': TwinCAT PLC automation call (ITcSmTreeItem:CreateChild) failed: Creating the child named 'DWORD_TO_DINT' is not possible on node (Name mismatch)\nPath: 'TIPC^Untitled1^Untitled1 Project^VltPkn
METHOD    DWORD_TO_LINT          REFUSED   [UNSUPPORTED] 'VltPkn_137': the IDE refused to create its method 'DWORD_TO_LINT': TwinCAT PLC automation call (ITcSmTreeItem:CreateChild) failed: Creating the child named 'DWORD_TO_LINT' is not possible on node (Name mismatch)\nPath: 'TIPC^Untitled1^Untitled1 Project^VltPkn
METHOD    DWORD_TO_USINT         REFUSED   [UNSUPPORTED] 'VltPkn_138': the IDE refused to create its method 'DWORD_TO_USINT': TwinCAT PLC automation call (ITcSmTreeItem:CreateChild) failed: Creating the child named 'DWORD_TO_USINT' is not possible on node (Name mismatch)\nPath: 'TIPC^Untitled1^Untitled1 Project^VltP
METHOD    DWORD_TO_UINT          REFUSED   [UNSUPPORTED] 'VltPkn_139': the IDE refused to create its method 'DWORD_TO_UINT': TwinCAT PLC automation call (ITcSmTreeItem:CreateChild) failed: Creating the child named 'DWORD_TO_UINT' is not possible on node (Name mismatch)\nPath: 'TIPC^Untitled1^Untitled1 Project^VltPkn
METHOD    DWORD_TO_UDINT         REFUSED   [UNSUPPORTED] 'VltPkn_140': the IDE refused to create its method 'DWORD_TO_UDINT': TwinCAT PLC automation call (ITcSmTreeItem:CreateChild) failed: Creating the child named 'DWORD_TO_UDINT' is not possible on node (Name mismatch)\nPath: 'TIPC^Untitled1^Untitled1 Project^VltP
METHOD    DWORD_TO_ULINT         REFUSED   [UNSUPPORTED] 'VltPkn_141': the IDE refused to create its method 'DWORD_TO_ULINT': TwinCAT PLC automation call (ITcSmTreeItem:CreateChild) failed: Creating the child named 'DWORD_TO_ULINT' is not possible on node (Name mismatch)\nPath: 'TIPC^Untitled1^Untitled1 Project^VltP
METHOD    DWORD_TO_REAL          REFUSED   [UNSUPPORTED] 'VltPkn_142': the IDE refused to create its method 'DWORD_TO_REAL': TwinCAT PLC automation call (ITcSmTreeItem:CreateChild) failed: Creating the child named 'DWORD_TO_REAL' is not possible on node (Name mismatch)\nPath: 'TIPC^Untitled1^Untitled1 Project^VltPkn
METHOD    DWORD_TO_LREAL         REFUSED   [UNSUPPORTED] 'VltPkn_143': the IDE refused to create its method 'DWORD_TO_LREAL': TwinCAT PLC automation call (ITcSmTreeItem:CreateChild) failed: Creating the child named 'DWORD_TO_LREAL' is not possible on node (Name mismatch)\nPath: 'TIPC^Untitled1^Untitled1 Project^VltP
METHOD    DWORD_TO_TIME          REFUSED   [UNSUPPORTED] 'VltPkn_144': the IDE refused to create its method 'DWORD_TO_TIME': TwinCAT PLC automation call (ITcSmTreeItem:CreateChild) failed: Creating the child named 'DWORD_TO_TIME' is not possible on node (Name mismatch)\nPath: 'TIPC^Untitled1^Untitled1 Project^VltPkn
METHOD    DWORD_TO_LTIME         REFUSED   [UNSUPPORTED] 'VltPkn_145': the IDE refused to create its method 'DWORD_TO_LTIME': TwinCAT PLC automation call (ITcSmTreeItem:CreateChild) failed: Creating the child named 'DWORD_TO_LTIME' is not possible on node (Name mismatch)\nPath: 'TIPC^Untitled1^Untitled1 Project^VltP
METHOD    DWORD_TO_DATE          REFUSED   [UNSUPPORTED] 'VltPkn_146': the IDE refused to create its method 'DWORD_TO_DATE': TwinCAT PLC automation call (ITcSmTreeItem:CreateChild) failed: Creating the child named 'DWORD_TO_DATE' is not possible on node (Name mismatch)\nPath: 'TIPC^Untitled1^Untitled1 Project^VltPkn
METHOD    DWORD_TO_TOD           REFUSED   [UNSUPPORTED] 'VltPkn_147': the IDE refused to create its method 'DWORD_TO_TOD': TwinCAT PLC automation call (ITcSmTreeItem:CreateChild) failed: Creating the child named 'DWORD_TO_TOD' is not possible on node (Name mismatch)\nPath: 'TIPC^Untitled1^Untitled1 Project^VltPkn_1
METHOD    DWORD_TO_DT            REFUSED   [UNSUPPORTED] 'VltPkn_148': the IDE refused to create its method 'DWORD_TO_DT': TwinCAT PLC automation call (ITcSmTreeItem:CreateChild) failed: Creating the child named 'DWORD_TO_DT' is not possible on node (Name mismatch)\nPath: 'TIPC^Untitled1^Untitled1 Project^VltPkn_148
METHOD    DWORD_TO_LDATE         ACCEPTED 
METHOD    DWORD_TO_LTOD          ACCEPTED 
METHOD    DWORD_TO_LDT           ACCEPTED 
METHOD    DWORD_TO_STRING        REFUSED   [UNSUPPORTED] 'VltPkn_152': the IDE refused to create its method 'DWORD_TO_STRING': TwinCAT PLC automation call (ITcSmTreeItem:CreateChild) failed: Creating the child named 'DWORD_TO_STRING' is not possible on node (Name mismatch)\nPath: 'TIPC^Untitled1^Untitled1 Project^Vl
METHOD    DWORD_TO_WSTRING       REFUSED   [UNSUPPORTED] 'VltPkn_153': the IDE refused to create its method 'DWORD_TO_WSTRING': TwinCAT PLC automation call (ITcSmTreeItem:CreateChild) failed: Creating the child named 'DWORD_TO_WSTRING' is not possible on node (Name mismatch)\nPath: 'TIPC^Untitled1^Untitled1 Project^
METHOD    DWORD_TO_TIME_OF_DAY   ACCEPTED 
METHOD    DWORD_TO_DATE_AND_TIME ACCEPTED 
METHOD    DWORD_TO_LDATE_AND_TIME ACCEPTED 
METHOD    DWORD_TO_LTIME_OF_DAY  ACCEPTED 
METHOD    DWORD_TO___XINT        REFUSED   [UNSUPPORTED] 'VltPkn_158': the IDE refused to create its method 'DWORD_TO___XINT': TwinCAT PLC automation call (ITcSmTreeItem:CreateChild) failed: Creating the child named 'DWORD_TO___XINT' is not possible on node (Name mismatch)\nPath: 'TIPC^Untitled1^Untitled1 Project^Vl
METHOD    DWORD_TO___UXINT       REFUSED   [UNSUPPORTED] 'VltPkn_159': the IDE refused to create its method 'DWORD_TO___UXINT': TwinCAT PLC automation call (ITcSmTreeItem:CreateChild) failed: Creating the child named 'DWORD_TO___UXINT' is not possible on node (Name mismatch)\nPath: 'TIPC^Untitled1^Untitled1 Project^
METHOD    DWORD_TO___XWORD       REFUSED   [UNSUPPORTED] 'VltPkn_160': the IDE refused to create its method 'DWORD_TO___XWORD': TwinCAT PLC automation call (ITcSmTreeItem:CreateChild) failed: Creating the child named 'DWORD_TO___XWORD' is not possible on node (Name mismatch)\nPath: 'TIPC^Untitled1^Untitled1 Project^
METHOD    LWORD_TO_BOOL          REFUSED   [UNSUPPORTED] 'VltPkn_161': the IDE refused to create its method 'LWORD_TO_BOOL': TwinCAT PLC automation call (ITcSmTreeItem:CreateChild) failed: Creating the child named 'LWORD_TO_BOOL' is not possible on node (Name mismatch)\nPath: 'TIPC^Untitled1^Untitled1 Project^VltPkn
METHOD    LWORD_TO_BIT           REFUSED   [UNSUPPORTED] 'VltPkn_162': the IDE refused to create its method 'LWORD_TO_BIT': TwinCAT PLC automation call (ITcSmTreeItem:CreateChild) failed: Creating the child named 'LWORD_TO_BIT' is not possible on node (Name mismatch)\nPath: 'TIPC^Untitled1^Untitled1 Project^VltPkn_1
METHOD    LWORD_TO_BYTE          REFUSED   [UNSUPPORTED] 'VltPkn_163': the IDE refused to create its method 'LWORD_TO_BYTE': TwinCAT PLC automation call (ITcSmTreeItem:CreateChild) failed: Creating the child named 'LWORD_TO_BYTE' is not possible on node (Name mismatch)\nPath: 'TIPC^Untitled1^Untitled1 Project^VltPkn
METHOD    LWORD_TO_WORD          REFUSED   [UNSUPPORTED] 'VltPkn_164': the IDE refused to create its method 'LWORD_TO_WORD': TwinCAT PLC automation call (ITcSmTreeItem:CreateChild) failed: Creating the child named 'LWORD_TO_WORD' is not possible on node (Name mismatch)\nPath: 'TIPC^Untitled1^Untitled1 Project^VltPkn
METHOD    LWORD_TO_DWORD         REFUSED   [UNSUPPORTED] 'VltPkn_165': the IDE refused to create its method 'LWORD_TO_DWORD': TwinCAT PLC automation call (ITcSmTreeItem:CreateChild) failed: Creating the child named 'LWORD_TO_DWORD' is not possible on node (Name mismatch)\nPath: 'TIPC^Untitled1^Untitled1 Project^VltP
METHOD    LWORD_TO_SINT          REFUSED   [UNSUPPORTED] 'VltPkn_166': the IDE refused to create its method 'LWORD_TO_SINT': TwinCAT PLC automation call (ITcSmTreeItem:CreateChild) failed: Creating the child named 'LWORD_TO_SINT' is not possible on node (Name mismatch)\nPath: 'TIPC^Untitled1^Untitled1 Project^VltPkn
METHOD    LWORD_TO_INT           REFUSED   [UNSUPPORTED] 'VltPkn_167': the IDE refused to create its method 'LWORD_TO_INT': TwinCAT PLC automation call (ITcSmTreeItem:CreateChild) failed: Creating the child named 'LWORD_TO_INT' is not possible on node (Name mismatch)\nPath: 'TIPC^Untitled1^Untitled1 Project^VltPkn_1
METHOD    LWORD_TO_DINT          REFUSED   [UNSUPPORTED] 'VltPkn_168': the IDE refused to create its method 'LWORD_TO_DINT': TwinCAT PLC automation call (ITcSmTreeItem:CreateChild) failed: Creating the child named 'LWORD_TO_DINT' is not possible on node (Name mismatch)\nPath: 'TIPC^Untitled1^Untitled1 Project^VltPkn
METHOD    LWORD_TO_LINT          REFUSED   [UNSUPPORTED] 'VltPkn_169': the IDE refused to create its method 'LWORD_TO_LINT': TwinCAT PLC automation call (ITcSmTreeItem:CreateChild) failed: Creating the child named 'LWORD_TO_LINT' is not possible on node (Name mismatch)\nPath: 'TIPC^Untitled1^Untitled1 Project^VltPkn
METHOD    LWORD_TO_USINT         REFUSED   [UNSUPPORTED] 'VltPkn_170': the IDE refused to create its method 'LWORD_TO_USINT': TwinCAT PLC automation call (ITcSmTreeItem:CreateChild) failed: Creating the child named 'LWORD_TO_USINT' is not possible on node (Name mismatch)\nPath: 'TIPC^Untitled1^Untitled1 Project^VltP
METHOD    LWORD_TO_UINT          REFUSED   [UNSUPPORTED] 'VltPkn_171': the IDE refused to create its method 'LWORD_TO_UINT': TwinCAT PLC automation call (ITcSmTreeItem:CreateChild) failed: Creating the child named 'LWORD_TO_UINT' is not possible on node (Name mismatch)\nPath: 'TIPC^Untitled1^Untitled1 Project^VltPkn
METHOD    LWORD_TO_UDINT         REFUSED   [UNSUPPORTED] 'VltPkn_172': the IDE refused to create its method 'LWORD_TO_UDINT': TwinCAT PLC automation call (ITcSmTreeItem:CreateChild) failed: Creating the child named 'LWORD_TO_UDINT' is not possible on node (Name mismatch)\nPath: 'TIPC^Untitled1^Untitled1 Project^VltP
METHOD    LWORD_TO_ULINT         REFUSED   [UNSUPPORTED] 'VltPkn_173': the IDE refused to create its method 'LWORD_TO_ULINT': TwinCAT PLC automation call (ITcSmTreeItem:CreateChild) failed: Creating the child named 'LWORD_TO_ULINT' is not possible on node (Name mismatch)\nPath: 'TIPC^Untitled1^Untitled1 Project^VltP
METHOD    LWORD_TO_REAL          REFUSED   [UNSUPPORTED] 'VltPkn_174': the IDE refused to create its method 'LWORD_TO_REAL': TwinCAT PLC automation call (ITcSmTreeItem:CreateChild) failed: Creating the child named 'LWORD_TO_REAL' is not possible on node (Name mismatch)\nPath: 'TIPC^Untitled1^Untitled1 Project^VltPkn
METHOD    LWORD_TO_LREAL         REFUSED   [UNSUPPORTED] 'VltPkn_175': the IDE refused to create its method 'LWORD_TO_LREAL': TwinCAT PLC automation call (ITcSmTreeItem:CreateChild) failed: Creating the child named 'LWORD_TO_LREAL' is not possible on node (Name mismatch)\nPath: 'TIPC^Untitled1^Untitled1 Project^VltP
METHOD    LWORD_TO_TIME          REFUSED   [UNSUPPORTED] 'VltPkn_176': the IDE refused to create its method 'LWORD_TO_TIME': TwinCAT PLC automation call (ITcSmTreeItem:CreateChild) failed: Creating the child named 'LWORD_TO_TIME' is not possible on node (Name mismatch)\nPath: 'TIPC^Untitled1^Untitled1 Project^VltPkn
METHOD    LWORD_TO_LTIME         REFUSED   [UNSUPPORTED] 'VltPkn_177': the IDE refused to create its method 'LWORD_TO_LTIME': TwinCAT PLC automation call (ITcSmTreeItem:CreateChild) failed: Creating the child named 'LWORD_TO_LTIME' is not possible on node (Name mismatch)\nPath: 'TIPC^Untitled1^Untitled1 Project^VltP
METHOD    LWORD_TO_DATE          REFUSED   [UNSUPPORTED] 'VltPkn_178': the IDE refused to create its method 'LWORD_TO_DATE': TwinCAT PLC automation call (ITcSmTreeItem:CreateChild) failed: Creating the child named 'LWORD_TO_DATE' is not possible on node (Name mismatch)\nPath: 'TIPC^Untitled1^Untitled1 Project^VltPkn
METHOD    LWORD_TO_TOD           REFUSED   [UNSUPPORTED] 'VltPkn_179': the IDE refused to create its method 'LWORD_TO_TOD': TwinCAT PLC automation call (ITcSmTreeItem:CreateChild) failed: Creating the child named 'LWORD_TO_TOD' is not possible on node (Name mismatch)\nPath: 'TIPC^Untitled1^Untitled1 Project^VltPkn_1
METHOD    LWORD_TO_DT            REFUSED   [UNSUPPORTED] 'VltPkn_180': the IDE refused to create its method 'LWORD_TO_DT': TwinCAT PLC automation call (ITcSmTreeItem:CreateChild) failed: Creating the child named 'LWORD_TO_DT' is not possible on node (Name mismatch)\nPath: 'TIPC^Untitled1^Untitled1 Project^VltPkn_180
METHOD    LWORD_TO_LDATE         ACCEPTED 
METHOD    LWORD_TO_LTOD          ACCEPTED 
METHOD    LWORD_TO_LDT           ACCEPTED 
METHOD    LWORD_TO_STRING        REFUSED   [UNSUPPORTED] 'VltPkn_184': the IDE refused to create its method 'LWORD_TO_STRING': TwinCAT PLC automation call (ITcSmTreeItem:CreateChild) failed: Creating the child named 'LWORD_TO_STRING' is not possible on node (Name mismatch)\nPath: 'TIPC^Untitled1^Untitled1 Project^Vl
METHOD    LWORD_TO_WSTRING       REFUSED   [UNSUPPORTED] 'VltPkn_185': the IDE refused to create its method 'LWORD_TO_WSTRING': TwinCAT PLC automation call (ITcSmTreeItem:CreateChild) failed: Creating the child named 'LWORD_TO_WSTRING' is not possible on node (Name mismatch)\nPath: 'TIPC^Untitled1^Untitled1 Project^
METHOD    LWORD_TO_TIME_OF_DAY   ACCEPTED 
METHOD    LWORD_TO_DATE_AND_TIME ACCEPTED 
METHOD    LWORD_TO_LDATE_AND_TIME ACCEPTED 
METHOD    LWORD_TO_LTIME_OF_DAY  ACCEPTED 
METHOD    LWORD_TO___XINT        REFUSED   [UNSUPPORTED] 'VltPkn_190': the IDE refused to create its method 'LWORD_TO___XINT': TwinCAT PLC automation call (ITcSmTreeItem:CreateChild) failed: Creating the child named 'LWORD_TO___XINT' is not possible on node (Name mismatch)\nPath: 'TIPC^Untitled1^Untitled1 Project^Vl
METHOD    LWORD_TO___UXINT       REFUSED   [UNSUPPORTED] 'VltPkn_191': the IDE refused to create its method 'LWORD_TO___UXINT': TwinCAT PLC automation call (ITcSmTreeItem:CreateChild) failed: Creating the child named 'LWORD_TO___UXINT' is not possible on node (Name mismatch)\nPath: 'TIPC^Untitled1^Untitled1 Project^
METHOD    LWORD_TO___XWORD       REFUSED   [UNSUPPORTED] 'VltPkn_192': the IDE refused to create its method 'LWORD_TO___XWORD': TwinCAT PLC automation call (ITcSmTreeItem:CreateChild) failed: Creating the child named 'LWORD_TO___XWORD' is not possible on node (Name mismatch)\nPath: 'TIPC^Untitled1^Untitled1 Project^
METHOD    SINT_TO_BOOL           REFUSED   [UNSUPPORTED] 'VltPkn_193': the IDE refused to create its method 'SINT_TO_BOOL': TwinCAT PLC automation call (ITcSmTreeItem:CreateChild) failed: Creating the child named 'SINT_TO_BOOL' is not possible on node (Name mismatch)\nPath: 'TIPC^Untitled1^Untitled1 Project^VltPkn_1
METHOD    SINT_TO_BIT            REFUSED   [UNSUPPORTED] 'VltPkn_194': the IDE refused to create its method 'SINT_TO_BIT': TwinCAT PLC automation call (ITcSmTreeItem:CreateChild) failed: Creating the child named 'SINT_TO_BIT' is not possible on node (Name mismatch)\nPath: 'TIPC^Untitled1^Untitled1 Project^VltPkn_194
METHOD    SINT_TO_BYTE           REFUSED   [UNSUPPORTED] 'VltPkn_195': the IDE refused to create its method 'SINT_TO_BYTE': TwinCAT PLC automation call (ITcSmTreeItem:CreateChild) failed: Creating the child named 'SINT_TO_BYTE' is not possible on node (Name mismatch)\nPath: 'TIPC^Untitled1^Untitled1 Project^VltPkn_1
METHOD    SINT_TO_WORD           REFUSED   [UNSUPPORTED] 'VltPkn_196': the IDE refused to create its method 'SINT_TO_WORD': TwinCAT PLC automation call (ITcSmTreeItem:CreateChild) failed: Creating the child named 'SINT_TO_WORD' is not possible on node (Name mismatch)\nPath: 'TIPC^Untitled1^Untitled1 Project^VltPkn_1
METHOD    SINT_TO_DWORD          REFUSED   [UNSUPPORTED] 'VltPkn_197': the IDE refused to create its method 'SINT_TO_DWORD': TwinCAT PLC automation call (ITcSmTreeItem:CreateChild) failed: Creating the child named 'SINT_TO_DWORD' is not possible on node (Name mismatch)\nPath: 'TIPC^Untitled1^Untitled1 Project^VltPkn
METHOD    SINT_TO_LWORD          REFUSED   [UNSUPPORTED] 'VltPkn_198': the IDE refused to create its method 'SINT_TO_LWORD': TwinCAT PLC automation call (ITcSmTreeItem:CreateChild) failed: Creating the child named 'SINT_TO_LWORD' is not possible on node (Name mismatch)\nPath: 'TIPC^Untitled1^Untitled1 Project^VltPkn
METHOD    SINT_TO_INT            REFUSED   [UNSUPPORTED] 'VltPkn_199': the IDE refused to create its method 'SINT_TO_INT': TwinCAT PLC automation call (ITcSmTreeItem:CreateChild) failed: Creating the child named 'SINT_TO_INT' is not possible on node (Name mismatch)\nPath: 'TIPC^Untitled1^Untitled1 Project^VltPkn_199
METHOD    SINT_TO_DINT           REFUSED   [UNSUPPORTED] 'VltPkn_200': the IDE refused to create its method 'SINT_TO_DINT': TwinCAT PLC automation call (ITcSmTreeItem:CreateChild) failed: Creating the child named 'SINT_TO_DINT' is not possible on node (Name mismatch)\nPath: 'TIPC^Untitled1^Untitled1 Project^VltPkn_2
METHOD    SINT_TO_LINT           REFUSED   [UNSUPPORTED] 'VltPkn_201': the IDE refused to create its method 'SINT_TO_LINT': TwinCAT PLC automation call (ITcSmTreeItem:CreateChild) failed: Creating the child named 'SINT_TO_LINT' is not possible on node (Name mismatch)\nPath: 'TIPC^Untitled1^Untitled1 Project^VltPkn_2
METHOD    SINT_TO_USINT          REFUSED   [UNSUPPORTED] 'VltPkn_202': the IDE refused to create its method 'SINT_TO_USINT': TwinCAT PLC automation call (ITcSmTreeItem:CreateChild) failed: Creating the child named 'SINT_TO_USINT' is not possible on node (Name mismatch)\nPath: 'TIPC^Untitled1^Untitled1 Project^VltPkn
METHOD    SINT_TO_UINT           REFUSED   [UNSUPPORTED] 'VltPkn_203': the IDE refused to create its method 'SINT_TO_UINT': TwinCAT PLC automation call (ITcSmTreeItem:CreateChild) failed: Creating the child named 'SINT_TO_UINT' is not possible on node (Name mismatch)\nPath: 'TIPC^Untitled1^Untitled1 Project^VltPkn_2
METHOD    SINT_TO_UDINT          REFUSED   [UNSUPPORTED] 'VltPkn_204': the IDE refused to create its method 'SINT_TO_UDINT': TwinCAT PLC automation call (ITcSmTreeItem:CreateChild) failed: Creating the child named 'SINT_TO_UDINT' is not possible on node (Name mismatch)\nPath: 'TIPC^Untitled1^Untitled1 Project^VltPkn
METHOD    SINT_TO_ULINT          REFUSED   [UNSUPPORTED] 'VltPkn_205': the IDE refused to create its method 'SINT_TO_ULINT': TwinCAT PLC automation call (ITcSmTreeItem:CreateChild) failed: Creating the child named 'SINT_TO_ULINT' is not possible on node (Name mismatch)\nPath: 'TIPC^Untitled1^Untitled1 Project^VltPkn
METHOD    SINT_TO_REAL           REFUSED   [UNSUPPORTED] 'VltPkn_206': the IDE refused to create its method 'SINT_TO_REAL': TwinCAT PLC automation call (ITcSmTreeItem:CreateChild) failed: Creating the child named 'SINT_TO_REAL' is not possible on node (Name mismatch)\nPath: 'TIPC^Untitled1^Untitled1 Project^VltPkn_2
METHOD    SINT_TO_LREAL          REFUSED   [UNSUPPORTED] 'VltPkn_207': the IDE refused to create its method 'SINT_TO_LREAL': TwinCAT PLC automation call (ITcSmTreeItem:CreateChild) failed: Creating the child named 'SINT_TO_LREAL' is not possible on node (Name mismatch)\nPath: 'TIPC^Untitled1^Untitled1 Project^VltPkn
METHOD    SINT_TO_TIME           REFUSED   [UNSUPPORTED] 'VltPkn_208': the IDE refused to create its method 'SINT_TO_TIME': TwinCAT PLC automation call (ITcSmTreeItem:CreateChild) failed: Creating the child named 'SINT_TO_TIME' is not possible on node (Name mismatch)\nPath: 'TIPC^Untitled1^Untitled1 Project^VltPkn_2
METHOD    SINT_TO_LTIME          REFUSED   [UNSUPPORTED] 'VltPkn_209': the IDE refused to create its method 'SINT_TO_LTIME': TwinCAT PLC automation call (ITcSmTreeItem:CreateChild) failed: Creating the child named 'SINT_TO_LTIME' is not possible on node (Name mismatch)\nPath: 'TIPC^Untitled1^Untitled1 Project^VltPkn
METHOD    SINT_TO_DATE           REFUSED   [UNSUPPORTED] 'VltPkn_210': the IDE refused to create its method 'SINT_TO_DATE': TwinCAT PLC automation call (ITcSmTreeItem:CreateChild) failed: Creating the child named 'SINT_TO_DATE' is not possible on node (Name mismatch)\nPath: 'TIPC^Untitled1^Untitled1 Project^VltPkn_2
METHOD    SINT_TO_TOD            REFUSED   [UNSUPPORTED] 'VltPkn_211': the IDE refused to create its method 'SINT_TO_TOD': TwinCAT PLC automation call (ITcSmTreeItem:CreateChild) failed: Creating the child named 'SINT_TO_TOD' is not possible on node (Name mismatch)\nPath: 'TIPC^Untitled1^Untitled1 Project^VltPkn_211
METHOD    SINT_TO_DT             REFUSED   [UNSUPPORTED] 'VltPkn_212': the IDE refused to create its method 'SINT_TO_DT': TwinCAT PLC automation call (ITcSmTreeItem:CreateChild) failed: Creating the child named 'SINT_TO_DT' is not possible on node (Name mismatch)\nPath: 'TIPC^Untitled1^Untitled1 Project^VltPkn_212' 
METHOD    SINT_TO_LDATE          ACCEPTED 
METHOD    SINT_TO_LTOD           ACCEPTED 
METHOD    SINT_TO_LDT            ACCEPTED 
METHOD    SINT_TO_STRING         REFUSED   [UNSUPPORTED] 'VltPkn_216': the IDE refused to create its method 'SINT_TO_STRING': TwinCAT PLC automation call (ITcSmTreeItem:CreateChild) failed: Creating the child named 'SINT_TO_STRING' is not possible on node (Name mismatch)\nPath: 'TIPC^Untitled1^Untitled1 Project^VltP
METHOD    SINT_TO_WSTRING        REFUSED   [UNSUPPORTED] 'VltPkn_217': the IDE refused to create its method 'SINT_TO_WSTRING': TwinCAT PLC automation call (ITcSmTreeItem:CreateChild) failed: Creating the child named 'SINT_TO_WSTRING' is not possible on node (Name mismatch)\nPath: 'TIPC^Untitled1^Untitled1 Project^Vl
METHOD    SINT_TO_TIME_OF_DAY    ACCEPTED 
METHOD    SINT_TO_DATE_AND_TIME  ACCEPTED 
METHOD    SINT_TO_LDATE_AND_TIME ACCEPTED 
METHOD    SINT_TO_LTIME_OF_DAY   ACCEPTED 
METHOD    SINT_TO___XINT         REFUSED   [UNSUPPORTED] 'VltPkn_222': the IDE refused to create its method 'SINT_TO___XINT': TwinCAT PLC automation call (ITcSmTreeItem:CreateChild) failed: Creating the child named 'SINT_TO___XINT' is not possible on node (Name mismatch)\nPath: 'TIPC^Untitled1^Untitled1 Project^VltP
METHOD    SINT_TO___UXINT        REFUSED   [UNSUPPORTED] 'VltPkn_223': the IDE refused to create its method 'SINT_TO___UXINT': TwinCAT PLC automation call (ITcSmTreeItem:CreateChild) failed: Creating the child named 'SINT_TO___UXINT' is not possible on node (Name mismatch)\nPath: 'TIPC^Untitled1^Untitled1 Project^Vl
METHOD    SINT_TO___XWORD        REFUSED   [UNSUPPORTED] 'VltPkn_224': the IDE refused to create its method 'SINT_TO___XWORD': TwinCAT PLC automation call (ITcSmTreeItem:CreateChild) failed: Creating the child named 'SINT_TO___XWORD' is not possible on node (Name mismatch)\nPath: 'TIPC^Untitled1^Untitled1 Project^Vl
METHOD    INT_TO_BOOL            REFUSED   [UNSUPPORTED] 'VltPkn_225': the IDE refused to create its method 'INT_TO_BOOL': TwinCAT PLC automation call (ITcSmTreeItem:CreateChild) failed: Creating the child named 'INT_TO_BOOL' is not possible on node (Name mismatch)\nPath: 'TIPC^Untitled1^Untitled1 Project^VltPkn_225
METHOD    INT_TO_BIT             REFUSED   [UNSUPPORTED] 'VltPkn_226': the IDE refused to create its method 'INT_TO_BIT': TwinCAT PLC automation call (ITcSmTreeItem:CreateChild) failed: Creating the child named 'INT_TO_BIT' is not possible on node (Name mismatch)\nPath: 'TIPC^Untitled1^Untitled1 Project^VltPkn_226' 
METHOD    INT_TO_BYTE            REFUSED   [UNSUPPORTED] 'VltPkn_227': the IDE refused to create its method 'INT_TO_BYTE': TwinCAT PLC automation call (ITcSmTreeItem:CreateChild) failed: Creating the child named 'INT_TO_BYTE' is not possible on node (Name mismatch)\nPath: 'TIPC^Untitled1^Untitled1 Project^VltPkn_227
METHOD    INT_TO_WORD            REFUSED   [UNSUPPORTED] 'VltPkn_228': the IDE refused to create its method 'INT_TO_WORD': TwinCAT PLC automation call (ITcSmTreeItem:CreateChild) failed: Creating the child named 'INT_TO_WORD' is not possible on node (Name mismatch)\nPath: 'TIPC^Untitled1^Untitled1 Project^VltPkn_228
METHOD    INT_TO_DWORD           REFUSED   [UNSUPPORTED] 'VltPkn_229': the IDE refused to create its method 'INT_TO_DWORD': TwinCAT PLC automation call (ITcSmTreeItem:CreateChild) failed: Creating the child named 'INT_TO_DWORD' is not possible on node (Name mismatch)\nPath: 'TIPC^Untitled1^Untitled1 Project^VltPkn_2
METHOD    INT_TO_LWORD           REFUSED   [UNSUPPORTED] 'VltPkn_230': the IDE refused to create its method 'INT_TO_LWORD': TwinCAT PLC automation call (ITcSmTreeItem:CreateChild) failed: Creating the child named 'INT_TO_LWORD' is not possible on node (Name mismatch)\nPath: 'TIPC^Untitled1^Untitled1 Project^VltPkn_2
METHOD    INT_TO_SINT            REFUSED   [UNSUPPORTED] 'VltPkn_231': the IDE refused to create its method 'INT_TO_SINT': TwinCAT PLC automation call (ITcSmTreeItem:CreateChild) failed: Creating the child named 'INT_TO_SINT' is not possible on node (Name mismatch)\nPath: 'TIPC^Untitled1^Untitled1 Project^VltPkn_231
METHOD    INT_TO_DINT            REFUSED   [UNSUPPORTED] 'VltPkn_232': the IDE refused to create its method 'INT_TO_DINT': TwinCAT PLC automation call (ITcSmTreeItem:CreateChild) failed: Creating the child named 'INT_TO_DINT' is not possible on node (Name mismatch)\nPath: 'TIPC^Untitled1^Untitled1 Project^VltPkn_232
METHOD    INT_TO_LINT            REFUSED   [UNSUPPORTED] 'VltPkn_233': the IDE refused to create its method 'INT_TO_LINT': TwinCAT PLC automation call (ITcSmTreeItem:CreateChild) failed: Creating the child named 'INT_TO_LINT' is not possible on node (Name mismatch)\nPath: 'TIPC^Untitled1^Untitled1 Project^VltPkn_233
METHOD    INT_TO_USINT           REFUSED   [UNSUPPORTED] 'VltPkn_234': the IDE refused to create its method 'INT_TO_USINT': TwinCAT PLC automation call (ITcSmTreeItem:CreateChild) failed: Creating the child named 'INT_TO_USINT' is not possible on node (Name mismatch)\nPath: 'TIPC^Untitled1^Untitled1 Project^VltPkn_2
METHOD    INT_TO_UINT            REFUSED   [UNSUPPORTED] 'VltPkn_235': the IDE refused to create its method 'INT_TO_UINT': TwinCAT PLC automation call (ITcSmTreeItem:CreateChild) failed: Creating the child named 'INT_TO_UINT' is not possible on node (Name mismatch)\nPath: 'TIPC^Untitled1^Untitled1 Project^VltPkn_235
METHOD    INT_TO_UDINT           REFUSED   [UNSUPPORTED] 'VltPkn_236': the IDE refused to create its method 'INT_TO_UDINT': TwinCAT PLC automation call (ITcSmTreeItem:CreateChild) failed: Creating the child named 'INT_TO_UDINT' is not possible on node (Name mismatch)\nPath: 'TIPC^Untitled1^Untitled1 Project^VltPkn_2
METHOD    INT_TO_ULINT           REFUSED   [UNSUPPORTED] 'VltPkn_237': the IDE refused to create its method 'INT_TO_ULINT': TwinCAT PLC automation call (ITcSmTreeItem:CreateChild) failed: Creating the child named 'INT_TO_ULINT' is not possible on node (Name mismatch)\nPath: 'TIPC^Untitled1^Untitled1 Project^VltPkn_2
METHOD    INT_TO_REAL            REFUSED   [UNSUPPORTED] 'VltPkn_238': the IDE refused to create its method 'INT_TO_REAL': TwinCAT PLC automation call (ITcSmTreeItem:CreateChild) failed: Creating the child named 'INT_TO_REAL' is not possible on node (Name mismatch)\nPath: 'TIPC^Untitled1^Untitled1 Project^VltPkn_238
METHOD    INT_TO_LREAL           REFUSED   [UNSUPPORTED] 'VltPkn_239': the IDE refused to create its method 'INT_TO_LREAL': TwinCAT PLC automation call (ITcSmTreeItem:CreateChild) failed: Creating the child named 'INT_TO_LREAL' is not possible on node (Name mismatch)\nPath: 'TIPC^Untitled1^Untitled1 Project^VltPkn_2
METHOD    INT_TO_TIME            REFUSED   [UNSUPPORTED] 'VltPkn_240': the IDE refused to create its method 'INT_TO_TIME': TwinCAT PLC automation call (ITcSmTreeItem:CreateChild) failed: Creating the child named 'INT_TO_TIME' is not possible on node (Name mismatch)\nPath: 'TIPC^Untitled1^Untitled1 Project^VltPkn_240
METHOD    INT_TO_LTIME           REFUSED   [UNSUPPORTED] 'VltPkn_241': the IDE refused to create its method 'INT_TO_LTIME': TwinCAT PLC automation call (ITcSmTreeItem:CreateChild) failed: Creating the child named 'INT_TO_LTIME' is not possible on node (Name mismatch)\nPath: 'TIPC^Untitled1^Untitled1 Project^VltPkn_2
METHOD    INT_TO_DATE            REFUSED   [UNSUPPORTED] 'VltPkn_242': the IDE refused to create its method 'INT_TO_DATE': TwinCAT PLC automation call (ITcSmTreeItem:CreateChild) failed: Creating the child named 'INT_TO_DATE' is not possible on node (Name mismatch)\nPath: 'TIPC^Untitled1^Untitled1 Project^VltPkn_242
METHOD    INT_TO_TOD             REFUSED   [UNSUPPORTED] 'VltPkn_243': the IDE refused to create its method 'INT_TO_TOD': TwinCAT PLC automation call (ITcSmTreeItem:CreateChild) failed: Creating the child named 'INT_TO_TOD' is not possible on node (Name mismatch)\nPath: 'TIPC^Untitled1^Untitled1 Project^VltPkn_243' 
METHOD    INT_TO_DT              REFUSED   [UNSUPPORTED] 'VltPkn_244': the IDE refused to create its method 'INT_TO_DT': TwinCAT PLC automation call (ITcSmTreeItem:CreateChild) failed: Creating the child named 'INT_TO_DT' is not possible on node (Name mismatch)\nPath: 'TIPC^Untitled1^Untitled1 Project^VltPkn_244' (I
METHOD    INT_TO_LDATE           ACCEPTED 
METHOD    INT_TO_LTOD            ACCEPTED 
METHOD    INT_TO_LDT             ACCEPTED 
METHOD    INT_TO_STRING          REFUSED   [UNSUPPORTED] 'VltPkn_248': the IDE refused to create its method 'INT_TO_STRING': TwinCAT PLC automation call (ITcSmTreeItem:CreateChild) failed: Creating the child named 'INT_TO_STRING' is not possible on node (Name mismatch)\nPath: 'TIPC^Untitled1^Untitled1 Project^VltPkn
METHOD    INT_TO_WSTRING         REFUSED   [UNSUPPORTED] 'VltPkn_249': the IDE refused to create its method 'INT_TO_WSTRING': TwinCAT PLC automation call (ITcSmTreeItem:CreateChild) failed: Creating the child named 'INT_TO_WSTRING' is not possible on node (Name mismatch)\nPath: 'TIPC^Untitled1^Untitled1 Project^VltP
METHOD    INT_TO_TIME_OF_DAY     ACCEPTED 
METHOD    INT_TO_DATE_AND_TIME   ACCEPTED 
METHOD    INT_TO_LDATE_AND_TIME  ACCEPTED 
METHOD    INT_TO_LTIME_OF_DAY    ACCEPTED 
METHOD    INT_TO___XINT          REFUSED   [UNSUPPORTED] 'VltPkn_254': the IDE refused to create its method 'INT_TO___XINT': TwinCAT PLC automation call (ITcSmTreeItem:CreateChild) failed: Creating the child named 'INT_TO___XINT' is not possible on node (Name mismatch)\nPath: 'TIPC^Untitled1^Untitled1 Project^VltPkn
METHOD    INT_TO___UXINT         REFUSED   [UNSUPPORTED] 'VltPkn_255': the IDE refused to create its method 'INT_TO___UXINT': TwinCAT PLC automation call (ITcSmTreeItem:CreateChild) failed: Creating the child named 'INT_TO___UXINT' is not possible on node (Name mismatch)\nPath: 'TIPC^Untitled1^Untitled1 Project^VltP
METHOD    INT_TO___XWORD         REFUSED   [UNSUPPORTED] 'VltPkn_256': the IDE refused to create its method 'INT_TO___XWORD': TwinCAT PLC automation call (ITcSmTreeItem:CreateChild) failed: Creating the child named 'INT_TO___XWORD' is not possible on node (Name mismatch)\nPath: 'TIPC^Untitled1^Untitled1 Project^VltP
METHOD    DINT_TO_BOOL           REFUSED   [UNSUPPORTED] 'VltPkn_257': the IDE refused to create its method 'DINT_TO_BOOL': TwinCAT PLC automation call (ITcSmTreeItem:CreateChild) failed: Creating the child named 'DINT_TO_BOOL' is not possible on node (Name mismatch)\nPath: 'TIPC^Untitled1^Untitled1 Project^VltPkn_2
METHOD    DINT_TO_BIT            REFUSED   [UNSUPPORTED] 'VltPkn_258': the IDE refused to create its method 'DINT_TO_BIT': TwinCAT PLC automation call (ITcSmTreeItem:CreateChild) failed: Creating the child named 'DINT_TO_BIT' is not possible on node (Name mismatch)\nPath: 'TIPC^Untitled1^Untitled1 Project^VltPkn_258
METHOD    DINT_TO_BYTE           REFUSED   [UNSUPPORTED] 'VltPkn_259': the IDE refused to create its method 'DINT_TO_BYTE': TwinCAT PLC automation call (ITcSmTreeItem:CreateChild) failed: Creating the child named 'DINT_TO_BYTE' is not possible on node (Name mismatch)\nPath: 'TIPC^Untitled1^Untitled1 Project^VltPkn_2
METHOD    DINT_TO_WORD           REFUSED   [UNSUPPORTED] 'VltPkn_260': the IDE refused to create its method 'DINT_TO_WORD': TwinCAT PLC automation call (ITcSmTreeItem:CreateChild) failed: Creating the child named 'DINT_TO_WORD' is not possible on node (Name mismatch)\nPath: 'TIPC^Untitled1^Untitled1 Project^VltPkn_2
METHOD    DINT_TO_DWORD          REFUSED   [UNSUPPORTED] 'VltPkn_261': the IDE refused to create its method 'DINT_TO_DWORD': TwinCAT PLC automation call (ITcSmTreeItem:CreateChild) failed: Creating the child named 'DINT_TO_DWORD' is not possible on node (Name mismatch)\nPath: 'TIPC^Untitled1^Untitled1 Project^VltPkn
METHOD    DINT_TO_LWORD          REFUSED   [UNSUPPORTED] 'VltPkn_262': the IDE refused to create its method 'DINT_TO_LWORD': TwinCAT PLC automation call (ITcSmTreeItem:CreateChild) failed: Creating the child named 'DINT_TO_LWORD' is not possible on node (Name mismatch)\nPath: 'TIPC^Untitled1^Untitled1 Project^VltPkn
METHOD    DINT_TO_SINT           REFUSED   [UNSUPPORTED] 'VltPkn_263': the IDE refused to create its method 'DINT_TO_SINT': TwinCAT PLC automation call (ITcSmTreeItem:CreateChild) failed: Creating the child named 'DINT_TO_SINT' is not possible on node (Name mismatch)\nPath: 'TIPC^Untitled1^Untitled1 Project^VltPkn_2
METHOD    DINT_TO_INT            REFUSED   [UNSUPPORTED] 'VltPkn_264': the IDE refused to create its method 'DINT_TO_INT': TwinCAT PLC automation call (ITcSmTreeItem:CreateChild) failed: Creating the child named 'DINT_TO_INT' is not possible on node (Name mismatch)\nPath: 'TIPC^Untitled1^Untitled1 Project^VltPkn_264
METHOD    DINT_TO_LINT           REFUSED   [UNSUPPORTED] 'VltPkn_265': the IDE refused to create its method 'DINT_TO_LINT': TwinCAT PLC automation call (ITcSmTreeItem:CreateChild) failed: Creating the child named 'DINT_TO_LINT' is not possible on node (Name mismatch)\nPath: 'TIPC^Untitled1^Untitled1 Project^VltPkn_2
METHOD    DINT_TO_USINT          REFUSED   [UNSUPPORTED] 'VltPkn_266': the IDE refused to create its method 'DINT_TO_USINT': TwinCAT PLC automation call (ITcSmTreeItem:CreateChild) failed: Creating the child named 'DINT_TO_USINT' is not possible on node (Name mismatch)\nPath: 'TIPC^Untitled1^Untitled1 Project^VltPkn
METHOD    DINT_TO_UINT           REFUSED   [UNSUPPORTED] 'VltPkn_267': the IDE refused to create its method 'DINT_TO_UINT': TwinCAT PLC automation call (ITcSmTreeItem:CreateChild) failed: Creating the child named 'DINT_TO_UINT' is not possible on node (Name mismatch)\nPath: 'TIPC^Untitled1^Untitled1 Project^VltPkn_2
METHOD    DINT_TO_UDINT          REFUSED   [UNSUPPORTED] 'VltPkn_268': the IDE refused to create its method 'DINT_TO_UDINT': TwinCAT PLC automation call (ITcSmTreeItem:CreateChild) failed: Creating the child named 'DINT_TO_UDINT' is not possible on node (Name mismatch)\nPath: 'TIPC^Untitled1^Untitled1 Project^VltPkn
METHOD    DINT_TO_ULINT          REFUSED   [UNSUPPORTED] 'VltPkn_269': the IDE refused to create its method 'DINT_TO_ULINT': TwinCAT PLC automation call (ITcSmTreeItem:CreateChild) failed: Creating the child named 'DINT_TO_ULINT' is not possible on node (Name mismatch)\nPath: 'TIPC^Untitled1^Untitled1 Project^VltPkn
METHOD    DINT_TO_REAL           REFUSED   [UNSUPPORTED] 'VltPkn_270': the IDE refused to create its method 'DINT_TO_REAL': TwinCAT PLC automation call (ITcSmTreeItem:CreateChild) failed: Creating the child named 'DINT_TO_REAL' is not possible on node (Name mismatch)\nPath: 'TIPC^Untitled1^Untitled1 Project^VltPkn_2
METHOD    DINT_TO_LREAL          REFUSED   [UNSUPPORTED] 'VltPkn_271': the IDE refused to create its method 'DINT_TO_LREAL': TwinCAT PLC automation call (ITcSmTreeItem:CreateChild) failed: Creating the child named 'DINT_TO_LREAL' is not possible on node (Name mismatch)\nPath: 'TIPC^Untitled1^Untitled1 Project^VltPkn
METHOD    DINT_TO_TIME           REFUSED   [UNSUPPORTED] 'VltPkn_272': the IDE refused to create its method 'DINT_TO_TIME': TwinCAT PLC automation call (ITcSmTreeItem:CreateChild) failed: Creating the child named 'DINT_TO_TIME' is not possible on node (Name mismatch)\nPath: 'TIPC^Untitled1^Untitled1 Project^VltPkn_2
METHOD    DINT_TO_LTIME          REFUSED   [UNSUPPORTED] 'VltPkn_273': the IDE refused to create its method 'DINT_TO_LTIME': TwinCAT PLC automation call (ITcSmTreeItem:CreateChild) failed: Creating the child named 'DINT_TO_LTIME' is not possible on node (Name mismatch)\nPath: 'TIPC^Untitled1^Untitled1 Project^VltPkn
METHOD    DINT_TO_DATE           REFUSED   [UNSUPPORTED] 'VltPkn_274': the IDE refused to create its method 'DINT_TO_DATE': TwinCAT PLC automation call (ITcSmTreeItem:CreateChild) failed: Creating the child named 'DINT_TO_DATE' is not possible on node (Name mismatch)\nPath: 'TIPC^Untitled1^Untitled1 Project^VltPkn_2
METHOD    DINT_TO_TOD            REFUSED   [UNSUPPORTED] 'VltPkn_275': the IDE refused to create its method 'DINT_TO_TOD': TwinCAT PLC automation call (ITcSmTreeItem:CreateChild) failed: Creating the child named 'DINT_TO_TOD' is not possible on node (Name mismatch)\nPath: 'TIPC^Untitled1^Untitled1 Project^VltPkn_275
METHOD    DINT_TO_DT             REFUSED   [UNSUPPORTED] 'VltPkn_276': the IDE refused to create its method 'DINT_TO_DT': TwinCAT PLC automation call (ITcSmTreeItem:CreateChild) failed: Creating the child named 'DINT_TO_DT' is not possible on node (Name mismatch)\nPath: 'TIPC^Untitled1^Untitled1 Project^VltPkn_276' 
METHOD    DINT_TO_LDATE          ACCEPTED 
METHOD    DINT_TO_LTOD           ACCEPTED 
METHOD    DINT_TO_LDT            ACCEPTED 
METHOD    DINT_TO_STRING         REFUSED   [UNSUPPORTED] 'VltPkn_280': the IDE refused to create its method 'DINT_TO_STRING': TwinCAT PLC automation call (ITcSmTreeItem:CreateChild) failed: Creating the child named 'DINT_TO_STRING' is not possible on node (Name mismatch)\nPath: 'TIPC^Untitled1^Untitled1 Project^VltP
METHOD    DINT_TO_WSTRING        REFUSED   [UNSUPPORTED] 'VltPkn_281': the IDE refused to create its method 'DINT_TO_WSTRING': TwinCAT PLC automation call (ITcSmTreeItem:CreateChild) failed: Creating the child named 'DINT_TO_WSTRING' is not possible on node (Name mismatch)\nPath: 'TIPC^Untitled1^Untitled1 Project^Vl
METHOD    DINT_TO_TIME_OF_DAY    ACCEPTED 
METHOD    DINT_TO_DATE_AND_TIME  ACCEPTED 
METHOD    DINT_TO_LDATE_AND_TIME ACCEPTED 
METHOD    DINT_TO_LTIME_OF_DAY   ACCEPTED 
METHOD    DINT_TO___XINT         REFUSED   [UNSUPPORTED] 'VltPkn_286': the IDE refused to create its method 'DINT_TO___XINT': TwinCAT PLC automation call (ITcSmTreeItem:CreateChild) failed: Creating the child named 'DINT_TO___XINT' is not possible on node (Name mismatch)\nPath: 'TIPC^Untitled1^Untitled1 Project^VltP
METHOD    DINT_TO___UXINT        REFUSED   [UNSUPPORTED] 'VltPkn_287': the IDE refused to create its method 'DINT_TO___UXINT': TwinCAT PLC automation call (ITcSmTreeItem:CreateChild) failed: Creating the child named 'DINT_TO___UXINT' is not possible on node (Name mismatch)\nPath: 'TIPC^Untitled1^Untitled1 Project^Vl
METHOD    DINT_TO___XWORD        REFUSED   [UNSUPPORTED] 'VltPkn_288': the IDE refused to create its method 'DINT_TO___XWORD': TwinCAT PLC automation call (ITcSmTreeItem:CreateChild) failed: Creating the child named 'DINT_TO___XWORD' is not possible on node (Name mismatch)\nPath: 'TIPC^Untitled1^Untitled1 Project^Vl
METHOD    LINT_TO_BOOL           REFUSED   [UNSUPPORTED] 'VltPkn_289': the IDE refused to create its method 'LINT_TO_BOOL': TwinCAT PLC automation call (ITcSmTreeItem:CreateChild) failed: Creating the child named 'LINT_TO_BOOL' is not possible on node (Name mismatch)\nPath: 'TIPC^Untitled1^Untitled1 Project^VltPkn_2
METHOD    LINT_TO_BIT            REFUSED   [UNSUPPORTED] 'VltPkn_290': the IDE refused to create its method 'LINT_TO_BIT': TwinCAT PLC automation call (ITcSmTreeItem:CreateChild) failed: Creating the child named 'LINT_TO_BIT' is not possible on node (Name mismatch)\nPath: 'TIPC^Untitled1^Untitled1 Project^VltPkn_290
METHOD    LINT_TO_BYTE           REFUSED   [UNSUPPORTED] 'VltPkn_291': the IDE refused to create its method 'LINT_TO_BYTE': TwinCAT PLC automation call (ITcSmTreeItem:CreateChild) failed: Creating the child named 'LINT_TO_BYTE' is not possible on node (Name mismatch)\nPath: 'TIPC^Untitled1^Untitled1 Project^VltPkn_2
METHOD    LINT_TO_WORD           REFUSED   [UNSUPPORTED] 'VltPkn_292': the IDE refused to create its method 'LINT_TO_WORD': TwinCAT PLC automation call (ITcSmTreeItem:CreateChild) failed: Creating the child named 'LINT_TO_WORD' is not possible on node (Name mismatch)\nPath: 'TIPC^Untitled1^Untitled1 Project^VltPkn_2
METHOD    LINT_TO_DWORD          REFUSED   [UNSUPPORTED] 'VltPkn_293': the IDE refused to create its method 'LINT_TO_DWORD': TwinCAT PLC automation call (ITcSmTreeItem:CreateChild) failed: Creating the child named 'LINT_TO_DWORD' is not possible on node (Name mismatch)\nPath: 'TIPC^Untitled1^Untitled1 Project^VltPkn
METHOD    LINT_TO_LWORD          REFUSED   [UNSUPPORTED] 'VltPkn_294': the IDE refused to create its method 'LINT_TO_LWORD': TwinCAT PLC automation call (ITcSmTreeItem:CreateChild) failed: Creating the child named 'LINT_TO_LWORD' is not possible on node (Name mismatch)\nPath: 'TIPC^Untitled1^Untitled1 Project^VltPkn
METHOD    LINT_TO_SINT           REFUSED   [UNSUPPORTED] 'VltPkn_295': the IDE refused to create its method 'LINT_TO_SINT': TwinCAT PLC automation call (ITcSmTreeItem:CreateChild) failed: Creating the child named 'LINT_TO_SINT' is not possible on node (Name mismatch)\nPath: 'TIPC^Untitled1^Untitled1 Project^VltPkn_2
METHOD    LINT_TO_INT            REFUSED   [UNSUPPORTED] 'VltPkn_296': the IDE refused to create its method 'LINT_TO_INT': TwinCAT PLC automation call (ITcSmTreeItem:CreateChild) failed: Creating the child named 'LINT_TO_INT' is not possible on node (Name mismatch)\nPath: 'TIPC^Untitled1^Untitled1 Project^VltPkn_296
METHOD    LINT_TO_DINT           REFUSED   [UNSUPPORTED] 'VltPkn_297': the IDE refused to create its method 'LINT_TO_DINT': TwinCAT PLC automation call (ITcSmTreeItem:CreateChild) failed: Creating the child named 'LINT_TO_DINT' is not possible on node (Name mismatch)\nPath: 'TIPC^Untitled1^Untitled1 Project^VltPkn_2
METHOD    LINT_TO_USINT          REFUSED   [UNSUPPORTED] 'VltPkn_298': the IDE refused to create its method 'LINT_TO_USINT': TwinCAT PLC automation call (ITcSmTreeItem:CreateChild) failed: Creating the child named 'LINT_TO_USINT' is not possible on node (Name mismatch)\nPath: 'TIPC^Untitled1^Untitled1 Project^VltPkn
METHOD    LINT_TO_UINT           REFUSED   [UNSUPPORTED] 'VltPkn_299': the IDE refused to create its method 'LINT_TO_UINT': TwinCAT PLC automation call (ITcSmTreeItem:CreateChild) failed: Creating the child named 'LINT_TO_UINT' is not possible on node (Name mismatch)\nPath: 'TIPC^Untitled1^Untitled1 Project^VltPkn_2
METHOD    LINT_TO_UDINT          REFUSED   [UNSUPPORTED] 'VltPkn_300': the IDE refused to create its method 'LINT_TO_UDINT': TwinCAT PLC automation call (ITcSmTreeItem:CreateChild) failed: Creating the child named 'LINT_TO_UDINT' is not possible on node (Name mismatch)\nPath: 'TIPC^Untitled1^Untitled1 Project^VltPkn
METHOD    LINT_TO_ULINT          REFUSED   [UNSUPPORTED] 'VltPkn_301': the IDE refused to create its method 'LINT_TO_ULINT': TwinCAT PLC automation call (ITcSmTreeItem:CreateChild) failed: Creating the child named 'LINT_TO_ULINT' is not possible on node (Name mismatch)\nPath: 'TIPC^Untitled1^Untitled1 Project^VltPkn
METHOD    LINT_TO_REAL           REFUSED   [UNSUPPORTED] 'VltPkn_302': the IDE refused to create its method 'LINT_TO_REAL': TwinCAT PLC automation call (ITcSmTreeItem:CreateChild) failed: Creating the child named 'LINT_TO_REAL' is not possible on node (Name mismatch)\nPath: 'TIPC^Untitled1^Untitled1 Project^VltPkn_3
METHOD    LINT_TO_LREAL          REFUSED   [UNSUPPORTED] 'VltPkn_303': the IDE refused to create its method 'LINT_TO_LREAL': TwinCAT PLC automation call (ITcSmTreeItem:CreateChild) failed: Creating the child named 'LINT_TO_LREAL' is not possible on node (Name mismatch)\nPath: 'TIPC^Untitled1^Untitled1 Project^VltPkn
METHOD    LINT_TO_TIME           REFUSED   [UNSUPPORTED] 'VltPkn_304': the IDE refused to create its method 'LINT_TO_TIME': TwinCAT PLC automation call (ITcSmTreeItem:CreateChild) failed: Creating the child named 'LINT_TO_TIME' is not possible on node (Name mismatch)\nPath: 'TIPC^Untitled1^Untitled1 Project^VltPkn_3
METHOD    LINT_TO_LTIME          REFUSED   [UNSUPPORTED] 'VltPkn_305': the IDE refused to create its method 'LINT_TO_LTIME': TwinCAT PLC automation call (ITcSmTreeItem:CreateChild) failed: Creating the child named 'LINT_TO_LTIME' is not possible on node (Name mismatch)\nPath: 'TIPC^Untitled1^Untitled1 Project^VltPkn
METHOD    LINT_TO_DATE           REFUSED   [UNSUPPORTED] 'VltPkn_306': the IDE refused to create its method 'LINT_TO_DATE': TwinCAT PLC automation call (ITcSmTreeItem:CreateChild) failed: Creating the child named 'LINT_TO_DATE' is not possible on node (Name mismatch)\nPath: 'TIPC^Untitled1^Untitled1 Project^VltPkn_3
METHOD    LINT_TO_TOD            REFUSED   [UNSUPPORTED] 'VltPkn_307': the IDE refused to create its method 'LINT_TO_TOD': TwinCAT PLC automation call (ITcSmTreeItem:CreateChild) failed: Creating the child named 'LINT_TO_TOD' is not possible on node (Name mismatch)\nPath: 'TIPC^Untitled1^Untitled1 Project^VltPkn_307
METHOD    LINT_TO_DT             REFUSED   [UNSUPPORTED] 'VltPkn_308': the IDE refused to create its method 'LINT_TO_DT': TwinCAT PLC automation call (ITcSmTreeItem:CreateChild) failed: Creating the child named 'LINT_TO_DT' is not possible on node (Name mismatch)\nPath: 'TIPC^Untitled1^Untitled1 Project^VltPkn_308' 
METHOD    LINT_TO_LDATE          ACCEPTED 
METHOD    LINT_TO_LTOD           ACCEPTED 
METHOD    LINT_TO_LDT            ACCEPTED 
METHOD    LINT_TO_STRING         REFUSED   [UNSUPPORTED] 'VltPkn_312': the IDE refused to create its method 'LINT_TO_STRING': TwinCAT PLC automation call (ITcSmTreeItem:CreateChild) failed: Creating the child named 'LINT_TO_STRING' is not possible on node (Name mismatch)\nPath: 'TIPC^Untitled1^Untitled1 Project^VltP
METHOD    LINT_TO_WSTRING        REFUSED   [UNSUPPORTED] 'VltPkn_313': the IDE refused to create its method 'LINT_TO_WSTRING': TwinCAT PLC automation call (ITcSmTreeItem:CreateChild) failed: Creating the child named 'LINT_TO_WSTRING' is not possible on node (Name mismatch)\nPath: 'TIPC^Untitled1^Untitled1 Project^Vl
METHOD    LINT_TO_TIME_OF_DAY    ACCEPTED 
METHOD    LINT_TO_DATE_AND_TIME  ACCEPTED 
METHOD    LINT_TO_LDATE_AND_TIME ACCEPTED 
METHOD    LINT_TO_LTIME_OF_DAY   ACCEPTED 
METHOD    LINT_TO___XINT         REFUSED   [UNSUPPORTED] 'VltPkn_318': the IDE refused to create its method 'LINT_TO___XINT': TwinCAT PLC automation call (ITcSmTreeItem:CreateChild) failed: Creating the child named 'LINT_TO___XINT' is not possible on node (Name mismatch)\nPath: 'TIPC^Untitled1^Untitled1 Project^VltP
METHOD    LINT_TO___UXINT        REFUSED   [UNSUPPORTED] 'VltPkn_319': the IDE refused to create its method 'LINT_TO___UXINT': TwinCAT PLC automation call (ITcSmTreeItem:CreateChild) failed: Creating the child named 'LINT_TO___UXINT' is not possible on node (Name mismatch)\nPath: 'TIPC^Untitled1^Untitled1 Project^Vl
METHOD    LINT_TO___XWORD        REFUSED   [UNSUPPORTED] 'VltPkn_320': the IDE refused to create its method 'LINT_TO___XWORD': TwinCAT PLC automation call (ITcSmTreeItem:CreateChild) failed: Creating the child named 'LINT_TO___XWORD' is not possible on node (Name mismatch)\nPath: 'TIPC^Untitled1^Untitled1 Project^Vl
METHOD    USINT_TO_BOOL          REFUSED   [UNSUPPORTED] 'VltPkn_321': the IDE refused to create its method 'USINT_TO_BOOL': TwinCAT PLC automation call (ITcSmTreeItem:CreateChild) failed: Creating the child named 'USINT_TO_BOOL' is not possible on node (Name mismatch)\nPath: 'TIPC^Untitled1^Untitled1 Project^VltPkn
METHOD    USINT_TO_BIT           REFUSED   [UNSUPPORTED] 'VltPkn_322': the IDE refused to create its method 'USINT_TO_BIT': TwinCAT PLC automation call (ITcSmTreeItem:CreateChild) failed: Creating the child named 'USINT_TO_BIT' is not possible on node (Name mismatch)\nPath: 'TIPC^Untitled1^Untitled1 Project^VltPkn_3
METHOD    USINT_TO_BYTE          REFUSED   [UNSUPPORTED] 'VltPkn_323': the IDE refused to create its method 'USINT_TO_BYTE': TwinCAT PLC automation call (ITcSmTreeItem:CreateChild) failed: Creating the child named 'USINT_TO_BYTE' is not possible on node (Name mismatch)\nPath: 'TIPC^Untitled1^Untitled1 Project^VltPkn
METHOD    USINT_TO_WORD          REFUSED   [UNSUPPORTED] 'VltPkn_324': the IDE refused to create its method 'USINT_TO_WORD': TwinCAT PLC automation call (ITcSmTreeItem:CreateChild) failed: Creating the child named 'USINT_TO_WORD' is not possible on node (Name mismatch)\nPath: 'TIPC^Untitled1^Untitled1 Project^VltPkn
METHOD    USINT_TO_DWORD         REFUSED   [UNSUPPORTED] 'VltPkn_325': the IDE refused to create its method 'USINT_TO_DWORD': TwinCAT PLC automation call (ITcSmTreeItem:CreateChild) failed: Creating the child named 'USINT_TO_DWORD' is not possible on node (Name mismatch)\nPath: 'TIPC^Untitled1^Untitled1 Project^VltP
METHOD    USINT_TO_LWORD         REFUSED   [UNSUPPORTED] 'VltPkn_326': the IDE refused to create its method 'USINT_TO_LWORD': TwinCAT PLC automation call (ITcSmTreeItem:CreateChild) failed: Creating the child named 'USINT_TO_LWORD' is not possible on node (Name mismatch)\nPath: 'TIPC^Untitled1^Untitled1 Project^VltP
METHOD    USINT_TO_SINT          REFUSED   [UNSUPPORTED] 'VltPkn_327': the IDE refused to create its method 'USINT_TO_SINT': TwinCAT PLC automation call (ITcSmTreeItem:CreateChild) failed: Creating the child named 'USINT_TO_SINT' is not possible on node (Name mismatch)\nPath: 'TIPC^Untitled1^Untitled1 Project^VltPkn
METHOD    USINT_TO_INT           REFUSED   [UNSUPPORTED] 'VltPkn_328': the IDE refused to create its method 'USINT_TO_INT': TwinCAT PLC automation call (ITcSmTreeItem:CreateChild) failed: Creating the child named 'USINT_TO_INT' is not possible on node (Name mismatch)\nPath: 'TIPC^Untitled1^Untitled1 Project^VltPkn_3
METHOD    USINT_TO_DINT          REFUSED   [UNSUPPORTED] 'VltPkn_329': the IDE refused to create its method 'USINT_TO_DINT': TwinCAT PLC automation call (ITcSmTreeItem:CreateChild) failed: Creating the child named 'USINT_TO_DINT' is not possible on node (Name mismatch)\nPath: 'TIPC^Untitled1^Untitled1 Project^VltPkn
METHOD    USINT_TO_LINT          REFUSED   [UNSUPPORTED] 'VltPkn_330': the IDE refused to create its method 'USINT_TO_LINT': TwinCAT PLC automation call (ITcSmTreeItem:CreateChild) failed: Creating the child named 'USINT_TO_LINT' is not possible on node (Name mismatch)\nPath: 'TIPC^Untitled1^Untitled1 Project^VltPkn
METHOD    USINT_TO_UINT          REFUSED   [UNSUPPORTED] 'VltPkn_331': the IDE refused to create its method 'USINT_TO_UINT': TwinCAT PLC automation call (ITcSmTreeItem:CreateChild) failed: Creating the child named 'USINT_TO_UINT' is not possible on node (Name mismatch)\nPath: 'TIPC^Untitled1^Untitled1 Project^VltPkn
METHOD    USINT_TO_UDINT         REFUSED   [UNSUPPORTED] 'VltPkn_332': the IDE refused to create its method 'USINT_TO_UDINT': TwinCAT PLC automation call (ITcSmTreeItem:CreateChild) failed: Creating the child named 'USINT_TO_UDINT' is not possible on node (Name mismatch)\nPath: 'TIPC^Untitled1^Untitled1 Project^VltP
METHOD    USINT_TO_ULINT         REFUSED   [UNSUPPORTED] 'VltPkn_333': the IDE refused to create its method 'USINT_TO_ULINT': TwinCAT PLC automation call (ITcSmTreeItem:CreateChild) failed: Creating the child named 'USINT_TO_ULINT' is not possible on node (Name mismatch)\nPath: 'TIPC^Untitled1^Untitled1 Project^VltP
METHOD    USINT_TO_REAL          REFUSED   [UNSUPPORTED] 'VltPkn_334': the IDE refused to create its method 'USINT_TO_REAL': TwinCAT PLC automation call (ITcSmTreeItem:CreateChild) failed: Creating the child named 'USINT_TO_REAL' is not possible on node (Name mismatch)\nPath: 'TIPC^Untitled1^Untitled1 Project^VltPkn
METHOD    USINT_TO_LREAL         REFUSED   [UNSUPPORTED] 'VltPkn_335': the IDE refused to create its method 'USINT_TO_LREAL': TwinCAT PLC automation call (ITcSmTreeItem:CreateChild) failed: Creating the child named 'USINT_TO_LREAL' is not possible on node (Name mismatch)\nPath: 'TIPC^Untitled1^Untitled1 Project^VltP
METHOD    USINT_TO_TIME          REFUSED   [UNSUPPORTED] 'VltPkn_336': the IDE refused to create its method 'USINT_TO_TIME': TwinCAT PLC automation call (ITcSmTreeItem:CreateChild) failed: Creating the child named 'USINT_TO_TIME' is not possible on node (Name mismatch)\nPath: 'TIPC^Untitled1^Untitled1 Project^VltPkn
METHOD    USINT_TO_LTIME         REFUSED   [UNSUPPORTED] 'VltPkn_337': the IDE refused to create its method 'USINT_TO_LTIME': TwinCAT PLC automation call (ITcSmTreeItem:CreateChild) failed: Creating the child named 'USINT_TO_LTIME' is not possible on node (Name mismatch)\nPath: 'TIPC^Untitled1^Untitled1 Project^VltP
METHOD    USINT_TO_DATE          REFUSED   [UNSUPPORTED] 'VltPkn_338': the IDE refused to create its method 'USINT_TO_DATE': TwinCAT PLC automation call (ITcSmTreeItem:CreateChild) failed: Creating the child named 'USINT_TO_DATE' is not possible on node (Name mismatch)\nPath: 'TIPC^Untitled1^Untitled1 Project^VltPkn
METHOD    USINT_TO_TOD           REFUSED   [UNSUPPORTED] 'VltPkn_339': the IDE refused to create its method 'USINT_TO_TOD': TwinCAT PLC automation call (ITcSmTreeItem:CreateChild) failed: Creating the child named 'USINT_TO_TOD' is not possible on node (Name mismatch)\nPath: 'TIPC^Untitled1^Untitled1 Project^VltPkn_3
METHOD    USINT_TO_DT            REFUSED   [UNSUPPORTED] 'VltPkn_340': the IDE refused to create its method 'USINT_TO_DT': TwinCAT PLC automation call (ITcSmTreeItem:CreateChild) failed: Creating the child named 'USINT_TO_DT' is not possible on node (Name mismatch)\nPath: 'TIPC^Untitled1^Untitled1 Project^VltPkn_340
METHOD    USINT_TO_LDATE         ACCEPTED 
METHOD    USINT_TO_LTOD          ACCEPTED 
METHOD    USINT_TO_LDT           ACCEPTED 
METHOD    USINT_TO_STRING        REFUSED   [UNSUPPORTED] 'VltPkn_344': the IDE refused to create its method 'USINT_TO_STRING': TwinCAT PLC automation call (ITcSmTreeItem:CreateChild) failed: Creating the child named 'USINT_TO_STRING' is not possible on node (Name mismatch)\nPath: 'TIPC^Untitled1^Untitled1 Project^Vl
METHOD    USINT_TO_WSTRING       REFUSED   [UNSUPPORTED] 'VltPkn_345': the IDE refused to create its method 'USINT_TO_WSTRING': TwinCAT PLC automation call (ITcSmTreeItem:CreateChild) failed: Creating the child named 'USINT_TO_WSTRING' is not possible on node (Name mismatch)\nPath: 'TIPC^Untitled1^Untitled1 Project^
METHOD    USINT_TO_TIME_OF_DAY   ACCEPTED 
METHOD    USINT_TO_DATE_AND_TIME ACCEPTED 
METHOD    USINT_TO_LDATE_AND_TIME ACCEPTED 
METHOD    USINT_TO_LTIME_OF_DAY  ACCEPTED 
METHOD    USINT_TO___XINT        REFUSED   [UNSUPPORTED] 'VltPkn_350': the IDE refused to create its method 'USINT_TO___XINT': TwinCAT PLC automation call (ITcSmTreeItem:CreateChild) failed: Creating the child named 'USINT_TO___XINT' is not possible on node (Name mismatch)\nPath: 'TIPC^Untitled1^Untitled1 Project^Vl
METHOD    USINT_TO___UXINT       REFUSED   [UNSUPPORTED] 'VltPkn_351': the IDE refused to create its method 'USINT_TO___UXINT': TwinCAT PLC automation call (ITcSmTreeItem:CreateChild) failed: Creating the child named 'USINT_TO___UXINT' is not possible on node (Name mismatch)\nPath: 'TIPC^Untitled1^Untitled1 Project^
METHOD    USINT_TO___XWORD       REFUSED   [UNSUPPORTED] 'VltPkn_352': the IDE refused to create its method 'USINT_TO___XWORD': TwinCAT PLC automation call (ITcSmTreeItem:CreateChild) failed: Creating the child named 'USINT_TO___XWORD' is not possible on node (Name mismatch)\nPath: 'TIPC^Untitled1^Untitled1 Project^
METHOD    UINT_TO_BOOL           REFUSED   [UNSUPPORTED] 'VltPkn_353': the IDE refused to create its method 'UINT_TO_BOOL': TwinCAT PLC automation call (ITcSmTreeItem:CreateChild) failed: Creating the child named 'UINT_TO_BOOL' is not possible on node (Name mismatch)\nPath: 'TIPC^Untitled1^Untitled1 Project^VltPkn_3
METHOD    UINT_TO_BIT            REFUSED   [UNSUPPORTED] 'VltPkn_354': the IDE refused to create its method 'UINT_TO_BIT': TwinCAT PLC automation call (ITcSmTreeItem:CreateChild) failed: Creating the child named 'UINT_TO_BIT' is not possible on node (Name mismatch)\nPath: 'TIPC^Untitled1^Untitled1 Project^VltPkn_354
METHOD    UINT_TO_BYTE           REFUSED   [UNSUPPORTED] 'VltPkn_355': the IDE refused to create its method 'UINT_TO_BYTE': TwinCAT PLC automation call (ITcSmTreeItem:CreateChild) failed: Creating the child named 'UINT_TO_BYTE' is not possible on node (Name mismatch)\nPath: 'TIPC^Untitled1^Untitled1 Project^VltPkn_3
METHOD    UINT_TO_WORD           REFUSED   [UNSUPPORTED] 'VltPkn_356': the IDE refused to create its method 'UINT_TO_WORD': TwinCAT PLC automation call (ITcSmTreeItem:CreateChild) failed: Creating the child named 'UINT_TO_WORD' is not possible on node (Name mismatch)\nPath: 'TIPC^Untitled1^Untitled1 Project^VltPkn_3
METHOD    UINT_TO_DWORD          REFUSED   [UNSUPPORTED] 'VltPkn_357': the IDE refused to create its method 'UINT_TO_DWORD': TwinCAT PLC automation call (ITcSmTreeItem:CreateChild) failed: Creating the child named 'UINT_TO_DWORD' is not possible on node (Name mismatch)\nPath: 'TIPC^Untitled1^Untitled1 Project^VltPkn
METHOD    UINT_TO_LWORD          REFUSED   [UNSUPPORTED] 'VltPkn_358': the IDE refused to create its method 'UINT_TO_LWORD': TwinCAT PLC automation call (ITcSmTreeItem:CreateChild) failed: Creating the child named 'UINT_TO_LWORD' is not possible on node (Name mismatch)\nPath: 'TIPC^Untitled1^Untitled1 Project^VltPkn
METHOD    UINT_TO_SINT           REFUSED   [UNSUPPORTED] 'VltPkn_359': the IDE refused to create its method 'UINT_TO_SINT': TwinCAT PLC automation call (ITcSmTreeItem:CreateChild) failed: Creating the child named 'UINT_TO_SINT' is not possible on node (Name mismatch)\nPath: 'TIPC^Untitled1^Untitled1 Project^VltPkn_3
METHOD    UINT_TO_INT            REFUSED   [UNSUPPORTED] 'VltPkn_360': the IDE refused to create its method 'UINT_TO_INT': TwinCAT PLC automation call (ITcSmTreeItem:CreateChild) failed: Creating the child named 'UINT_TO_INT' is not possible on node (Name mismatch)\nPath: 'TIPC^Untitled1^Untitled1 Project^VltPkn_360
METHOD    UINT_TO_DINT           REFUSED   [UNSUPPORTED] 'VltPkn_361': the IDE refused to create its method 'UINT_TO_DINT': TwinCAT PLC automation call (ITcSmTreeItem:CreateChild) failed: Creating the child named 'UINT_TO_DINT' is not possible on node (Name mismatch)\nPath: 'TIPC^Untitled1^Untitled1 Project^VltPkn_3
METHOD    UINT_TO_LINT           REFUSED   [UNSUPPORTED] 'VltPkn_362': the IDE refused to create its method 'UINT_TO_LINT': TwinCAT PLC automation call (ITcSmTreeItem:CreateChild) failed: Creating the child named 'UINT_TO_LINT' is not possible on node (Name mismatch)\nPath: 'TIPC^Untitled1^Untitled1 Project^VltPkn_3
METHOD    UINT_TO_USINT          REFUSED   [UNSUPPORTED] 'VltPkn_363': the IDE refused to create its method 'UINT_TO_USINT': TwinCAT PLC automation call (ITcSmTreeItem:CreateChild) failed: Creating the child named 'UINT_TO_USINT' is not possible on node (Name mismatch)\nPath: 'TIPC^Untitled1^Untitled1 Project^VltPkn
METHOD    UINT_TO_UDINT          REFUSED   [UNSUPPORTED] 'VltPkn_364': the IDE refused to create its method 'UINT_TO_UDINT': TwinCAT PLC automation call (ITcSmTreeItem:CreateChild) failed: Creating the child named 'UINT_TO_UDINT' is not possible on node (Name mismatch)\nPath: 'TIPC^Untitled1^Untitled1 Project^VltPkn
METHOD    UINT_TO_ULINT          REFUSED   [UNSUPPORTED] 'VltPkn_365': the IDE refused to create its method 'UINT_TO_ULINT': TwinCAT PLC automation call (ITcSmTreeItem:CreateChild) failed: Creating the child named 'UINT_TO_ULINT' is not possible on node (Name mismatch)\nPath: 'TIPC^Untitled1^Untitled1 Project^VltPkn
METHOD    UINT_TO_REAL           REFUSED   [UNSUPPORTED] 'VltPkn_366': the IDE refused to create its method 'UINT_TO_REAL': TwinCAT PLC automation call (ITcSmTreeItem:CreateChild) failed: Creating the child named 'UINT_TO_REAL' is not possible on node (Name mismatch)\nPath: 'TIPC^Untitled1^Untitled1 Project^VltPkn_3
METHOD    UINT_TO_LREAL          REFUSED   [UNSUPPORTED] 'VltPkn_367': the IDE refused to create its method 'UINT_TO_LREAL': TwinCAT PLC automation call (ITcSmTreeItem:CreateChild) failed: Creating the child named 'UINT_TO_LREAL' is not possible on node (Name mismatch)\nPath: 'TIPC^Untitled1^Untitled1 Project^VltPkn
METHOD    UINT_TO_TIME           REFUSED   [UNSUPPORTED] 'VltPkn_368': the IDE refused to create its method 'UINT_TO_TIME': TwinCAT PLC automation call (ITcSmTreeItem:CreateChild) failed: Creating the child named 'UINT_TO_TIME' is not possible on node (Name mismatch)\nPath: 'TIPC^Untitled1^Untitled1 Project^VltPkn_3
METHOD    UINT_TO_LTIME          REFUSED   [UNSUPPORTED] 'VltPkn_369': the IDE refused to create its method 'UINT_TO_LTIME': TwinCAT PLC automation call (ITcSmTreeItem:CreateChild) failed: Creating the child named 'UINT_TO_LTIME' is not possible on node (Name mismatch)\nPath: 'TIPC^Untitled1^Untitled1 Project^VltPkn
METHOD    UINT_TO_DATE           REFUSED   [UNSUPPORTED] 'VltPkn_370': the IDE refused to create its method 'UINT_TO_DATE': TwinCAT PLC automation call (ITcSmTreeItem:CreateChild) failed: Creating the child named 'UINT_TO_DATE' is not possible on node (Name mismatch)\nPath: 'TIPC^Untitled1^Untitled1 Project^VltPkn_3
METHOD    UINT_TO_TOD            REFUSED   [UNSUPPORTED] 'VltPkn_371': the IDE refused to create its method 'UINT_TO_TOD': TwinCAT PLC automation call (ITcSmTreeItem:CreateChild) failed: Creating the child named 'UINT_TO_TOD' is not possible on node (Name mismatch)\nPath: 'TIPC^Untitled1^Untitled1 Project^VltPkn_371
METHOD    UINT_TO_DT             REFUSED   [UNSUPPORTED] 'VltPkn_372': the IDE refused to create its method 'UINT_TO_DT': TwinCAT PLC automation call (ITcSmTreeItem:CreateChild) failed: Creating the child named 'UINT_TO_DT' is not possible on node (Name mismatch)\nPath: 'TIPC^Untitled1^Untitled1 Project^VltPkn_372' 
METHOD    UINT_TO_LDATE          ACCEPTED 
METHOD    UINT_TO_LTOD           ACCEPTED 
METHOD    UINT_TO_LDT            ACCEPTED 
METHOD    UINT_TO_STRING         REFUSED   [UNSUPPORTED] 'VltPkn_376': the IDE refused to create its method 'UINT_TO_STRING': TwinCAT PLC automation call (ITcSmTreeItem:CreateChild) failed: Creating the child named 'UINT_TO_STRING' is not possible on node (Name mismatch)\nPath: 'TIPC^Untitled1^Untitled1 Project^VltP
METHOD    UINT_TO_WSTRING        REFUSED   [UNSUPPORTED] 'VltPkn_377': the IDE refused to create its method 'UINT_TO_WSTRING': TwinCAT PLC automation call (ITcSmTreeItem:CreateChild) failed: Creating the child named 'UINT_TO_WSTRING' is not possible on node (Name mismatch)\nPath: 'TIPC^Untitled1^Untitled1 Project^Vl
METHOD    UINT_TO_TIME_OF_DAY    ACCEPTED 
METHOD    UINT_TO_DATE_AND_TIME  ACCEPTED 
METHOD    UINT_TO_LDATE_AND_TIME ACCEPTED 
METHOD    UINT_TO_LTIME_OF_DAY   ACCEPTED 
METHOD    UINT_TO___XINT         REFUSED   [UNSUPPORTED] 'VltPkn_382': the IDE refused to create its method 'UINT_TO___XINT': TwinCAT PLC automation call (ITcSmTreeItem:CreateChild) failed: Creating the child named 'UINT_TO___XINT' is not possible on node (Name mismatch)\nPath: 'TIPC^Untitled1^Untitled1 Project^VltP
METHOD    UINT_TO___UXINT        REFUSED   [UNSUPPORTED] 'VltPkn_383': the IDE refused to create its method 'UINT_TO___UXINT': TwinCAT PLC automation call (ITcSmTreeItem:CreateChild) failed: Creating the child named 'UINT_TO___UXINT' is not possible on node (Name mismatch)\nPath: 'TIPC^Untitled1^Untitled1 Project^Vl
METHOD    UINT_TO___XWORD        REFUSED   [UNSUPPORTED] 'VltPkn_384': the IDE refused to create its method 'UINT_TO___XWORD': TwinCAT PLC automation call (ITcSmTreeItem:CreateChild) failed: Creating the child named 'UINT_TO___XWORD' is not possible on node (Name mismatch)\nPath: 'TIPC^Untitled1^Untitled1 Project^Vl
METHOD    UDINT_TO_BOOL          REFUSED   [UNSUPPORTED] 'VltPkn_385': the IDE refused to create its method 'UDINT_TO_BOOL': TwinCAT PLC automation call (ITcSmTreeItem:CreateChild) failed: Creating the child named 'UDINT_TO_BOOL' is not possible on node (Name mismatch)\nPath: 'TIPC^Untitled1^Untitled1 Project^VltPkn
METHOD    UDINT_TO_BIT           REFUSED   [UNSUPPORTED] 'VltPkn_386': the IDE refused to create its method 'UDINT_TO_BIT': TwinCAT PLC automation call (ITcSmTreeItem:CreateChild) failed: Creating the child named 'UDINT_TO_BIT' is not possible on node (Name mismatch)\nPath: 'TIPC^Untitled1^Untitled1 Project^VltPkn_3
METHOD    UDINT_TO_BYTE          REFUSED   [UNSUPPORTED] 'VltPkn_387': the IDE refused to create its method 'UDINT_TO_BYTE': TwinCAT PLC automation call (ITcSmTreeItem:CreateChild) failed: Creating the child named 'UDINT_TO_BYTE' is not possible on node (Name mismatch)\nPath: 'TIPC^Untitled1^Untitled1 Project^VltPkn
METHOD    UDINT_TO_WORD          REFUSED   [UNSUPPORTED] 'VltPkn_388': the IDE refused to create its method 'UDINT_TO_WORD': TwinCAT PLC automation call (ITcSmTreeItem:CreateChild) failed: Creating the child named 'UDINT_TO_WORD' is not possible on node (Name mismatch)\nPath: 'TIPC^Untitled1^Untitled1 Project^VltPkn
METHOD    UDINT_TO_DWORD         REFUSED   [UNSUPPORTED] 'VltPkn_389': the IDE refused to create its method 'UDINT_TO_DWORD': TwinCAT PLC automation call (ITcSmTreeItem:CreateChild) failed: Creating the child named 'UDINT_TO_DWORD' is not possible on node (Name mismatch)\nPath: 'TIPC^Untitled1^Untitled1 Project^VltP
METHOD    UDINT_TO_LWORD         REFUSED   [UNSUPPORTED] 'VltPkn_390': the IDE refused to create its method 'UDINT_TO_LWORD': TwinCAT PLC automation call (ITcSmTreeItem:CreateChild) failed: Creating the child named 'UDINT_TO_LWORD' is not possible on node (Name mismatch)\nPath: 'TIPC^Untitled1^Untitled1 Project^VltP
METHOD    UDINT_TO_SINT          REFUSED   [UNSUPPORTED] 'VltPkn_391': the IDE refused to create its method 'UDINT_TO_SINT': TwinCAT PLC automation call (ITcSmTreeItem:CreateChild) failed: Creating the child named 'UDINT_TO_SINT' is not possible on node (Name mismatch)\nPath: 'TIPC^Untitled1^Untitled1 Project^VltPkn
METHOD    UDINT_TO_INT           REFUSED   [UNSUPPORTED] 'VltPkn_392': the IDE refused to create its method 'UDINT_TO_INT': TwinCAT PLC automation call (ITcSmTreeItem:CreateChild) failed: Creating the child named 'UDINT_TO_INT' is not possible on node (Name mismatch)\nPath: 'TIPC^Untitled1^Untitled1 Project^VltPkn_3
METHOD    UDINT_TO_DINT          REFUSED   [UNSUPPORTED] 'VltPkn_393': the IDE refused to create its method 'UDINT_TO_DINT': TwinCAT PLC automation call (ITcSmTreeItem:CreateChild) failed: Creating the child named 'UDINT_TO_DINT' is not possible on node (Name mismatch)\nPath: 'TIPC^Untitled1^Untitled1 Project^VltPkn
METHOD    UDINT_TO_LINT          REFUSED   [UNSUPPORTED] 'VltPkn_394': the IDE refused to create its method 'UDINT_TO_LINT': TwinCAT PLC automation call (ITcSmTreeItem:CreateChild) failed: Creating the child named 'UDINT_TO_LINT' is not possible on node (Name mismatch)\nPath: 'TIPC^Untitled1^Untitled1 Project^VltPkn
METHOD    UDINT_TO_USINT         REFUSED   [UNSUPPORTED] 'VltPkn_395': the IDE refused to create its method 'UDINT_TO_USINT': TwinCAT PLC automation call (ITcSmTreeItem:CreateChild) failed: Creating the child named 'UDINT_TO_USINT' is not possible on node (Name mismatch)\nPath: 'TIPC^Untitled1^Untitled1 Project^VltP
METHOD    UDINT_TO_UINT          REFUSED   [UNSUPPORTED] 'VltPkn_396': the IDE refused to create its method 'UDINT_TO_UINT': TwinCAT PLC automation call (ITcSmTreeItem:CreateChild) failed: Creating the child named 'UDINT_TO_UINT' is not possible on node (Name mismatch)\nPath: 'TIPC^Untitled1^Untitled1 Project^VltPkn
METHOD    UDINT_TO_ULINT         REFUSED   [UNSUPPORTED] 'VltPkn_397': the IDE refused to create its method 'UDINT_TO_ULINT': TwinCAT PLC automation call (ITcSmTreeItem:CreateChild) failed: Creating the child named 'UDINT_TO_ULINT' is not possible on node (Name mismatch)\nPath: 'TIPC^Untitled1^Untitled1 Project^VltP
METHOD    UDINT_TO_REAL          REFUSED   [UNSUPPORTED] 'VltPkn_398': the IDE refused to create its method 'UDINT_TO_REAL': TwinCAT PLC automation call (ITcSmTreeItem:CreateChild) failed: Creating the child named 'UDINT_TO_REAL' is not possible on node (Name mismatch)\nPath: 'TIPC^Untitled1^Untitled1 Project^VltPkn
METHOD    UDINT_TO_LREAL         REFUSED   [UNSUPPORTED] 'VltPkn_399': the IDE refused to create its method 'UDINT_TO_LREAL': TwinCAT PLC automation call (ITcSmTreeItem:CreateChild) failed: Creating the child named 'UDINT_TO_LREAL' is not possible on node (Name mismatch)\nPath: 'TIPC^Untitled1^Untitled1 Project^VltP
METHOD    UDINT_TO_TIME          REFUSED   [UNSUPPORTED] 'VltPkn_400': the IDE refused to create its method 'UDINT_TO_TIME': TwinCAT PLC automation call (ITcSmTreeItem:CreateChild) failed: Creating the child named 'UDINT_TO_TIME' is not possible on node (Name mismatch)\nPath: 'TIPC^Untitled1^Untitled1 Project^VltPkn
METHOD    UDINT_TO_LTIME         REFUSED   [UNSUPPORTED] 'VltPkn_401': the IDE refused to create its method 'UDINT_TO_LTIME': TwinCAT PLC automation call (ITcSmTreeItem:CreateChild) failed: Creating the child named 'UDINT_TO_LTIME' is not possible on node (Name mismatch)\nPath: 'TIPC^Untitled1^Untitled1 Project^VltP
METHOD    UDINT_TO_DATE          REFUSED   [UNSUPPORTED] 'VltPkn_402': the IDE refused to create its method 'UDINT_TO_DATE': TwinCAT PLC automation call (ITcSmTreeItem:CreateChild) failed: Creating the child named 'UDINT_TO_DATE' is not possible on node (Name mismatch)\nPath: 'TIPC^Untitled1^Untitled1 Project^VltPkn
METHOD    UDINT_TO_TOD           REFUSED   [UNSUPPORTED] 'VltPkn_403': the IDE refused to create its method 'UDINT_TO_TOD': TwinCAT PLC automation call (ITcSmTreeItem:CreateChild) failed: Creating the child named 'UDINT_TO_TOD' is not possible on node (Name mismatch)\nPath: 'TIPC^Untitled1^Untitled1 Project^VltPkn_4
METHOD    UDINT_TO_DT            REFUSED   [UNSUPPORTED] 'VltPkn_404': the IDE refused to create its method 'UDINT_TO_DT': TwinCAT PLC automation call (ITcSmTreeItem:CreateChild) failed: Creating the child named 'UDINT_TO_DT' is not possible on node (Name mismatch)\nPath: 'TIPC^Untitled1^Untitled1 Project^VltPkn_404
METHOD    UDINT_TO_LDATE         ACCEPTED 
METHOD    UDINT_TO_LTOD          ACCEPTED 
METHOD    UDINT_TO_LDT           ACCEPTED 
METHOD    UDINT_TO_STRING        REFUSED   [UNSUPPORTED] 'VltPkn_408': the IDE refused to create its method 'UDINT_TO_STRING': TwinCAT PLC automation call (ITcSmTreeItem:CreateChild) failed: Creating the child named 'UDINT_TO_STRING' is not possible on node (Name mismatch)\nPath: 'TIPC^Untitled1^Untitled1 Project^Vl
METHOD    UDINT_TO_WSTRING       REFUSED   [UNSUPPORTED] 'VltPkn_409': the IDE refused to create its method 'UDINT_TO_WSTRING': TwinCAT PLC automation call (ITcSmTreeItem:CreateChild) failed: Creating the child named 'UDINT_TO_WSTRING' is not possible on node (Name mismatch)\nPath: 'TIPC^Untitled1^Untitled1 Project^
METHOD    UDINT_TO_TIME_OF_DAY   ACCEPTED 
METHOD    UDINT_TO_DATE_AND_TIME ACCEPTED 
METHOD    UDINT_TO_LDATE_AND_TIME ACCEPTED 
METHOD    UDINT_TO_LTIME_OF_DAY  ACCEPTED 
METHOD    UDINT_TO___XINT        REFUSED   [UNSUPPORTED] 'VltPkn_414': the IDE refused to create its method 'UDINT_TO___XINT': TwinCAT PLC automation call (ITcSmTreeItem:CreateChild) failed: Creating the child named 'UDINT_TO___XINT' is not possible on node (Name mismatch)\nPath: 'TIPC^Untitled1^Untitled1 Project^Vl
METHOD    UDINT_TO___UXINT       REFUSED   [UNSUPPORTED] 'VltPkn_415': the IDE refused to create its method 'UDINT_TO___UXINT': TwinCAT PLC automation call (ITcSmTreeItem:CreateChild) failed: Creating the child named 'UDINT_TO___UXINT' is not possible on node (Name mismatch)\nPath: 'TIPC^Untitled1^Untitled1 Project^
METHOD    UDINT_TO___XWORD       REFUSED   [UNSUPPORTED] 'VltPkn_416': the IDE refused to create its method 'UDINT_TO___XWORD': TwinCAT PLC automation call (ITcSmTreeItem:CreateChild) failed: Creating the child named 'UDINT_TO___XWORD' is not possible on node (Name mismatch)\nPath: 'TIPC^Untitled1^Untitled1 Project^
METHOD    ULINT_TO_BOOL          REFUSED   [UNSUPPORTED] 'VltPkn_417': the IDE refused to create its method 'ULINT_TO_BOOL': TwinCAT PLC automation call (ITcSmTreeItem:CreateChild) failed: Creating the child named 'ULINT_TO_BOOL' is not possible on node (Name mismatch)\nPath: 'TIPC^Untitled1^Untitled1 Project^VltPkn
METHOD    ULINT_TO_BIT           REFUSED   [UNSUPPORTED] 'VltPkn_418': the IDE refused to create its method 'ULINT_TO_BIT': TwinCAT PLC automation call (ITcSmTreeItem:CreateChild) failed: Creating the child named 'ULINT_TO_BIT' is not possible on node (Name mismatch)\nPath: 'TIPC^Untitled1^Untitled1 Project^VltPkn_4
METHOD    ULINT_TO_BYTE          REFUSED   [UNSUPPORTED] 'VltPkn_419': the IDE refused to create its method 'ULINT_TO_BYTE': TwinCAT PLC automation call (ITcSmTreeItem:CreateChild) failed: Creating the child named 'ULINT_TO_BYTE' is not possible on node (Name mismatch)\nPath: 'TIPC^Untitled1^Untitled1 Project^VltPkn
METHOD    ULINT_TO_WORD          REFUSED   [UNSUPPORTED] 'VltPkn_420': the IDE refused to create its method 'ULINT_TO_WORD': TwinCAT PLC automation call (ITcSmTreeItem:CreateChild) failed: Creating the child named 'ULINT_TO_WORD' is not possible on node (Name mismatch)\nPath: 'TIPC^Untitled1^Untitled1 Project^VltPkn
METHOD    ULINT_TO_DWORD         REFUSED   [UNSUPPORTED] 'VltPkn_421': the IDE refused to create its method 'ULINT_TO_DWORD': TwinCAT PLC automation call (ITcSmTreeItem:CreateChild) failed: Creating the child named 'ULINT_TO_DWORD' is not possible on node (Name mismatch)\nPath: 'TIPC^Untitled1^Untitled1 Project^VltP
METHOD    ULINT_TO_LWORD         REFUSED   [UNSUPPORTED] 'VltPkn_422': the IDE refused to create its method 'ULINT_TO_LWORD': TwinCAT PLC automation call (ITcSmTreeItem:CreateChild) failed: Creating the child named 'ULINT_TO_LWORD' is not possible on node (Name mismatch)\nPath: 'TIPC^Untitled1^Untitled1 Project^VltP
METHOD    ULINT_TO_SINT          REFUSED   [UNSUPPORTED] 'VltPkn_423': the IDE refused to create its method 'ULINT_TO_SINT': TwinCAT PLC automation call (ITcSmTreeItem:CreateChild) failed: Creating the child named 'ULINT_TO_SINT' is not possible on node (Name mismatch)\nPath: 'TIPC^Untitled1^Untitled1 Project^VltPkn
METHOD    ULINT_TO_INT           REFUSED   [UNSUPPORTED] 'VltPkn_424': the IDE refused to create its method 'ULINT_TO_INT': TwinCAT PLC automation call (ITcSmTreeItem:CreateChild) failed: Creating the child named 'ULINT_TO_INT' is not possible on node (Name mismatch)\nPath: 'TIPC^Untitled1^Untitled1 Project^VltPkn_4
METHOD    ULINT_TO_DINT          REFUSED   [UNSUPPORTED] 'VltPkn_425': the IDE refused to create its method 'ULINT_TO_DINT': TwinCAT PLC automation call (ITcSmTreeItem:CreateChild) failed: Creating the child named 'ULINT_TO_DINT' is not possible on node (Name mismatch)\nPath: 'TIPC^Untitled1^Untitled1 Project^VltPkn
METHOD    ULINT_TO_LINT          REFUSED   [UNSUPPORTED] 'VltPkn_426': the IDE refused to create its method 'ULINT_TO_LINT': TwinCAT PLC automation call (ITcSmTreeItem:CreateChild) failed: Creating the child named 'ULINT_TO_LINT' is not possible on node (Name mismatch)\nPath: 'TIPC^Untitled1^Untitled1 Project^VltPkn
METHOD    ULINT_TO_USINT         REFUSED   [UNSUPPORTED] 'VltPkn_427': the IDE refused to create its method 'ULINT_TO_USINT': TwinCAT PLC automation call (ITcSmTreeItem:CreateChild) failed: Creating the child named 'ULINT_TO_USINT' is not possible on node (Name mismatch)\nPath: 'TIPC^Untitled1^Untitled1 Project^VltP
METHOD    ULINT_TO_UINT          REFUSED   [UNSUPPORTED] 'VltPkn_428': the IDE refused to create its method 'ULINT_TO_UINT': TwinCAT PLC automation call (ITcSmTreeItem:CreateChild) failed: Creating the child named 'ULINT_TO_UINT' is not possible on node (Name mismatch)\nPath: 'TIPC^Untitled1^Untitled1 Project^VltPkn
METHOD    ULINT_TO_UDINT         REFUSED   [UNSUPPORTED] 'VltPkn_429': the IDE refused to create its method 'ULINT_TO_UDINT': TwinCAT PLC automation call (ITcSmTreeItem:CreateChild) failed: Creating the child named 'ULINT_TO_UDINT' is not possible on node (Name mismatch)\nPath: 'TIPC^Untitled1^Untitled1 Project^VltP
METHOD    ULINT_TO_REAL          REFUSED   [UNSUPPORTED] 'VltPkn_430': the IDE refused to create its method 'ULINT_TO_REAL': TwinCAT PLC automation call (ITcSmTreeItem:CreateChild) failed: Creating the child named 'ULINT_TO_REAL' is not possible on node (Name mismatch)\nPath: 'TIPC^Untitled1^Untitled1 Project^VltPkn
METHOD    ULINT_TO_LREAL         REFUSED   [UNSUPPORTED] 'VltPkn_431': the IDE refused to create its method 'ULINT_TO_LREAL': TwinCAT PLC automation call (ITcSmTreeItem:CreateChild) failed: Creating the child named 'ULINT_TO_LREAL' is not possible on node (Name mismatch)\nPath: 'TIPC^Untitled1^Untitled1 Project^VltP
METHOD    ULINT_TO_TIME          REFUSED   [UNSUPPORTED] 'VltPkn_432': the IDE refused to create its method 'ULINT_TO_TIME': TwinCAT PLC automation call (ITcSmTreeItem:CreateChild) failed: Creating the child named 'ULINT_TO_TIME' is not possible on node (Name mismatch)\nPath: 'TIPC^Untitled1^Untitled1 Project^VltPkn
METHOD    ULINT_TO_LTIME         REFUSED   [UNSUPPORTED] 'VltPkn_433': the IDE refused to create its method 'ULINT_TO_LTIME': TwinCAT PLC automation call (ITcSmTreeItem:CreateChild) failed: Creating the child named 'ULINT_TO_LTIME' is not possible on node (Name mismatch)\nPath: 'TIPC^Untitled1^Untitled1 Project^VltP
METHOD    ULINT_TO_DATE          REFUSED   [UNSUPPORTED] 'VltPkn_434': the IDE refused to create its method 'ULINT_TO_DATE': TwinCAT PLC automation call (ITcSmTreeItem:CreateChild) failed: Creating the child named 'ULINT_TO_DATE' is not possible on node (Name mismatch)\nPath: 'TIPC^Untitled1^Untitled1 Project^VltPkn
METHOD    ULINT_TO_TOD           REFUSED   [UNSUPPORTED] 'VltPkn_435': the IDE refused to create its method 'ULINT_TO_TOD': TwinCAT PLC automation call (ITcSmTreeItem:CreateChild) failed: Creating the child named 'ULINT_TO_TOD' is not possible on node (Name mismatch)\nPath: 'TIPC^Untitled1^Untitled1 Project^VltPkn_4
METHOD    ULINT_TO_DT            REFUSED   [UNSUPPORTED] 'VltPkn_436': the IDE refused to create its method 'ULINT_TO_DT': TwinCAT PLC automation call (ITcSmTreeItem:CreateChild) failed: Creating the child named 'ULINT_TO_DT' is not possible on node (Name mismatch)\nPath: 'TIPC^Untitled1^Untitled1 Project^VltPkn_436
METHOD    ULINT_TO_LDATE         ACCEPTED 
METHOD    ULINT_TO_LTOD          ACCEPTED 
METHOD    ULINT_TO_LDT           ACCEPTED 
METHOD    ULINT_TO_STRING        REFUSED   [UNSUPPORTED] 'VltPkn_440': the IDE refused to create its method 'ULINT_TO_STRING': TwinCAT PLC automation call (ITcSmTreeItem:CreateChild) failed: Creating the child named 'ULINT_TO_STRING' is not possible on node (Name mismatch)\nPath: 'TIPC^Untitled1^Untitled1 Project^Vl
METHOD    ULINT_TO_WSTRING       REFUSED   [UNSUPPORTED] 'VltPkn_441': the IDE refused to create its method 'ULINT_TO_WSTRING': TwinCAT PLC automation call (ITcSmTreeItem:CreateChild) failed: Creating the child named 'ULINT_TO_WSTRING' is not possible on node (Name mismatch)\nPath: 'TIPC^Untitled1^Untitled1 Project^
METHOD    ULINT_TO_TIME_OF_DAY   ACCEPTED 
METHOD    ULINT_TO_DATE_AND_TIME ACCEPTED 
METHOD    ULINT_TO_LDATE_AND_TIME ACCEPTED 
METHOD    ULINT_TO_LTIME_OF_DAY  ACCEPTED 
METHOD    ULINT_TO___XINT        REFUSED   [UNSUPPORTED] 'VltPkn_446': the IDE refused to create its method 'ULINT_TO___XINT': TwinCAT PLC automation call (ITcSmTreeItem:CreateChild) failed: Creating the child named 'ULINT_TO___XINT' is not possible on node (Name mismatch)\nPath: 'TIPC^Untitled1^Untitled1 Project^Vl
METHOD    ULINT_TO___UXINT       REFUSED   [UNSUPPORTED] 'VltPkn_447': the IDE refused to create its method 'ULINT_TO___UXINT': TwinCAT PLC automation call (ITcSmTreeItem:CreateChild) failed: Creating the child named 'ULINT_TO___UXINT' is not possible on node (Name mismatch)\nPath: 'TIPC^Untitled1^Untitled1 Project^
METHOD    ULINT_TO___XWORD       REFUSED   [UNSUPPORTED] 'VltPkn_448': the IDE refused to create its method 'ULINT_TO___XWORD': TwinCAT PLC automation call (ITcSmTreeItem:CreateChild) failed: Creating the child named 'ULINT_TO___XWORD' is not possible on node (Name mismatch)\nPath: 'TIPC^Untitled1^Untitled1 Project^
METHOD    REAL_TO_BOOL           REFUSED   [UNSUPPORTED] 'VltPkn_449': the IDE refused to create its method 'REAL_TO_BOOL': TwinCAT PLC automation call (ITcSmTreeItem:CreateChild) failed: Creating the child named 'REAL_TO_BOOL' is not possible on node (Name mismatch)\nPath: 'TIPC^Untitled1^Untitled1 Project^VltPkn_4
METHOD    REAL_TO_BIT            REFUSED   [UNSUPPORTED] 'VltPkn_450': the IDE refused to create its method 'REAL_TO_BIT': TwinCAT PLC automation call (ITcSmTreeItem:CreateChild) failed: Creating the child named 'REAL_TO_BIT' is not possible on node (Name mismatch)\nPath: 'TIPC^Untitled1^Untitled1 Project^VltPkn_450
METHOD    REAL_TO_BYTE           REFUSED   [UNSUPPORTED] 'VltPkn_451': the IDE refused to create its method 'REAL_TO_BYTE': TwinCAT PLC automation call (ITcSmTreeItem:CreateChild) failed: Creating the child named 'REAL_TO_BYTE' is not possible on node (Name mismatch)\nPath: 'TIPC^Untitled1^Untitled1 Project^VltPkn_4
METHOD    REAL_TO_WORD           REFUSED   [UNSUPPORTED] 'VltPkn_452': the IDE refused to create its method 'REAL_TO_WORD': TwinCAT PLC automation call (ITcSmTreeItem:CreateChild) failed: Creating the child named 'REAL_TO_WORD' is not possible on node (Name mismatch)\nPath: 'TIPC^Untitled1^Untitled1 Project^VltPkn_4
METHOD    REAL_TO_DWORD          REFUSED   [UNSUPPORTED] 'VltPkn_453': the IDE refused to create its method 'REAL_TO_DWORD': TwinCAT PLC automation call (ITcSmTreeItem:CreateChild) failed: Creating the child named 'REAL_TO_DWORD' is not possible on node (Name mismatch)\nPath: 'TIPC^Untitled1^Untitled1 Project^VltPkn
METHOD    REAL_TO_LWORD          REFUSED   [UNSUPPORTED] 'VltPkn_454': the IDE refused to create its method 'REAL_TO_LWORD': TwinCAT PLC automation call (ITcSmTreeItem:CreateChild) failed: Creating the child named 'REAL_TO_LWORD' is not possible on node (Name mismatch)\nPath: 'TIPC^Untitled1^Untitled1 Project^VltPkn
METHOD    REAL_TO_SINT           REFUSED   [UNSUPPORTED] 'VltPkn_455': the IDE refused to create its method 'REAL_TO_SINT': TwinCAT PLC automation call (ITcSmTreeItem:CreateChild) failed: Creating the child named 'REAL_TO_SINT' is not possible on node (Name mismatch)\nPath: 'TIPC^Untitled1^Untitled1 Project^VltPkn_4
METHOD    REAL_TO_INT            REFUSED   [UNSUPPORTED] 'VltPkn_456': the IDE refused to create its method 'REAL_TO_INT': TwinCAT PLC automation call (ITcSmTreeItem:CreateChild) failed: Creating the child named 'REAL_TO_INT' is not possible on node (Name mismatch)\nPath: 'TIPC^Untitled1^Untitled1 Project^VltPkn_456
METHOD    REAL_TO_DINT           REFUSED   [UNSUPPORTED] 'VltPkn_457': the IDE refused to create its method 'REAL_TO_DINT': TwinCAT PLC automation call (ITcSmTreeItem:CreateChild) failed: Creating the child named 'REAL_TO_DINT' is not possible on node (Name mismatch)\nPath: 'TIPC^Untitled1^Untitled1 Project^VltPkn_4
METHOD    REAL_TO_LINT           REFUSED   [UNSUPPORTED] 'VltPkn_458': the IDE refused to create its method 'REAL_TO_LINT': TwinCAT PLC automation call (ITcSmTreeItem:CreateChild) failed: Creating the child named 'REAL_TO_LINT' is not possible on node (Name mismatch)\nPath: 'TIPC^Untitled1^Untitled1 Project^VltPkn_4
METHOD    REAL_TO_USINT          REFUSED   [UNSUPPORTED] 'VltPkn_459': the IDE refused to create its method 'REAL_TO_USINT': TwinCAT PLC automation call (ITcSmTreeItem:CreateChild) failed: Creating the child named 'REAL_TO_USINT' is not possible on node (Name mismatch)\nPath: 'TIPC^Untitled1^Untitled1 Project^VltPkn
METHOD    REAL_TO_UINT           REFUSED   [UNSUPPORTED] 'VltPkn_460': the IDE refused to create its method 'REAL_TO_UINT': TwinCAT PLC automation call (ITcSmTreeItem:CreateChild) failed: Creating the child named 'REAL_TO_UINT' is not possible on node (Name mismatch)\nPath: 'TIPC^Untitled1^Untitled1 Project^VltPkn_4
METHOD    REAL_TO_UDINT          REFUSED   [UNSUPPORTED] 'VltPkn_461': the IDE refused to create its method 'REAL_TO_UDINT': TwinCAT PLC automation call (ITcSmTreeItem:CreateChild) failed: Creating the child named 'REAL_TO_UDINT' is not possible on node (Name mismatch)\nPath: 'TIPC^Untitled1^Untitled1 Project^VltPkn
METHOD    REAL_TO_ULINT          REFUSED   [UNSUPPORTED] 'VltPkn_462': the IDE refused to create its method 'REAL_TO_ULINT': TwinCAT PLC automation call (ITcSmTreeItem:CreateChild) failed: Creating the child named 'REAL_TO_ULINT' is not possible on node (Name mismatch)\nPath: 'TIPC^Untitled1^Untitled1 Project^VltPkn
METHOD    REAL_TO_LREAL          REFUSED   [UNSUPPORTED] 'VltPkn_463': the IDE refused to create its method 'REAL_TO_LREAL': TwinCAT PLC automation call (ITcSmTreeItem:CreateChild) failed: Creating the child named 'REAL_TO_LREAL' is not possible on node (Name mismatch)\nPath: 'TIPC^Untitled1^Untitled1 Project^VltPkn
METHOD    REAL_TO_TIME           REFUSED   [UNSUPPORTED] 'VltPkn_464': the IDE refused to create its method 'REAL_TO_TIME': TwinCAT PLC automation call (ITcSmTreeItem:CreateChild) failed: Creating the child named 'REAL_TO_TIME' is not possible on node (Name mismatch)\nPath: 'TIPC^Untitled1^Untitled1 Project^VltPkn_4
METHOD    REAL_TO_LTIME          REFUSED   [UNSUPPORTED] 'VltPkn_465': the IDE refused to create its method 'REAL_TO_LTIME': TwinCAT PLC automation call (ITcSmTreeItem:CreateChild) failed: Creating the child named 'REAL_TO_LTIME' is not possible on node (Name mismatch)\nPath: 'TIPC^Untitled1^Untitled1 Project^VltPkn
METHOD    REAL_TO_DATE           REFUSED   [UNSUPPORTED] 'VltPkn_466': the IDE refused to create its method 'REAL_TO_DATE': TwinCAT PLC automation call (ITcSmTreeItem:CreateChild) failed: Creating the child named 'REAL_TO_DATE' is not possible on node (Name mismatch)\nPath: 'TIPC^Untitled1^Untitled1 Project^VltPkn_4
METHOD    REAL_TO_TOD            REFUSED   [UNSUPPORTED] 'VltPkn_467': the IDE refused to create its method 'REAL_TO_TOD': TwinCAT PLC automation call (ITcSmTreeItem:CreateChild) failed: Creating the child named 'REAL_TO_TOD' is not possible on node (Name mismatch)\nPath: 'TIPC^Untitled1^Untitled1 Project^VltPkn_467
METHOD    REAL_TO_DT             REFUSED   [UNSUPPORTED] 'VltPkn_468': the IDE refused to create its method 'REAL_TO_DT': TwinCAT PLC automation call (ITcSmTreeItem:CreateChild) failed: Creating the child named 'REAL_TO_DT' is not possible on node (Name mismatch)\nPath: 'TIPC^Untitled1^Untitled1 Project^VltPkn_468' 
METHOD    REAL_TO_LDATE          ACCEPTED 
METHOD    REAL_TO_LTOD           ACCEPTED 
METHOD    REAL_TO_LDT            ACCEPTED 
METHOD    REAL_TO_STRING         REFUSED   [UNSUPPORTED] 'VltPkn_472': the IDE refused to create its method 'REAL_TO_STRING': TwinCAT PLC automation call (ITcSmTreeItem:CreateChild) failed: Creating the child named 'REAL_TO_STRING' is not possible on node (Name mismatch)\nPath: 'TIPC^Untitled1^Untitled1 Project^VltP
METHOD    REAL_TO_WSTRING        REFUSED   [UNSUPPORTED] 'VltPkn_473': the IDE refused to create its method 'REAL_TO_WSTRING': TwinCAT PLC automation call (ITcSmTreeItem:CreateChild) failed: Creating the child named 'REAL_TO_WSTRING' is not possible on node (Name mismatch)\nPath: 'TIPC^Untitled1^Untitled1 Project^Vl
METHOD    REAL_TO_TIME_OF_DAY    ACCEPTED 
METHOD    REAL_TO_DATE_AND_TIME  ACCEPTED 
METHOD    REAL_TO_LDATE_AND_TIME ACCEPTED 
METHOD    REAL_TO_LTIME_OF_DAY   ACCEPTED 
METHOD    REAL_TO___XINT         REFUSED   [UNSUPPORTED] 'VltPkn_478': the IDE refused to create its method 'REAL_TO___XINT': TwinCAT PLC automation call (ITcSmTreeItem:CreateChild) failed: Creating the child named 'REAL_TO___XINT' is not possible on node (Name mismatch)\nPath: 'TIPC^Untitled1^Untitled1 Project^VltP
METHOD    REAL_TO___UXINT        REFUSED   [UNSUPPORTED] 'VltPkn_479': the IDE refused to create its method 'REAL_TO___UXINT': TwinCAT PLC automation call (ITcSmTreeItem:CreateChild) failed: Creating the child named 'REAL_TO___UXINT' is not possible on node (Name mismatch)\nPath: 'TIPC^Untitled1^Untitled1 Project^Vl
METHOD    REAL_TO___XWORD        REFUSED   [UNSUPPORTED] 'VltPkn_480': the IDE refused to create its method 'REAL_TO___XWORD': TwinCAT PLC automation call (ITcSmTreeItem:CreateChild) failed: Creating the child named 'REAL_TO___XWORD' is not possible on node (Name mismatch)\nPath: 'TIPC^Untitled1^Untitled1 Project^Vl
METHOD    LREAL_TO_BOOL          REFUSED   [UNSUPPORTED] 'VltPkn_481': the IDE refused to create its method 'LREAL_TO_BOOL': TwinCAT PLC automation call (ITcSmTreeItem:CreateChild) failed: Creating the child named 'LREAL_TO_BOOL' is not possible on node (Name mismatch)\nPath: 'TIPC^Untitled1^Untitled1 Project^VltPkn
METHOD    LREAL_TO_BIT           REFUSED   [UNSUPPORTED] 'VltPkn_482': the IDE refused to create its method 'LREAL_TO_BIT': TwinCAT PLC automation call (ITcSmTreeItem:CreateChild) failed: Creating the child named 'LREAL_TO_BIT' is not possible on node (Name mismatch)\nPath: 'TIPC^Untitled1^Untitled1 Project^VltPkn_4
METHOD    LREAL_TO_BYTE          REFUSED   [UNSUPPORTED] 'VltPkn_483': the IDE refused to create its method 'LREAL_TO_BYTE': TwinCAT PLC automation call (ITcSmTreeItem:CreateChild) failed: Creating the child named 'LREAL_TO_BYTE' is not possible on node (Name mismatch)\nPath: 'TIPC^Untitled1^Untitled1 Project^VltPkn
METHOD    LREAL_TO_WORD          REFUSED   [UNSUPPORTED] 'VltPkn_484': the IDE refused to create its method 'LREAL_TO_WORD': TwinCAT PLC automation call (ITcSmTreeItem:CreateChild) failed: Creating the child named 'LREAL_TO_WORD' is not possible on node (Name mismatch)\nPath: 'TIPC^Untitled1^Untitled1 Project^VltPkn
METHOD    LREAL_TO_DWORD         REFUSED   [UNSUPPORTED] 'VltPkn_485': the IDE refused to create its method 'LREAL_TO_DWORD': TwinCAT PLC automation call (ITcSmTreeItem:CreateChild) failed: Creating the child named 'LREAL_TO_DWORD' is not possible on node (Name mismatch)\nPath: 'TIPC^Untitled1^Untitled1 Project^VltP
METHOD    LREAL_TO_LWORD         REFUSED   [UNSUPPORTED] 'VltPkn_486': the IDE refused to create its method 'LREAL_TO_LWORD': TwinCAT PLC automation call (ITcSmTreeItem:CreateChild) failed: Creating the child named 'LREAL_TO_LWORD' is not possible on node (Name mismatch)\nPath: 'TIPC^Untitled1^Untitled1 Project^VltP
METHOD    LREAL_TO_SINT          REFUSED   [UNSUPPORTED] 'VltPkn_487': the IDE refused to create its method 'LREAL_TO_SINT': TwinCAT PLC automation call (ITcSmTreeItem:CreateChild) failed: Creating the child named 'LREAL_TO_SINT' is not possible on node (Name mismatch)\nPath: 'TIPC^Untitled1^Untitled1 Project^VltPkn
METHOD    LREAL_TO_INT           REFUSED   [UNSUPPORTED] 'VltPkn_488': the IDE refused to create its method 'LREAL_TO_INT': TwinCAT PLC automation call (ITcSmTreeItem:CreateChild) failed: Creating the child named 'LREAL_TO_INT' is not possible on node (Name mismatch)\nPath: 'TIPC^Untitled1^Untitled1 Project^VltPkn_4
METHOD    LREAL_TO_DINT          REFUSED   [UNSUPPORTED] 'VltPkn_489': the IDE refused to create its method 'LREAL_TO_DINT': TwinCAT PLC automation call (ITcSmTreeItem:CreateChild) failed: Creating the child named 'LREAL_TO_DINT' is not possible on node (Name mismatch)\nPath: 'TIPC^Untitled1^Untitled1 Project^VltPkn
METHOD    LREAL_TO_LINT          REFUSED   [UNSUPPORTED] 'VltPkn_490': the IDE refused to create its method 'LREAL_TO_LINT': TwinCAT PLC automation call (ITcSmTreeItem:CreateChild) failed: Creating the child named 'LREAL_TO_LINT' is not possible on node (Name mismatch)\nPath: 'TIPC^Untitled1^Untitled1 Project^VltPkn
METHOD    LREAL_TO_USINT         REFUSED   [UNSUPPORTED] 'VltPkn_491': the IDE refused to create its method 'LREAL_TO_USINT': TwinCAT PLC automation call (ITcSmTreeItem:CreateChild) failed: Creating the child named 'LREAL_TO_USINT' is not possible on node (Name mismatch)\nPath: 'TIPC^Untitled1^Untitled1 Project^VltP
METHOD    LREAL_TO_UINT          REFUSED   [UNSUPPORTED] 'VltPkn_492': the IDE refused to create its method 'LREAL_TO_UINT': TwinCAT PLC automation call (ITcSmTreeItem:CreateChild) failed: Creating the child named 'LREAL_TO_UINT' is not possible on node (Name mismatch)\nPath: 'TIPC^Untitled1^Untitled1 Project^VltPkn
METHOD    LREAL_TO_UDINT         REFUSED   [UNSUPPORTED] 'VltPkn_493': the IDE refused to create its method 'LREAL_TO_UDINT': TwinCAT PLC automation call (ITcSmTreeItem:CreateChild) failed: Creating the child named 'LREAL_TO_UDINT' is not possible on node (Name mismatch)\nPath: 'TIPC^Untitled1^Untitled1 Project^VltP
METHOD    LREAL_TO_ULINT         REFUSED   [UNSUPPORTED] 'VltPkn_494': the IDE refused to create its method 'LREAL_TO_ULINT': TwinCAT PLC automation call (ITcSmTreeItem:CreateChild) failed: Creating the child named 'LREAL_TO_ULINT' is not possible on node (Name mismatch)\nPath: 'TIPC^Untitled1^Untitled1 Project^VltP
METHOD    LREAL_TO_REAL          REFUSED   [UNSUPPORTED] 'VltPkn_495': the IDE refused to create its method 'LREAL_TO_REAL': TwinCAT PLC automation call (ITcSmTreeItem:CreateChild) failed: Creating the child named 'LREAL_TO_REAL' is not possible on node (Name mismatch)\nPath: 'TIPC^Untitled1^Untitled1 Project^VltPkn
METHOD    LREAL_TO_TIME          REFUSED   [UNSUPPORTED] 'VltPkn_496': the IDE refused to create its method 'LREAL_TO_TIME': TwinCAT PLC automation call (ITcSmTreeItem:CreateChild) failed: Creating the child named 'LREAL_TO_TIME' is not possible on node (Name mismatch)\nPath: 'TIPC^Untitled1^Untitled1 Project^VltPkn
METHOD    LREAL_TO_LTIME         REFUSED   [UNSUPPORTED] 'VltPkn_497': the IDE refused to create its method 'LREAL_TO_LTIME': TwinCAT PLC automation call (ITcSmTreeItem:CreateChild) failed: Creating the child named 'LREAL_TO_LTIME' is not possible on node (Name mismatch)\nPath: 'TIPC^Untitled1^Untitled1 Project^VltP
METHOD    LREAL_TO_DATE          REFUSED   [UNSUPPORTED] 'VltPkn_498': the IDE refused to create its method 'LREAL_TO_DATE': TwinCAT PLC automation call (ITcSmTreeItem:CreateChild) failed: Creating the child named 'LREAL_TO_DATE' is not possible on node (Name mismatch)\nPath: 'TIPC^Untitled1^Untitled1 Project^VltPkn
METHOD    LREAL_TO_TOD           REFUSED   [UNSUPPORTED] 'VltPkn_499': the IDE refused to create its method 'LREAL_TO_TOD': TwinCAT PLC automation call (ITcSmTreeItem:CreateChild) failed: Creating the child named 'LREAL_TO_TOD' is not possible on node (Name mismatch)\nPath: 'TIPC^Untitled1^Untitled1 Project^VltPkn_4
METHOD    LREAL_TO_DT            REFUSED   [UNSUPPORTED] 'VltPkn_500': the IDE refused to create its method 'LREAL_TO_DT': TwinCAT PLC automation call (ITcSmTreeItem:CreateChild) failed: Creating the child named 'LREAL_TO_DT' is not possible on node (Name mismatch)\nPath: 'TIPC^Untitled1^Untitled1 Project^VltPkn_500
METHOD    LREAL_TO_LDATE         ACCEPTED 
METHOD    LREAL_TO_LTOD          ACCEPTED 
METHOD    LREAL_TO_LDT           ACCEPTED 
METHOD    LREAL_TO_STRING        REFUSED   [UNSUPPORTED] 'VltPkn_504': the IDE refused to create its method 'LREAL_TO_STRING': TwinCAT PLC automation call (ITcSmTreeItem:CreateChild) failed: Creating the child named 'LREAL_TO_STRING' is not possible on node (Name mismatch)\nPath: 'TIPC^Untitled1^Untitled1 Project^Vl
METHOD    LREAL_TO_WSTRING       REFUSED   [UNSUPPORTED] 'VltPkn_505': the IDE refused to create its method 'LREAL_TO_WSTRING': TwinCAT PLC automation call (ITcSmTreeItem:CreateChild) failed: Creating the child named 'LREAL_TO_WSTRING' is not possible on node (Name mismatch)\nPath: 'TIPC^Untitled1^Untitled1 Project^
METHOD    LREAL_TO_TIME_OF_DAY   ACCEPTED 
METHOD    LREAL_TO_DATE_AND_TIME ACCEPTED 
METHOD    LREAL_TO_LDATE_AND_TIME ACCEPTED 
METHOD    LREAL_TO_LTIME_OF_DAY  ACCEPTED 
METHOD    LREAL_TO___XINT        REFUSED   [UNSUPPORTED] 'VltPkn_510': the IDE refused to create its method 'LREAL_TO___XINT': TwinCAT PLC automation call (ITcSmTreeItem:CreateChild) failed: Creating the child named 'LREAL_TO___XINT' is not possible on node (Name mismatch)\nPath: 'TIPC^Untitled1^Untitled1 Project^Vl
METHOD    LREAL_TO___UXINT       REFUSED   [UNSUPPORTED] 'VltPkn_511': the IDE refused to create its method 'LREAL_TO___UXINT': TwinCAT PLC automation call (ITcSmTreeItem:CreateChild) failed: Creating the child named 'LREAL_TO___UXINT' is not possible on node (Name mismatch)\nPath: 'TIPC^Untitled1^Untitled1 Project^
METHOD    LREAL_TO___XWORD       REFUSED   [UNSUPPORTED] 'VltPkn_512': the IDE refused to create its method 'LREAL_TO___XWORD': TwinCAT PLC automation call (ITcSmTreeItem:CreateChild) failed: Creating the child named 'LREAL_TO___XWORD' is not possible on node (Name mismatch)\nPath: 'TIPC^Untitled1^Untitled1 Project^
METHOD    TIME_TO_BOOL           REFUSED   [UNSUPPORTED] 'VltPkn_513': the IDE refused to create its method 'TIME_TO_BOOL': TwinCAT PLC automation call (ITcSmTreeItem:CreateChild) failed: Creating the child named 'TIME_TO_BOOL' is not possible on node (Name mismatch)\nPath: 'TIPC^Untitled1^Untitled1 Project^VltPkn_5
METHOD    TIME_TO_BIT            REFUSED   [UNSUPPORTED] 'VltPkn_514': the IDE refused to create its method 'TIME_TO_BIT': TwinCAT PLC automation call (ITcSmTreeItem:CreateChild) failed: Creating the child named 'TIME_TO_BIT' is not possible on node (Name mismatch)\nPath: 'TIPC^Untitled1^Untitled1 Project^VltPkn_514
METHOD    TIME_TO_BYTE           REFUSED   [UNSUPPORTED] 'VltPkn_515': the IDE refused to create its method 'TIME_TO_BYTE': TwinCAT PLC automation call (ITcSmTreeItem:CreateChild) failed: Creating the child named 'TIME_TO_BYTE' is not possible on node (Name mismatch)\nPath: 'TIPC^Untitled1^Untitled1 Project^VltPkn_5
METHOD    TIME_TO_WORD           REFUSED   [UNSUPPORTED] 'VltPkn_516': the IDE refused to create its method 'TIME_TO_WORD': TwinCAT PLC automation call (ITcSmTreeItem:CreateChild) failed: Creating the child named 'TIME_TO_WORD' is not possible on node (Name mismatch)\nPath: 'TIPC^Untitled1^Untitled1 Project^VltPkn_5
METHOD    TIME_TO_DWORD          REFUSED   [UNSUPPORTED] 'VltPkn_517': the IDE refused to create its method 'TIME_TO_DWORD': TwinCAT PLC automation call (ITcSmTreeItem:CreateChild) failed: Creating the child named 'TIME_TO_DWORD' is not possible on node (Name mismatch)\nPath: 'TIPC^Untitled1^Untitled1 Project^VltPkn
METHOD    TIME_TO_LWORD          REFUSED   [UNSUPPORTED] 'VltPkn_518': the IDE refused to create its method 'TIME_TO_LWORD': TwinCAT PLC automation call (ITcSmTreeItem:CreateChild) failed: Creating the child named 'TIME_TO_LWORD' is not possible on node (Name mismatch)\nPath: 'TIPC^Untitled1^Untitled1 Project^VltPkn
METHOD    TIME_TO_SINT           REFUSED   [UNSUPPORTED] 'VltPkn_519': the IDE refused to create its method 'TIME_TO_SINT': TwinCAT PLC automation call (ITcSmTreeItem:CreateChild) failed: Creating the child named 'TIME_TO_SINT' is not possible on node (Name mismatch)\nPath: 'TIPC^Untitled1^Untitled1 Project^VltPkn_5
METHOD    TIME_TO_INT            REFUSED   [UNSUPPORTED] 'VltPkn_520': the IDE refused to create its method 'TIME_TO_INT': TwinCAT PLC automation call (ITcSmTreeItem:CreateChild) failed: Creating the child named 'TIME_TO_INT' is not possible on node (Name mismatch)\nPath: 'TIPC^Untitled1^Untitled1 Project^VltPkn_520
METHOD    TIME_TO_DINT           REFUSED   [UNSUPPORTED] 'VltPkn_521': the IDE refused to create its method 'TIME_TO_DINT': TwinCAT PLC automation call (ITcSmTreeItem:CreateChild) failed: Creating the child named 'TIME_TO_DINT' is not possible on node (Name mismatch)\nPath: 'TIPC^Untitled1^Untitled1 Project^VltPkn_5
METHOD    TIME_TO_LINT           REFUSED   [UNSUPPORTED] 'VltPkn_522': the IDE refused to create its method 'TIME_TO_LINT': TwinCAT PLC automation call (ITcSmTreeItem:CreateChild) failed: Creating the child named 'TIME_TO_LINT' is not possible on node (Name mismatch)\nPath: 'TIPC^Untitled1^Untitled1 Project^VltPkn_5
METHOD    TIME_TO_USINT          REFUSED   [UNSUPPORTED] 'VltPkn_523': the IDE refused to create its method 'TIME_TO_USINT': TwinCAT PLC automation call (ITcSmTreeItem:CreateChild) failed: Creating the child named 'TIME_TO_USINT' is not possible on node (Name mismatch)\nPath: 'TIPC^Untitled1^Untitled1 Project^VltPkn
METHOD    TIME_TO_UINT           REFUSED   [UNSUPPORTED] 'VltPkn_524': the IDE refused to create its method 'TIME_TO_UINT': TwinCAT PLC automation call (ITcSmTreeItem:CreateChild) failed: Creating the child named 'TIME_TO_UINT' is not possible on node (Name mismatch)\nPath: 'TIPC^Untitled1^Untitled1 Project^VltPkn_5
METHOD    TIME_TO_UDINT          REFUSED   [UNSUPPORTED] 'VltPkn_525': the IDE refused to create its method 'TIME_TO_UDINT': TwinCAT PLC automation call (ITcSmTreeItem:CreateChild) failed: Creating the child named 'TIME_TO_UDINT' is not possible on node (Name mismatch)\nPath: 'TIPC^Untitled1^Untitled1 Project^VltPkn
METHOD    TIME_TO_ULINT          REFUSED   [UNSUPPORTED] 'VltPkn_526': the IDE refused to create its method 'TIME_TO_ULINT': TwinCAT PLC automation call (ITcSmTreeItem:CreateChild) failed: Creating the child named 'TIME_TO_ULINT' is not possible on node (Name mismatch)\nPath: 'TIPC^Untitled1^Untitled1 Project^VltPkn
METHOD    TIME_TO_REAL           REFUSED   [UNSUPPORTED] 'VltPkn_527': the IDE refused to create its method 'TIME_TO_REAL': TwinCAT PLC automation call (ITcSmTreeItem:CreateChild) failed: Creating the child named 'TIME_TO_REAL' is not possible on node (Name mismatch)\nPath: 'TIPC^Untitled1^Untitled1 Project^VltPkn_5
METHOD    TIME_TO_LREAL          REFUSED   [UNSUPPORTED] 'VltPkn_528': the IDE refused to create its method 'TIME_TO_LREAL': TwinCAT PLC automation call (ITcSmTreeItem:CreateChild) failed: Creating the child named 'TIME_TO_LREAL' is not possible on node (Name mismatch)\nPath: 'TIPC^Untitled1^Untitled1 Project^VltPkn
METHOD    TIME_TO_LTIME          REFUSED   [UNSUPPORTED] 'VltPkn_529': the IDE refused to create its method 'TIME_TO_LTIME': TwinCAT PLC automation call (ITcSmTreeItem:CreateChild) failed: Creating the child named 'TIME_TO_LTIME' is not possible on node (Name mismatch)\nPath: 'TIPC^Untitled1^Untitled1 Project^VltPkn
METHOD    TIME_TO_DATE           REFUSED   [UNSUPPORTED] 'VltPkn_530': the IDE refused to create its method 'TIME_TO_DATE': TwinCAT PLC automation call (ITcSmTreeItem:CreateChild) failed: Creating the child named 'TIME_TO_DATE' is not possible on node (Name mismatch)\nPath: 'TIPC^Untitled1^Untitled1 Project^VltPkn_5
METHOD    TIME_TO_TOD            REFUSED   [UNSUPPORTED] 'VltPkn_531': the IDE refused to create its method 'TIME_TO_TOD': TwinCAT PLC automation call (ITcSmTreeItem:CreateChild) failed: Creating the child named 'TIME_TO_TOD' is not possible on node (Name mismatch)\nPath: 'TIPC^Untitled1^Untitled1 Project^VltPkn_531
METHOD    TIME_TO_DT             REFUSED   [UNSUPPORTED] 'VltPkn_532': the IDE refused to create its method 'TIME_TO_DT': TwinCAT PLC automation call (ITcSmTreeItem:CreateChild) failed: Creating the child named 'TIME_TO_DT' is not possible on node (Name mismatch)\nPath: 'TIPC^Untitled1^Untitled1 Project^VltPkn_532' 
METHOD    TIME_TO_LDATE          ACCEPTED 
METHOD    TIME_TO_LTOD           ACCEPTED 
METHOD    TIME_TO_LDT            ACCEPTED 
METHOD    TIME_TO_STRING         REFUSED   [UNSUPPORTED] 'VltPkn_536': the IDE refused to create its method 'TIME_TO_STRING': TwinCAT PLC automation call (ITcSmTreeItem:CreateChild) failed: Creating the child named 'TIME_TO_STRING' is not possible on node (Name mismatch)\nPath: 'TIPC^Untitled1^Untitled1 Project^VltP
METHOD    TIME_TO_WSTRING        REFUSED   [UNSUPPORTED] 'VltPkn_537': the IDE refused to create its method 'TIME_TO_WSTRING': TwinCAT PLC automation call (ITcSmTreeItem:CreateChild) failed: Creating the child named 'TIME_TO_WSTRING' is not possible on node (Name mismatch)\nPath: 'TIPC^Untitled1^Untitled1 Project^Vl
METHOD    TIME_TO_TIME_OF_DAY    ACCEPTED 
METHOD    TIME_TO_DATE_AND_TIME  ACCEPTED 
METHOD    TIME_TO_LDATE_AND_TIME ACCEPTED 
METHOD    TIME_TO_LTIME_OF_DAY   ACCEPTED 
METHOD    TIME_TO___XINT         REFUSED   [UNSUPPORTED] 'VltPkn_542': the IDE refused to create its method 'TIME_TO___XINT': TwinCAT PLC automation call (ITcSmTreeItem:CreateChild) failed: Creating the child named 'TIME_TO___XINT' is not possible on node (Name mismatch)\nPath: 'TIPC^Untitled1^Untitled1 Project^VltP
METHOD    TIME_TO___UXINT        REFUSED   [UNSUPPORTED] 'VltPkn_543': the IDE refused to create its method 'TIME_TO___UXINT': TwinCAT PLC automation call (ITcSmTreeItem:CreateChild) failed: Creating the child named 'TIME_TO___UXINT' is not possible on node (Name mismatch)\nPath: 'TIPC^Untitled1^Untitled1 Project^Vl
METHOD    TIME_TO___XWORD        REFUSED   [UNSUPPORTED] 'VltPkn_544': the IDE refused to create its method 'TIME_TO___XWORD': TwinCAT PLC automation call (ITcSmTreeItem:CreateChild) failed: Creating the child named 'TIME_TO___XWORD' is not possible on node (Name mismatch)\nPath: 'TIPC^Untitled1^Untitled1 Project^Vl
METHOD    LTIME_TO_BOOL          REFUSED   [UNSUPPORTED] 'VltPkn_545': the IDE refused to create its method 'LTIME_TO_BOOL': TwinCAT PLC automation call (ITcSmTreeItem:CreateChild) failed: Creating the child named 'LTIME_TO_BOOL' is not possible on node (Name mismatch)\nPath: 'TIPC^Untitled1^Untitled1 Project^VltPkn
METHOD    LTIME_TO_BIT           REFUSED   [UNSUPPORTED] 'VltPkn_546': the IDE refused to create its method 'LTIME_TO_BIT': TwinCAT PLC automation call (ITcSmTreeItem:CreateChild) failed: Creating the child named 'LTIME_TO_BIT' is not possible on node (Name mismatch)\nPath: 'TIPC^Untitled1^Untitled1 Project^VltPkn_5
METHOD    LTIME_TO_BYTE          REFUSED   [UNSUPPORTED] 'VltPkn_547': the IDE refused to create its method 'LTIME_TO_BYTE': TwinCAT PLC automation call (ITcSmTreeItem:CreateChild) failed: Creating the child named 'LTIME_TO_BYTE' is not possible on node (Name mismatch)\nPath: 'TIPC^Untitled1^Untitled1 Project^VltPkn
METHOD    LTIME_TO_WORD          REFUSED   [UNSUPPORTED] 'VltPkn_548': the IDE refused to create its method 'LTIME_TO_WORD': TwinCAT PLC automation call (ITcSmTreeItem:CreateChild) failed: Creating the child named 'LTIME_TO_WORD' is not possible on node (Name mismatch)\nPath: 'TIPC^Untitled1^Untitled1 Project^VltPkn
METHOD    LTIME_TO_DWORD         REFUSED   [UNSUPPORTED] 'VltPkn_549': the IDE refused to create its method 'LTIME_TO_DWORD': TwinCAT PLC automation call (ITcSmTreeItem:CreateChild) failed: Creating the child named 'LTIME_TO_DWORD' is not possible on node (Name mismatch)\nPath: 'TIPC^Untitled1^Untitled1 Project^VltP
METHOD    LTIME_TO_LWORD         REFUSED   [UNSUPPORTED] 'VltPkn_550': the IDE refused to create its method 'LTIME_TO_LWORD': TwinCAT PLC automation call (ITcSmTreeItem:CreateChild) failed: Creating the child named 'LTIME_TO_LWORD' is not possible on node (Name mismatch)\nPath: 'TIPC^Untitled1^Untitled1 Project^VltP
METHOD    LTIME_TO_SINT          REFUSED   [UNSUPPORTED] 'VltPkn_551': the IDE refused to create its method 'LTIME_TO_SINT': TwinCAT PLC automation call (ITcSmTreeItem:CreateChild) failed: Creating the child named 'LTIME_TO_SINT' is not possible on node (Name mismatch)\nPath: 'TIPC^Untitled1^Untitled1 Project^VltPkn
METHOD    LTIME_TO_INT           REFUSED   [UNSUPPORTED] 'VltPkn_552': the IDE refused to create its method 'LTIME_TO_INT': TwinCAT PLC automation call (ITcSmTreeItem:CreateChild) failed: Creating the child named 'LTIME_TO_INT' is not possible on node (Name mismatch)\nPath: 'TIPC^Untitled1^Untitled1 Project^VltPkn_5
METHOD    LTIME_TO_DINT          REFUSED   [UNSUPPORTED] 'VltPkn_553': the IDE refused to create its method 'LTIME_TO_DINT': TwinCAT PLC automation call (ITcSmTreeItem:CreateChild) failed: Creating the child named 'LTIME_TO_DINT' is not possible on node (Name mismatch)\nPath: 'TIPC^Untitled1^Untitled1 Project^VltPkn
METHOD    LTIME_TO_LINT          REFUSED   [UNSUPPORTED] 'VltPkn_554': the IDE refused to create its method 'LTIME_TO_LINT': TwinCAT PLC automation call (ITcSmTreeItem:CreateChild) failed: Creating the child named 'LTIME_TO_LINT' is not possible on node (Name mismatch)\nPath: 'TIPC^Untitled1^Untitled1 Project^VltPkn
METHOD    LTIME_TO_USINT         REFUSED   [UNSUPPORTED] 'VltPkn_555': the IDE refused to create its method 'LTIME_TO_USINT': TwinCAT PLC automation call (ITcSmTreeItem:CreateChild) failed: Creating the child named 'LTIME_TO_USINT' is not possible on node (Name mismatch)\nPath: 'TIPC^Untitled1^Untitled1 Project^VltP
METHOD    LTIME_TO_UINT          REFUSED   [UNSUPPORTED] 'VltPkn_556': the IDE refused to create its method 'LTIME_TO_UINT': TwinCAT PLC automation call (ITcSmTreeItem:CreateChild) failed: Creating the child named 'LTIME_TO_UINT' is not possible on node (Name mismatch)\nPath: 'TIPC^Untitled1^Untitled1 Project^VltPkn
METHOD    LTIME_TO_UDINT         REFUSED   [UNSUPPORTED] 'VltPkn_557': the IDE refused to create its method 'LTIME_TO_UDINT': TwinCAT PLC automation call (ITcSmTreeItem:CreateChild) failed: Creating the child named 'LTIME_TO_UDINT' is not possible on node (Name mismatch)\nPath: 'TIPC^Untitled1^Untitled1 Project^VltP
METHOD    LTIME_TO_ULINT         REFUSED   [UNSUPPORTED] 'VltPkn_558': the IDE refused to create its method 'LTIME_TO_ULINT': TwinCAT PLC automation call (ITcSmTreeItem:CreateChild) failed: Creating the child named 'LTIME_TO_ULINT' is not possible on node (Name mismatch)\nPath: 'TIPC^Untitled1^Untitled1 Project^VltP
METHOD    LTIME_TO_REAL          REFUSED   [UNSUPPORTED] 'VltPkn_559': the IDE refused to create its method 'LTIME_TO_REAL': TwinCAT PLC automation call (ITcSmTreeItem:CreateChild) failed: Creating the child named 'LTIME_TO_REAL' is not possible on node (Name mismatch)\nPath: 'TIPC^Untitled1^Untitled1 Project^VltPkn
METHOD    LTIME_TO_LREAL         REFUSED   [UNSUPPORTED] 'VltPkn_560': the IDE refused to create its method 'LTIME_TO_LREAL': TwinCAT PLC automation call (ITcSmTreeItem:CreateChild) failed: Creating the child named 'LTIME_TO_LREAL' is not possible on node (Name mismatch)\nPath: 'TIPC^Untitled1^Untitled1 Project^VltP
METHOD    LTIME_TO_TIME          REFUSED   [UNSUPPORTED] 'VltPkn_561': the IDE refused to create its method 'LTIME_TO_TIME': TwinCAT PLC automation call (ITcSmTreeItem:CreateChild) failed: Creating the child named 'LTIME_TO_TIME' is not possible on node (Name mismatch)\nPath: 'TIPC^Untitled1^Untitled1 Project^VltPkn
METHOD    LTIME_TO_DATE          REFUSED   [UNSUPPORTED] 'VltPkn_562': the IDE refused to create its method 'LTIME_TO_DATE': TwinCAT PLC automation call (ITcSmTreeItem:CreateChild) failed: Creating the child named 'LTIME_TO_DATE' is not possible on node (Name mismatch)\nPath: 'TIPC^Untitled1^Untitled1 Project^VltPkn
METHOD    LTIME_TO_TOD           REFUSED   [UNSUPPORTED] 'VltPkn_563': the IDE refused to create its method 'LTIME_TO_TOD': TwinCAT PLC automation call (ITcSmTreeItem:CreateChild) failed: Creating the child named 'LTIME_TO_TOD' is not possible on node (Name mismatch)\nPath: 'TIPC^Untitled1^Untitled1 Project^VltPkn_5
METHOD    LTIME_TO_DT            REFUSED   [UNSUPPORTED] 'VltPkn_564': the IDE refused to create its method 'LTIME_TO_DT': TwinCAT PLC automation call (ITcSmTreeItem:CreateChild) failed: Creating the child named 'LTIME_TO_DT' is not possible on node (Name mismatch)\nPath: 'TIPC^Untitled1^Untitled1 Project^VltPkn_564
METHOD    LTIME_TO_LDATE         ACCEPTED 
METHOD    LTIME_TO_LTOD          ACCEPTED 
METHOD    LTIME_TO_LDT           ACCEPTED 
METHOD    LTIME_TO_STRING        REFUSED   [UNSUPPORTED] 'VltPkn_568': the IDE refused to create its method 'LTIME_TO_STRING': TwinCAT PLC automation call (ITcSmTreeItem:CreateChild) failed: Creating the child named 'LTIME_TO_STRING' is not possible on node (Name mismatch)\nPath: 'TIPC^Untitled1^Untitled1 Project^Vl
METHOD    LTIME_TO_WSTRING       REFUSED   [UNSUPPORTED] 'VltPkn_569': the IDE refused to create its method 'LTIME_TO_WSTRING': TwinCAT PLC automation call (ITcSmTreeItem:CreateChild) failed: Creating the child named 'LTIME_TO_WSTRING' is not possible on node (Name mismatch)\nPath: 'TIPC^Untitled1^Untitled1 Project^
METHOD    LTIME_TO_TIME_OF_DAY   ACCEPTED 
METHOD    LTIME_TO_DATE_AND_TIME ACCEPTED 
METHOD    LTIME_TO_LDATE_AND_TIME ACCEPTED 
METHOD    LTIME_TO_LTIME_OF_DAY  ACCEPTED 
METHOD    LTIME_TO___XINT        REFUSED   [UNSUPPORTED] 'VltPkn_574': the IDE refused to create its method 'LTIME_TO___XINT': TwinCAT PLC automation call (ITcSmTreeItem:CreateChild) failed: Creating the child named 'LTIME_TO___XINT' is not possible on node (Name mismatch)\nPath: 'TIPC^Untitled1^Untitled1 Project^Vl
METHOD    LTIME_TO___UXINT       REFUSED   [UNSUPPORTED] 'VltPkn_575': the IDE refused to create its method 'LTIME_TO___UXINT': TwinCAT PLC automation call (ITcSmTreeItem:CreateChild) failed: Creating the child named 'LTIME_TO___UXINT' is not possible on node (Name mismatch)\nPath: 'TIPC^Untitled1^Untitled1 Project^
METHOD    LTIME_TO___XWORD       REFUSED   [UNSUPPORTED] 'VltPkn_576': the IDE refused to create its method 'LTIME_TO___XWORD': TwinCAT PLC automation call (ITcSmTreeItem:CreateChild) failed: Creating the child named 'LTIME_TO___XWORD' is not possible on node (Name mismatch)\nPath: 'TIPC^Untitled1^Untitled1 Project^
METHOD    DATE_TO_BOOL           REFUSED   [UNSUPPORTED] 'VltPkn_577': the IDE refused to create its method 'DATE_TO_BOOL': TwinCAT PLC automation call (ITcSmTreeItem:CreateChild) failed: Creating the child named 'DATE_TO_BOOL' is not possible on node (Name mismatch)\nPath: 'TIPC^Untitled1^Untitled1 Project^VltPkn_5
METHOD    DATE_TO_BIT            REFUSED   [UNSUPPORTED] 'VltPkn_578': the IDE refused to create its method 'DATE_TO_BIT': TwinCAT PLC automation call (ITcSmTreeItem:CreateChild) failed: Creating the child named 'DATE_TO_BIT' is not possible on node (Name mismatch)\nPath: 'TIPC^Untitled1^Untitled1 Project^VltPkn_578
METHOD    DATE_TO_BYTE           REFUSED   [UNSUPPORTED] 'VltPkn_579': the IDE refused to create its method 'DATE_TO_BYTE': TwinCAT PLC automation call (ITcSmTreeItem:CreateChild) failed: Creating the child named 'DATE_TO_BYTE' is not possible on node (Name mismatch)\nPath: 'TIPC^Untitled1^Untitled1 Project^VltPkn_5
METHOD    DATE_TO_WORD           REFUSED   [UNSUPPORTED] 'VltPkn_580': the IDE refused to create its method 'DATE_TO_WORD': TwinCAT PLC automation call (ITcSmTreeItem:CreateChild) failed: Creating the child named 'DATE_TO_WORD' is not possible on node (Name mismatch)\nPath: 'TIPC^Untitled1^Untitled1 Project^VltPkn_5
METHOD    DATE_TO_DWORD          REFUSED   [UNSUPPORTED] 'VltPkn_581': the IDE refused to create its method 'DATE_TO_DWORD': TwinCAT PLC automation call (ITcSmTreeItem:CreateChild) failed: Creating the child named 'DATE_TO_DWORD' is not possible on node (Name mismatch)\nPath: 'TIPC^Untitled1^Untitled1 Project^VltPkn
METHOD    DATE_TO_LWORD          REFUSED   [UNSUPPORTED] 'VltPkn_582': the IDE refused to create its method 'DATE_TO_LWORD': TwinCAT PLC automation call (ITcSmTreeItem:CreateChild) failed: Creating the child named 'DATE_TO_LWORD' is not possible on node (Name mismatch)\nPath: 'TIPC^Untitled1^Untitled1 Project^VltPkn
METHOD    DATE_TO_SINT           REFUSED   [UNSUPPORTED] 'VltPkn_583': the IDE refused to create its method 'DATE_TO_SINT': TwinCAT PLC automation call (ITcSmTreeItem:CreateChild) failed: Creating the child named 'DATE_TO_SINT' is not possible on node (Name mismatch)\nPath: 'TIPC^Untitled1^Untitled1 Project^VltPkn_5
METHOD    DATE_TO_INT            REFUSED   [UNSUPPORTED] 'VltPkn_584': the IDE refused to create its method 'DATE_TO_INT': TwinCAT PLC automation call (ITcSmTreeItem:CreateChild) failed: Creating the child named 'DATE_TO_INT' is not possible on node (Name mismatch)\nPath: 'TIPC^Untitled1^Untitled1 Project^VltPkn_584
METHOD    DATE_TO_DINT           REFUSED   [UNSUPPORTED] 'VltPkn_585': the IDE refused to create its method 'DATE_TO_DINT': TwinCAT PLC automation call (ITcSmTreeItem:CreateChild) failed: Creating the child named 'DATE_TO_DINT' is not possible on node (Name mismatch)\nPath: 'TIPC^Untitled1^Untitled1 Project^VltPkn_5
METHOD    DATE_TO_LINT           REFUSED   [UNSUPPORTED] 'VltPkn_586': the IDE refused to create its method 'DATE_TO_LINT': TwinCAT PLC automation call (ITcSmTreeItem:CreateChild) failed: Creating the child named 'DATE_TO_LINT' is not possible on node (Name mismatch)\nPath: 'TIPC^Untitled1^Untitled1 Project^VltPkn_5
METHOD    DATE_TO_USINT          REFUSED   [UNSUPPORTED] 'VltPkn_587': the IDE refused to create its method 'DATE_TO_USINT': TwinCAT PLC automation call (ITcSmTreeItem:CreateChild) failed: Creating the child named 'DATE_TO_USINT' is not possible on node (Name mismatch)\nPath: 'TIPC^Untitled1^Untitled1 Project^VltPkn
METHOD    DATE_TO_UINT           REFUSED   [UNSUPPORTED] 'VltPkn_588': the IDE refused to create its method 'DATE_TO_UINT': TwinCAT PLC automation call (ITcSmTreeItem:CreateChild) failed: Creating the child named 'DATE_TO_UINT' is not possible on node (Name mismatch)\nPath: 'TIPC^Untitled1^Untitled1 Project^VltPkn_5
METHOD    DATE_TO_UDINT          REFUSED   [UNSUPPORTED] 'VltPkn_589': the IDE refused to create its method 'DATE_TO_UDINT': TwinCAT PLC automation call (ITcSmTreeItem:CreateChild) failed: Creating the child named 'DATE_TO_UDINT' is not possible on node (Name mismatch)\nPath: 'TIPC^Untitled1^Untitled1 Project^VltPkn
METHOD    DATE_TO_ULINT          REFUSED   [UNSUPPORTED] 'VltPkn_590': the IDE refused to create its method 'DATE_TO_ULINT': TwinCAT PLC automation call (ITcSmTreeItem:CreateChild) failed: Creating the child named 'DATE_TO_ULINT' is not possible on node (Name mismatch)\nPath: 'TIPC^Untitled1^Untitled1 Project^VltPkn
METHOD    DATE_TO_REAL           REFUSED   [UNSUPPORTED] 'VltPkn_591': the IDE refused to create its method 'DATE_TO_REAL': TwinCAT PLC automation call (ITcSmTreeItem:CreateChild) failed: Creating the child named 'DATE_TO_REAL' is not possible on node (Name mismatch)\nPath: 'TIPC^Untitled1^Untitled1 Project^VltPkn_5
METHOD    DATE_TO_LREAL          REFUSED   [UNSUPPORTED] 'VltPkn_592': the IDE refused to create its method 'DATE_TO_LREAL': TwinCAT PLC automation call (ITcSmTreeItem:CreateChild) failed: Creating the child named 'DATE_TO_LREAL' is not possible on node (Name mismatch)\nPath: 'TIPC^Untitled1^Untitled1 Project^VltPkn
METHOD    DATE_TO_TIME           REFUSED   [UNSUPPORTED] 'VltPkn_593': the IDE refused to create its method 'DATE_TO_TIME': TwinCAT PLC automation call (ITcSmTreeItem:CreateChild) failed: Creating the child named 'DATE_TO_TIME' is not possible on node (Name mismatch)\nPath: 'TIPC^Untitled1^Untitled1 Project^VltPkn_5
METHOD    DATE_TO_LTIME          REFUSED   [UNSUPPORTED] 'VltPkn_594': the IDE refused to create its method 'DATE_TO_LTIME': TwinCAT PLC automation call (ITcSmTreeItem:CreateChild) failed: Creating the child named 'DATE_TO_LTIME' is not possible on node (Name mismatch)\nPath: 'TIPC^Untitled1^Untitled1 Project^VltPkn
METHOD    DATE_TO_TOD            REFUSED   [UNSUPPORTED] 'VltPkn_595': the IDE refused to create its method 'DATE_TO_TOD': TwinCAT PLC automation call (ITcSmTreeItem:CreateChild) failed: Creating the child named 'DATE_TO_TOD' is not possible on node (Name mismatch)\nPath: 'TIPC^Untitled1^Untitled1 Project^VltPkn_595
METHOD    DATE_TO_DT             REFUSED   [UNSUPPORTED] 'VltPkn_596': the IDE refused to create its method 'DATE_TO_DT': TwinCAT PLC automation call (ITcSmTreeItem:CreateChild) failed: Creating the child named 'DATE_TO_DT' is not possible on node (Name mismatch)\nPath: 'TIPC^Untitled1^Untitled1 Project^VltPkn_596' 
METHOD    DATE_TO_LDATE          ACCEPTED 
METHOD    DATE_TO_LTOD           ACCEPTED 
METHOD    DATE_TO_LDT            ACCEPTED 
METHOD    DATE_TO_STRING         REFUSED   [UNSUPPORTED] 'VltPkn_600': the IDE refused to create its method 'DATE_TO_STRING': TwinCAT PLC automation call (ITcSmTreeItem:CreateChild) failed: Creating the child named 'DATE_TO_STRING' is not possible on node (Name mismatch)\nPath: 'TIPC^Untitled1^Untitled1 Project^VltP
METHOD    DATE_TO_WSTRING        REFUSED   [UNSUPPORTED] 'VltPkn_601': the IDE refused to create its method 'DATE_TO_WSTRING': TwinCAT PLC automation call (ITcSmTreeItem:CreateChild) failed: Creating the child named 'DATE_TO_WSTRING' is not possible on node (Name mismatch)\nPath: 'TIPC^Untitled1^Untitled1 Project^Vl
METHOD    DATE_TO_TIME_OF_DAY    ACCEPTED 
METHOD    DATE_TO_DATE_AND_TIME  ACCEPTED 
METHOD    DATE_TO_LDATE_AND_TIME ACCEPTED 
METHOD    DATE_TO_LTIME_OF_DAY   ACCEPTED 
METHOD    DATE_TO___XINT         REFUSED   [UNSUPPORTED] 'VltPkn_606': the IDE refused to create its method 'DATE_TO___XINT': TwinCAT PLC automation call (ITcSmTreeItem:CreateChild) failed: Creating the child named 'DATE_TO___XINT' is not possible on node (Name mismatch)\nPath: 'TIPC^Untitled1^Untitled1 Project^VltP
METHOD    DATE_TO___UXINT        REFUSED   [UNSUPPORTED] 'VltPkn_607': the IDE refused to create its method 'DATE_TO___UXINT': TwinCAT PLC automation call (ITcSmTreeItem:CreateChild) failed: Creating the child named 'DATE_TO___UXINT' is not possible on node (Name mismatch)\nPath: 'TIPC^Untitled1^Untitled1 Project^Vl
METHOD    DATE_TO___XWORD        REFUSED   [UNSUPPORTED] 'VltPkn_608': the IDE refused to create its method 'DATE_TO___XWORD': TwinCAT PLC automation call (ITcSmTreeItem:CreateChild) failed: Creating the child named 'DATE_TO___XWORD' is not possible on node (Name mismatch)\nPath: 'TIPC^Untitled1^Untitled1 Project^Vl
METHOD    TOD_TO_BOOL            REFUSED   [UNSUPPORTED] 'VltPkn_609': the IDE refused to create its method 'TOD_TO_BOOL': TwinCAT PLC automation call (ITcSmTreeItem:CreateChild) failed: Creating the child named 'TOD_TO_BOOL' is not possible on node (Name mismatch)\nPath: 'TIPC^Untitled1^Untitled1 Project^VltPkn_609
METHOD    TOD_TO_BIT             REFUSED   [UNSUPPORTED] 'VltPkn_610': the IDE refused to create its method 'TOD_TO_BIT': TwinCAT PLC automation call (ITcSmTreeItem:CreateChild) failed: Creating the child named 'TOD_TO_BIT' is not possible on node (Name mismatch)\nPath: 'TIPC^Untitled1^Untitled1 Project^VltPkn_610' 
METHOD    TOD_TO_BYTE            REFUSED   [UNSUPPORTED] 'VltPkn_611': the IDE refused to create its method 'TOD_TO_BYTE': TwinCAT PLC automation call (ITcSmTreeItem:CreateChild) failed: Creating the child named 'TOD_TO_BYTE' is not possible on node (Name mismatch)\nPath: 'TIPC^Untitled1^Untitled1 Project^VltPkn_611
METHOD    TOD_TO_WORD            REFUSED   [UNSUPPORTED] 'VltPkn_612': the IDE refused to create its method 'TOD_TO_WORD': TwinCAT PLC automation call (ITcSmTreeItem:CreateChild) failed: Creating the child named 'TOD_TO_WORD' is not possible on node (Name mismatch)\nPath: 'TIPC^Untitled1^Untitled1 Project^VltPkn_612
METHOD    TOD_TO_DWORD           REFUSED   [UNSUPPORTED] 'VltPkn_613': the IDE refused to create its method 'TOD_TO_DWORD': TwinCAT PLC automation call (ITcSmTreeItem:CreateChild) failed: Creating the child named 'TOD_TO_DWORD' is not possible on node (Name mismatch)\nPath: 'TIPC^Untitled1^Untitled1 Project^VltPkn_6
METHOD    TOD_TO_LWORD           REFUSED   [UNSUPPORTED] 'VltPkn_614': the IDE refused to create its method 'TOD_TO_LWORD': TwinCAT PLC automation call (ITcSmTreeItem:CreateChild) failed: Creating the child named 'TOD_TO_LWORD' is not possible on node (Name mismatch)\nPath: 'TIPC^Untitled1^Untitled1 Project^VltPkn_6
METHOD    TOD_TO_SINT            REFUSED   [UNSUPPORTED] 'VltPkn_615': the IDE refused to create its method 'TOD_TO_SINT': TwinCAT PLC automation call (ITcSmTreeItem:CreateChild) failed: Creating the child named 'TOD_TO_SINT' is not possible on node (Name mismatch)\nPath: 'TIPC^Untitled1^Untitled1 Project^VltPkn_615
METHOD    TOD_TO_INT             REFUSED   [UNSUPPORTED] 'VltPkn_616': the IDE refused to create its method 'TOD_TO_INT': TwinCAT PLC automation call (ITcSmTreeItem:CreateChild) failed: Creating the child named 'TOD_TO_INT' is not possible on node (Name mismatch)\nPath: 'TIPC^Untitled1^Untitled1 Project^VltPkn_616' 
METHOD    TOD_TO_DINT            REFUSED   [UNSUPPORTED] 'VltPkn_617': the IDE refused to create its method 'TOD_TO_DINT': TwinCAT PLC automation call (ITcSmTreeItem:CreateChild) failed: Creating the child named 'TOD_TO_DINT' is not possible on node (Name mismatch)\nPath: 'TIPC^Untitled1^Untitled1 Project^VltPkn_617
METHOD    TOD_TO_LINT            REFUSED   [UNSUPPORTED] 'VltPkn_618': the IDE refused to create its method 'TOD_TO_LINT': TwinCAT PLC automation call (ITcSmTreeItem:CreateChild) failed: Creating the child named 'TOD_TO_LINT' is not possible on node (Name mismatch)\nPath: 'TIPC^Untitled1^Untitled1 Project^VltPkn_618
METHOD    TOD_TO_USINT           REFUSED   [UNSUPPORTED] 'VltPkn_619': the IDE refused to create its method 'TOD_TO_USINT': TwinCAT PLC automation call (ITcSmTreeItem:CreateChild) failed: Creating the child named 'TOD_TO_USINT' is not possible on node (Name mismatch)\nPath: 'TIPC^Untitled1^Untitled1 Project^VltPkn_6
METHOD    TOD_TO_UINT            REFUSED   [UNSUPPORTED] 'VltPkn_620': the IDE refused to create its method 'TOD_TO_UINT': TwinCAT PLC automation call (ITcSmTreeItem:CreateChild) failed: Creating the child named 'TOD_TO_UINT' is not possible on node (Name mismatch)\nPath: 'TIPC^Untitled1^Untitled1 Project^VltPkn_620
METHOD    TOD_TO_UDINT           REFUSED   [UNSUPPORTED] 'VltPkn_621': the IDE refused to create its method 'TOD_TO_UDINT': TwinCAT PLC automation call (ITcSmTreeItem:CreateChild) failed: Creating the child named 'TOD_TO_UDINT' is not possible on node (Name mismatch)\nPath: 'TIPC^Untitled1^Untitled1 Project^VltPkn_6
METHOD    TOD_TO_ULINT           REFUSED   [UNSUPPORTED] 'VltPkn_622': the IDE refused to create its method 'TOD_TO_ULINT': TwinCAT PLC automation call (ITcSmTreeItem:CreateChild) failed: Creating the child named 'TOD_TO_ULINT' is not possible on node (Name mismatch)\nPath: 'TIPC^Untitled1^Untitled1 Project^VltPkn_6
METHOD    TOD_TO_REAL            REFUSED   [UNSUPPORTED] 'VltPkn_623': the IDE refused to create its method 'TOD_TO_REAL': TwinCAT PLC automation call (ITcSmTreeItem:CreateChild) failed: Creating the child named 'TOD_TO_REAL' is not possible on node (Name mismatch)\nPath: 'TIPC^Untitled1^Untitled1 Project^VltPkn_623
METHOD    TOD_TO_LREAL           REFUSED   [UNSUPPORTED] 'VltPkn_624': the IDE refused to create its method 'TOD_TO_LREAL': TwinCAT PLC automation call (ITcSmTreeItem:CreateChild) failed: Creating the child named 'TOD_TO_LREAL' is not possible on node (Name mismatch)\nPath: 'TIPC^Untitled1^Untitled1 Project^VltPkn_6
METHOD    TOD_TO_TIME            REFUSED   [UNSUPPORTED] 'VltPkn_625': the IDE refused to create its method 'TOD_TO_TIME': TwinCAT PLC automation call (ITcSmTreeItem:CreateChild) failed: Creating the child named 'TOD_TO_TIME' is not possible on node (Name mismatch)\nPath: 'TIPC^Untitled1^Untitled1 Project^VltPkn_625
METHOD    TOD_TO_LTIME           REFUSED   [UNSUPPORTED] 'VltPkn_626': the IDE refused to create its method 'TOD_TO_LTIME': TwinCAT PLC automation call (ITcSmTreeItem:CreateChild) failed: Creating the child named 'TOD_TO_LTIME' is not possible on node (Name mismatch)\nPath: 'TIPC^Untitled1^Untitled1 Project^VltPkn_6
METHOD    TOD_TO_DATE            REFUSED   [UNSUPPORTED] 'VltPkn_627': the IDE refused to create its method 'TOD_TO_DATE': TwinCAT PLC automation call (ITcSmTreeItem:CreateChild) failed: Creating the child named 'TOD_TO_DATE' is not possible on node (Name mismatch)\nPath: 'TIPC^Untitled1^Untitled1 Project^VltPkn_627
METHOD    TOD_TO_DT              REFUSED   [UNSUPPORTED] 'VltPkn_628': the IDE refused to create its method 'TOD_TO_DT': TwinCAT PLC automation call (ITcSmTreeItem:CreateChild) failed: Creating the child named 'TOD_TO_DT' is not possible on node (Name mismatch)\nPath: 'TIPC^Untitled1^Untitled1 Project^VltPkn_628' (I
METHOD    TOD_TO_LDATE           ACCEPTED 
METHOD    TOD_TO_LTOD            ACCEPTED 
METHOD    TOD_TO_LDT             ACCEPTED 
METHOD    TOD_TO_STRING          REFUSED   [UNSUPPORTED] 'VltPkn_632': the IDE refused to create its method 'TOD_TO_STRING': TwinCAT PLC automation call (ITcSmTreeItem:CreateChild) failed: Creating the child named 'TOD_TO_STRING' is not possible on node (Name mismatch)\nPath: 'TIPC^Untitled1^Untitled1 Project^VltPkn
METHOD    TOD_TO_WSTRING         REFUSED   [UNSUPPORTED] 'VltPkn_633': the IDE refused to create its method 'TOD_TO_WSTRING': TwinCAT PLC automation call (ITcSmTreeItem:CreateChild) failed: Creating the child named 'TOD_TO_WSTRING' is not possible on node (Name mismatch)\nPath: 'TIPC^Untitled1^Untitled1 Project^VltP
METHOD    TOD_TO_TIME_OF_DAY     ACCEPTED 
METHOD    TOD_TO_DATE_AND_TIME   ACCEPTED 
METHOD    TOD_TO_LDATE_AND_TIME  ACCEPTED 
METHOD    TOD_TO_LTIME_OF_DAY    ACCEPTED 
METHOD    TOD_TO___XINT          REFUSED   [UNSUPPORTED] 'VltPkn_638': the IDE refused to create its method 'TOD_TO___XINT': TwinCAT PLC automation call (ITcSmTreeItem:CreateChild) failed: Creating the child named 'TOD_TO___XINT' is not possible on node (Name mismatch)\nPath: 'TIPC^Untitled1^Untitled1 Project^VltPkn
METHOD    TOD_TO___UXINT         REFUSED   [UNSUPPORTED] 'VltPkn_639': the IDE refused to create its method 'TOD_TO___UXINT': TwinCAT PLC automation call (ITcSmTreeItem:CreateChild) failed: Creating the child named 'TOD_TO___UXINT' is not possible on node (Name mismatch)\nPath: 'TIPC^Untitled1^Untitled1 Project^VltP
METHOD    TOD_TO___XWORD         REFUSED   [UNSUPPORTED] 'VltPkn_640': the IDE refused to create its method 'TOD_TO___XWORD': TwinCAT PLC automation call (ITcSmTreeItem:CreateChild) failed: Creating the child named 'TOD_TO___XWORD' is not possible on node (Name mismatch)\nPath: 'TIPC^Untitled1^Untitled1 Project^VltP
METHOD    DT_TO_BOOL             REFUSED   [UNSUPPORTED] 'VltPkn_641': the IDE refused to create its method 'DT_TO_BOOL': TwinCAT PLC automation call (ITcSmTreeItem:CreateChild) failed: Creating the child named 'DT_TO_BOOL' is not possible on node (Name mismatch)\nPath: 'TIPC^Untitled1^Untitled1 Project^VltPkn_641' 
METHOD    DT_TO_BIT              REFUSED   [UNSUPPORTED] 'VltPkn_642': the IDE refused to create its method 'DT_TO_BIT': TwinCAT PLC automation call (ITcSmTreeItem:CreateChild) failed: Creating the child named 'DT_TO_BIT' is not possible on node (Name mismatch)\nPath: 'TIPC^Untitled1^Untitled1 Project^VltPkn_642' (I
METHOD    DT_TO_BYTE             REFUSED   [UNSUPPORTED] 'VltPkn_643': the IDE refused to create its method 'DT_TO_BYTE': TwinCAT PLC automation call (ITcSmTreeItem:CreateChild) failed: Creating the child named 'DT_TO_BYTE' is not possible on node (Name mismatch)\nPath: 'TIPC^Untitled1^Untitled1 Project^VltPkn_643' 
METHOD    DT_TO_WORD             REFUSED   [UNSUPPORTED] 'VltPkn_644': the IDE refused to create its method 'DT_TO_WORD': TwinCAT PLC automation call (ITcSmTreeItem:CreateChild) failed: Creating the child named 'DT_TO_WORD' is not possible on node (Name mismatch)\nPath: 'TIPC^Untitled1^Untitled1 Project^VltPkn_644' 
METHOD    DT_TO_DWORD            REFUSED   [UNSUPPORTED] 'VltPkn_645': the IDE refused to create its method 'DT_TO_DWORD': TwinCAT PLC automation call (ITcSmTreeItem:CreateChild) failed: Creating the child named 'DT_TO_DWORD' is not possible on node (Name mismatch)\nPath: 'TIPC^Untitled1^Untitled1 Project^VltPkn_645
METHOD    DT_TO_LWORD            REFUSED   [UNSUPPORTED] 'VltPkn_646': the IDE refused to create its method 'DT_TO_LWORD': TwinCAT PLC automation call (ITcSmTreeItem:CreateChild) failed: Creating the child named 'DT_TO_LWORD' is not possible on node (Name mismatch)\nPath: 'TIPC^Untitled1^Untitled1 Project^VltPkn_646
METHOD    DT_TO_SINT             REFUSED   [UNSUPPORTED] 'VltPkn_647': the IDE refused to create its method 'DT_TO_SINT': TwinCAT PLC automation call (ITcSmTreeItem:CreateChild) failed: Creating the child named 'DT_TO_SINT' is not possible on node (Name mismatch)\nPath: 'TIPC^Untitled1^Untitled1 Project^VltPkn_647' 
METHOD    DT_TO_INT              REFUSED   [UNSUPPORTED] 'VltPkn_648': the IDE refused to create its method 'DT_TO_INT': TwinCAT PLC automation call (ITcSmTreeItem:CreateChild) failed: Creating the child named 'DT_TO_INT' is not possible on node (Name mismatch)\nPath: 'TIPC^Untitled1^Untitled1 Project^VltPkn_648' (I
METHOD    DT_TO_DINT             REFUSED   [UNSUPPORTED] 'VltPkn_649': the IDE refused to create its method 'DT_TO_DINT': TwinCAT PLC automation call (ITcSmTreeItem:CreateChild) failed: Creating the child named 'DT_TO_DINT' is not possible on node (Name mismatch)\nPath: 'TIPC^Untitled1^Untitled1 Project^VltPkn_649' 
METHOD    DT_TO_LINT             REFUSED   [UNSUPPORTED] 'VltPkn_650': the IDE refused to create its method 'DT_TO_LINT': TwinCAT PLC automation call (ITcSmTreeItem:CreateChild) failed: Creating the child named 'DT_TO_LINT' is not possible on node (Name mismatch)\nPath: 'TIPC^Untitled1^Untitled1 Project^VltPkn_650' 
METHOD    DT_TO_USINT            REFUSED   [UNSUPPORTED] 'VltPkn_651': the IDE refused to create its method 'DT_TO_USINT': TwinCAT PLC automation call (ITcSmTreeItem:CreateChild) failed: Creating the child named 'DT_TO_USINT' is not possible on node (Name mismatch)\nPath: 'TIPC^Untitled1^Untitled1 Project^VltPkn_651
METHOD    DT_TO_UINT             REFUSED   [UNSUPPORTED] 'VltPkn_652': the IDE refused to create its method 'DT_TO_UINT': TwinCAT PLC automation call (ITcSmTreeItem:CreateChild) failed: Creating the child named 'DT_TO_UINT' is not possible on node (Name mismatch)\nPath: 'TIPC^Untitled1^Untitled1 Project^VltPkn_652' 
METHOD    DT_TO_UDINT            REFUSED   [UNSUPPORTED] 'VltPkn_653': the IDE refused to create its method 'DT_TO_UDINT': TwinCAT PLC automation call (ITcSmTreeItem:CreateChild) failed: Creating the child named 'DT_TO_UDINT' is not possible on node (Name mismatch)\nPath: 'TIPC^Untitled1^Untitled1 Project^VltPkn_653
METHOD    DT_TO_ULINT            REFUSED   [UNSUPPORTED] 'VltPkn_654': the IDE refused to create its method 'DT_TO_ULINT': TwinCAT PLC automation call (ITcSmTreeItem:CreateChild) failed: Creating the child named 'DT_TO_ULINT' is not possible on node (Name mismatch)\nPath: 'TIPC^Untitled1^Untitled1 Project^VltPkn_654
METHOD    DT_TO_REAL             REFUSED   [UNSUPPORTED] 'VltPkn_655': the IDE refused to create its method 'DT_TO_REAL': TwinCAT PLC automation call (ITcSmTreeItem:CreateChild) failed: Creating the child named 'DT_TO_REAL' is not possible on node (Name mismatch)\nPath: 'TIPC^Untitled1^Untitled1 Project^VltPkn_655' 
METHOD    DT_TO_LREAL            REFUSED   [UNSUPPORTED] 'VltPkn_656': the IDE refused to create its method 'DT_TO_LREAL': TwinCAT PLC automation call (ITcSmTreeItem:CreateChild) failed: Creating the child named 'DT_TO_LREAL' is not possible on node (Name mismatch)\nPath: 'TIPC^Untitled1^Untitled1 Project^VltPkn_656
METHOD    DT_TO_TIME             REFUSED   [UNSUPPORTED] 'VltPkn_657': the IDE refused to create its method 'DT_TO_TIME': TwinCAT PLC automation call (ITcSmTreeItem:CreateChild) failed: Creating the child named 'DT_TO_TIME' is not possible on node (Name mismatch)\nPath: 'TIPC^Untitled1^Untitled1 Project^VltPkn_657' 
METHOD    DT_TO_LTIME            REFUSED   [UNSUPPORTED] 'VltPkn_658': the IDE refused to create its method 'DT_TO_LTIME': TwinCAT PLC automation call (ITcSmTreeItem:CreateChild) failed: Creating the child named 'DT_TO_LTIME' is not possible on node (Name mismatch)\nPath: 'TIPC^Untitled1^Untitled1 Project^VltPkn_658
METHOD    DT_TO_DATE             REFUSED   [UNSUPPORTED] 'VltPkn_659': the IDE refused to create its method 'DT_TO_DATE': TwinCAT PLC automation call (ITcSmTreeItem:CreateChild) failed: Creating the child named 'DT_TO_DATE' is not possible on node (Name mismatch)\nPath: 'TIPC^Untitled1^Untitled1 Project^VltPkn_659' 
METHOD    DT_TO_TOD              REFUSED   [UNSUPPORTED] 'VltPkn_660': the IDE refused to create its method 'DT_TO_TOD': TwinCAT PLC automation call (ITcSmTreeItem:CreateChild) failed: Creating the child named 'DT_TO_TOD' is not possible on node (Name mismatch)\nPath: 'TIPC^Untitled1^Untitled1 Project^VltPkn_660' (I
METHOD    DT_TO_LDATE            ACCEPTED 
METHOD    DT_TO_LTOD             ACCEPTED 
METHOD    DT_TO_LDT              ACCEPTED 
METHOD    DT_TO_STRING           REFUSED   [UNSUPPORTED] 'VltPkn_664': the IDE refused to create its method 'DT_TO_STRING': TwinCAT PLC automation call (ITcSmTreeItem:CreateChild) failed: Creating the child named 'DT_TO_STRING' is not possible on node (Name mismatch)\nPath: 'TIPC^Untitled1^Untitled1 Project^VltPkn_6
METHOD    DT_TO_WSTRING          REFUSED   [UNSUPPORTED] 'VltPkn_665': the IDE refused to create its method 'DT_TO_WSTRING': TwinCAT PLC automation call (ITcSmTreeItem:CreateChild) failed: Creating the child named 'DT_TO_WSTRING' is not possible on node (Name mismatch)\nPath: 'TIPC^Untitled1^Untitled1 Project^VltPkn
METHOD    DT_TO_TIME_OF_DAY      ACCEPTED 
METHOD    DT_TO_DATE_AND_TIME    ACCEPTED 
METHOD    DT_TO_LDATE_AND_TIME   ACCEPTED 
METHOD    DT_TO_LTIME_OF_DAY     ACCEPTED 
METHOD    DT_TO___XINT           REFUSED   [UNSUPPORTED] 'VltPkn_670': the IDE refused to create its method 'DT_TO___XINT': TwinCAT PLC automation call (ITcSmTreeItem:CreateChild) failed: Creating the child named 'DT_TO___XINT' is not possible on node (Name mismatch)\nPath: 'TIPC^Untitled1^Untitled1 Project^VltPkn_6
METHOD    DT_TO___UXINT          REFUSED   [UNSUPPORTED] 'VltPkn_671': the IDE refused to create its method 'DT_TO___UXINT': TwinCAT PLC automation call (ITcSmTreeItem:CreateChild) failed: Creating the child named 'DT_TO___UXINT' is not possible on node (Name mismatch)\nPath: 'TIPC^Untitled1^Untitled1 Project^VltPkn
METHOD    DT_TO___XWORD          REFUSED   [UNSUPPORTED] 'VltPkn_672': the IDE refused to create its method 'DT_TO___XWORD': TwinCAT PLC automation call (ITcSmTreeItem:CreateChild) failed: Creating the child named 'DT_TO___XWORD' is not possible on node (Name mismatch)\nPath: 'TIPC^Untitled1^Untitled1 Project^VltPkn
METHOD    LDATE_TO_BOOL          ACCEPTED 
METHOD    LDATE_TO_BIT           ACCEPTED 
METHOD    LDATE_TO_BYTE          ACCEPTED 
METHOD    LDATE_TO_WORD          ACCEPTED 
METHOD    LDATE_TO_DWORD         ACCEPTED 
METHOD    LDATE_TO_LWORD         ACCEPTED 
METHOD    LDATE_TO_SINT          ACCEPTED 
METHOD    LDATE_TO_INT           ACCEPTED 
METHOD    LDATE_TO_DINT          ACCEPTED 
METHOD    LDATE_TO_LINT          ACCEPTED 
METHOD    LDATE_TO_USINT         ACCEPTED 
METHOD    LDATE_TO_UINT          ACCEPTED 
METHOD    LDATE_TO_UDINT         ACCEPTED 
METHOD    LDATE_TO_ULINT         ACCEPTED 
METHOD    LDATE_TO_REAL          ACCEPTED 
METHOD    LDATE_TO_LREAL         ACCEPTED 
METHOD    LDATE_TO_TIME          ACCEPTED 
METHOD    LDATE_TO_LTIME         ACCEPTED 
METHOD    LDATE_TO_DATE          ACCEPTED 
METHOD    LDATE_TO_TOD           ACCEPTED 
METHOD    LDATE_TO_DT            ACCEPTED 
METHOD    LDATE_TO_LTOD          ACCEPTED 
METHOD    LDATE_TO_LDT           ACCEPTED 
METHOD    LDATE_TO_STRING        ACCEPTED 
METHOD    LDATE_TO_WSTRING       ACCEPTED 
METHOD    LDATE_TO_TIME_OF_DAY   ACCEPTED 
METHOD    LDATE_TO_DATE_AND_TIME ACCEPTED 
METHOD    LDATE_TO_LDATE_AND_TIME ACCEPTED 
METHOD    LDATE_TO_LTIME_OF_DAY  ACCEPTED 
METHOD    LDATE_TO___XINT        REFUSED   [UNSUPPORTED] 'VltPkn_702': the IDE refused to create its method 'LDATE_TO___XINT': TwinCAT PLC automation call (ITcSmTreeItem:CreateChild) failed: Creating the child named 'LDATE_TO___XINT' is not possible on node (Name mismatch)\nPath: 'TIPC^Untitled1^Untitled1 Project^Vl
METHOD    LDATE_TO___UXINT       REFUSED   [UNSUPPORTED] 'VltPkn_703': the IDE refused to create its method 'LDATE_TO___UXINT': TwinCAT PLC automation call (ITcSmTreeItem:CreateChild) failed: Creating the child named 'LDATE_TO___UXINT' is not possible on node (Name mismatch)\nPath: 'TIPC^Untitled1^Untitled1 Project^
METHOD    LDATE_TO___XWORD       REFUSED   [UNSUPPORTED] 'VltPkn_704': the IDE refused to create its method 'LDATE_TO___XWORD': TwinCAT PLC automation call (ITcSmTreeItem:CreateChild) failed: Creating the child named 'LDATE_TO___XWORD' is not possible on node (Name mismatch)\nPath: 'TIPC^Untitled1^Untitled1 Project^
METHOD    LTOD_TO_BOOL           ACCEPTED 
METHOD    LTOD_TO_BIT            ACCEPTED 
METHOD    LTOD_TO_BYTE           ACCEPTED 
METHOD    LTOD_TO_WORD           ACCEPTED 
METHOD    LTOD_TO_DWORD          ACCEPTED 
METHOD    LTOD_TO_LWORD          ACCEPTED 
METHOD    LTOD_TO_SINT           ACCEPTED 
METHOD    LTOD_TO_INT            ACCEPTED 
METHOD    LTOD_TO_DINT           ACCEPTED 
METHOD    LTOD_TO_LINT           ACCEPTED 
METHOD    LTOD_TO_USINT          ACCEPTED 
METHOD    LTOD_TO_UINT           ACCEPTED 
METHOD    LTOD_TO_UDINT          ACCEPTED 
METHOD    LTOD_TO_ULINT          ACCEPTED 
METHOD    LTOD_TO_REAL           ACCEPTED 
METHOD    LTOD_TO_LREAL          ACCEPTED 
METHOD    LTOD_TO_TIME           ACCEPTED 
METHOD    LTOD_TO_LTIME          ACCEPTED 
METHOD    LTOD_TO_DATE           ACCEPTED 
METHOD    LTOD_TO_TOD            ACCEPTED 
METHOD    LTOD_TO_DT             ACCEPTED 
METHOD    LTOD_TO_LDATE          ACCEPTED 
METHOD    LTOD_TO_LDT            ACCEPTED 
METHOD    LTOD_TO_STRING         ACCEPTED 
METHOD    LTOD_TO_WSTRING        ACCEPTED 
METHOD    LTOD_TO_TIME_OF_DAY    ACCEPTED 
METHOD    LTOD_TO_DATE_AND_TIME  ACCEPTED 
METHOD    LTOD_TO_LDATE_AND_TIME ACCEPTED 
METHOD    LTOD_TO_LTIME_OF_DAY   ACCEPTED 
METHOD    LTOD_TO___XINT         REFUSED   [UNSUPPORTED] 'VltPkn_734': the IDE refused to create its method 'LTOD_TO___XINT': TwinCAT PLC automation call (ITcSmTreeItem:CreateChild) failed: Creating the child named 'LTOD_TO___XINT' is not possible on node (Name mismatch)\nPath: 'TIPC^Untitled1^Untitled1 Project^VltP
METHOD    LTOD_TO___UXINT        REFUSED   [UNSUPPORTED] 'VltPkn_735': the IDE refused to create its method 'LTOD_TO___UXINT': TwinCAT PLC automation call (ITcSmTreeItem:CreateChild) failed: Creating the child named 'LTOD_TO___UXINT' is not possible on node (Name mismatch)\nPath: 'TIPC^Untitled1^Untitled1 Project^Vl
METHOD    LTOD_TO___XWORD        REFUSED   [UNSUPPORTED] 'VltPkn_736': the IDE refused to create its method 'LTOD_TO___XWORD': TwinCAT PLC automation call (ITcSmTreeItem:CreateChild) failed: Creating the child named 'LTOD_TO___XWORD' is not possible on node (Name mismatch)\nPath: 'TIPC^Untitled1^Untitled1 Project^Vl
METHOD    LDT_TO_BOOL            ACCEPTED 
METHOD    LDT_TO_BIT             ACCEPTED 
METHOD    LDT_TO_BYTE            ACCEPTED 
METHOD    LDT_TO_WORD            ACCEPTED 
METHOD    LDT_TO_DWORD           ACCEPTED 
METHOD    LDT_TO_LWORD           ACCEPTED 
METHOD    LDT_TO_SINT            ACCEPTED 
METHOD    LDT_TO_INT             ACCEPTED 
METHOD    LDT_TO_DINT            ACCEPTED 
METHOD    LDT_TO_LINT            ACCEPTED 
METHOD    LDT_TO_USINT           ACCEPTED 
METHOD    LDT_TO_UINT            ACCEPTED 
METHOD    LDT_TO_UDINT           ACCEPTED 
METHOD    LDT_TO_ULINT           ACCEPTED 
METHOD    LDT_TO_REAL            ACCEPTED 
METHOD    LDT_TO_LREAL           ACCEPTED 
METHOD    LDT_TO_TIME            ACCEPTED 
METHOD    LDT_TO_LTIME           ACCEPTED 
METHOD    LDT_TO_DATE            ACCEPTED 
METHOD    LDT_TO_TOD             ACCEPTED 
METHOD    LDT_TO_DT              ACCEPTED 
METHOD    LDT_TO_LDATE           ACCEPTED 
METHOD    LDT_TO_LTOD            ACCEPTED 
METHOD    LDT_TO_STRING          ACCEPTED 
METHOD    LDT_TO_WSTRING         ACCEPTED 
METHOD    LDT_TO_TIME_OF_DAY     ACCEPTED 
METHOD    LDT_TO_DATE_AND_TIME   ACCEPTED 
METHOD    LDT_TO_LDATE_AND_TIME  ACCEPTED 
METHOD    LDT_TO_LTIME_OF_DAY    ACCEPTED 
METHOD    LDT_TO___XINT          REFUSED   [UNSUPPORTED] 'VltPkn_766': the IDE refused to create its method 'LDT_TO___XINT': TwinCAT PLC automation call (ITcSmTreeItem:CreateChild) failed: Creating the child named 'LDT_TO___XINT' is not possible on node (Name mismatch)\nPath: 'TIPC^Untitled1^Untitled1 Project^VltPkn
METHOD    LDT_TO___UXINT         REFUSED   [UNSUPPORTED] 'VltPkn_767': the IDE refused to create its method 'LDT_TO___UXINT': TwinCAT PLC automation call (ITcSmTreeItem:CreateChild) failed: Creating the child named 'LDT_TO___UXINT' is not possible on node (Name mismatch)\nPath: 'TIPC^Untitled1^Untitled1 Project^VltP
METHOD    LDT_TO___XWORD         REFUSED   [UNSUPPORTED] 'VltPkn_768': the IDE refused to create its method 'LDT_TO___XWORD': TwinCAT PLC automation call (ITcSmTreeItem:CreateChild) failed: Creating the child named 'LDT_TO___XWORD' is not possible on node (Name mismatch)\nPath: 'TIPC^Untitled1^Untitled1 Project^VltP
METHOD    STRING_TO_BOOL         REFUSED   [UNSUPPORTED] 'VltPkn_769': the IDE refused to create its method 'STRING_TO_BOOL': TwinCAT PLC automation call (ITcSmTreeItem:CreateChild) failed: Creating the child named 'STRING_TO_BOOL' is not possible on node (Name mismatch)\nPath: 'TIPC^Untitled1^Untitled1 Project^VltP
METHOD    STRING_TO_BIT          REFUSED   [UNSUPPORTED] 'VltPkn_770': the IDE refused to create its method 'STRING_TO_BIT': TwinCAT PLC automation call (ITcSmTreeItem:CreateChild) failed: Creating the child named 'STRING_TO_BIT' is not possible on node (Name mismatch)\nPath: 'TIPC^Untitled1^Untitled1 Project^VltPkn
METHOD    STRING_TO_BYTE         REFUSED   [UNSUPPORTED] 'VltPkn_771': the IDE refused to create its method 'STRING_TO_BYTE': TwinCAT PLC automation call (ITcSmTreeItem:CreateChild) failed: Creating the child named 'STRING_TO_BYTE' is not possible on node (Name mismatch)\nPath: 'TIPC^Untitled1^Untitled1 Project^VltP
METHOD    STRING_TO_WORD         REFUSED   [UNSUPPORTED] 'VltPkn_772': the IDE refused to create its method 'STRING_TO_WORD': TwinCAT PLC automation call (ITcSmTreeItem:CreateChild) failed: Creating the child named 'STRING_TO_WORD' is not possible on node (Name mismatch)\nPath: 'TIPC^Untitled1^Untitled1 Project^VltP
METHOD    STRING_TO_DWORD        REFUSED   [UNSUPPORTED] 'VltPkn_773': the IDE refused to create its method 'STRING_TO_DWORD': TwinCAT PLC automation call (ITcSmTreeItem:CreateChild) failed: Creating the child named 'STRING_TO_DWORD' is not possible on node (Name mismatch)\nPath: 'TIPC^Untitled1^Untitled1 Project^Vl
METHOD    STRING_TO_LWORD        REFUSED   [UNSUPPORTED] 'VltPkn_774': the IDE refused to create its method 'STRING_TO_LWORD': TwinCAT PLC automation call (ITcSmTreeItem:CreateChild) failed: Creating the child named 'STRING_TO_LWORD' is not possible on node (Name mismatch)\nPath: 'TIPC^Untitled1^Untitled1 Project^Vl
METHOD    STRING_TO_SINT         REFUSED   [UNSUPPORTED] 'VltPkn_775': the IDE refused to create its method 'STRING_TO_SINT': TwinCAT PLC automation call (ITcSmTreeItem:CreateChild) failed: Creating the child named 'STRING_TO_SINT' is not possible on node (Name mismatch)\nPath: 'TIPC^Untitled1^Untitled1 Project^VltP
METHOD    STRING_TO_INT          REFUSED   [UNSUPPORTED] 'VltPkn_776': the IDE refused to create its method 'STRING_TO_INT': TwinCAT PLC automation call (ITcSmTreeItem:CreateChild) failed: Creating the child named 'STRING_TO_INT' is not possible on node (Name mismatch)\nPath: 'TIPC^Untitled1^Untitled1 Project^VltPkn
METHOD    STRING_TO_DINT         REFUSED   [UNSUPPORTED] 'VltPkn_777': the IDE refused to create its method 'STRING_TO_DINT': TwinCAT PLC automation call (ITcSmTreeItem:CreateChild) failed: Creating the child named 'STRING_TO_DINT' is not possible on node (Name mismatch)\nPath: 'TIPC^Untitled1^Untitled1 Project^VltP
METHOD    STRING_TO_LINT         REFUSED   [UNSUPPORTED] 'VltPkn_778': the IDE refused to create its method 'STRING_TO_LINT': TwinCAT PLC automation call (ITcSmTreeItem:CreateChild) failed: Creating the child named 'STRING_TO_LINT' is not possible on node (Name mismatch)\nPath: 'TIPC^Untitled1^Untitled1 Project^VltP
METHOD    STRING_TO_USINT        REFUSED   [UNSUPPORTED] 'VltPkn_779': the IDE refused to create its method 'STRING_TO_USINT': TwinCAT PLC automation call (ITcSmTreeItem:CreateChild) failed: Creating the child named 'STRING_TO_USINT' is not possible on node (Name mismatch)\nPath: 'TIPC^Untitled1^Untitled1 Project^Vl
METHOD    STRING_TO_UINT         REFUSED   [UNSUPPORTED] 'VltPkn_780': the IDE refused to create its method 'STRING_TO_UINT': TwinCAT PLC automation call (ITcSmTreeItem:CreateChild) failed: Creating the child named 'STRING_TO_UINT' is not possible on node (Name mismatch)\nPath: 'TIPC^Untitled1^Untitled1 Project^VltP
METHOD    STRING_TO_UDINT        REFUSED   [UNSUPPORTED] 'VltPkn_781': the IDE refused to create its method 'STRING_TO_UDINT': TwinCAT PLC automation call (ITcSmTreeItem:CreateChild) failed: Creating the child named 'STRING_TO_UDINT' is not possible on node (Name mismatch)\nPath: 'TIPC^Untitled1^Untitled1 Project^Vl
METHOD    STRING_TO_ULINT        REFUSED   [UNSUPPORTED] 'VltPkn_782': the IDE refused to create its method 'STRING_TO_ULINT': TwinCAT PLC automation call (ITcSmTreeItem:CreateChild) failed: Creating the child named 'STRING_TO_ULINT' is not possible on node (Name mismatch)\nPath: 'TIPC^Untitled1^Untitled1 Project^Vl
METHOD    STRING_TO_REAL         REFUSED   [UNSUPPORTED] 'VltPkn_783': the IDE refused to create its method 'STRING_TO_REAL': TwinCAT PLC automation call (ITcSmTreeItem:CreateChild) failed: Creating the child named 'STRING_TO_REAL' is not possible on node (Name mismatch)\nPath: 'TIPC^Untitled1^Untitled1 Project^VltP
METHOD    STRING_TO_LREAL        REFUSED   [UNSUPPORTED] 'VltPkn_784': the IDE refused to create its method 'STRING_TO_LREAL': TwinCAT PLC automation call (ITcSmTreeItem:CreateChild) failed: Creating the child named 'STRING_TO_LREAL' is not possible on node (Name mismatch)\nPath: 'TIPC^Untitled1^Untitled1 Project^Vl
METHOD    STRING_TO_TIME         REFUSED   [UNSUPPORTED] 'VltPkn_785': the IDE refused to create its method 'STRING_TO_TIME': TwinCAT PLC automation call (ITcSmTreeItem:CreateChild) failed: Creating the child named 'STRING_TO_TIME' is not possible on node (Name mismatch)\nPath: 'TIPC^Untitled1^Untitled1 Project^VltP
METHOD    STRING_TO_LTIME        REFUSED   [UNSUPPORTED] 'VltPkn_786': the IDE refused to create its method 'STRING_TO_LTIME': TwinCAT PLC automation call (ITcSmTreeItem:CreateChild) failed: Creating the child named 'STRING_TO_LTIME' is not possible on node (Name mismatch)\nPath: 'TIPC^Untitled1^Untitled1 Project^Vl
METHOD    STRING_TO_DATE         REFUSED   [UNSUPPORTED] 'VltPkn_787': the IDE refused to create its method 'STRING_TO_DATE': TwinCAT PLC automation call (ITcSmTreeItem:CreateChild) failed: Creating the child named 'STRING_TO_DATE' is not possible on node (Name mismatch)\nPath: 'TIPC^Untitled1^Untitled1 Project^VltP
METHOD    STRING_TO_TOD          REFUSED   [UNSUPPORTED] 'VltPkn_788': the IDE refused to create its method 'STRING_TO_TOD': TwinCAT PLC automation call (ITcSmTreeItem:CreateChild) failed: Creating the child named 'STRING_TO_TOD' is not possible on node (Name mismatch)\nPath: 'TIPC^Untitled1^Untitled1 Project^VltPkn
METHOD    STRING_TO_DT           REFUSED   [UNSUPPORTED] 'VltPkn_789': the IDE refused to create its method 'STRING_TO_DT': TwinCAT PLC automation call (ITcSmTreeItem:CreateChild) failed: Creating the child named 'STRING_TO_DT' is not possible on node (Name mismatch)\nPath: 'TIPC^Untitled1^Untitled1 Project^VltPkn_7
METHOD    STRING_TO_LDATE        ACCEPTED 
METHOD    STRING_TO_LTOD         ACCEPTED 
METHOD    STRING_TO_LDT          ACCEPTED 
METHOD    STRING_TO_WSTRING      REFUSED   [UNSUPPORTED] 'VltPkn_793': the IDE refused to create its method 'STRING_TO_WSTRING': TwinCAT PLC automation call (ITcSmTreeItem:CreateChild) failed: Creating the child named 'STRING_TO_WSTRING' is not possible on node (Name mismatch)\nPath: 'TIPC^Untitled1^Untitled1 Projec
METHOD    STRING_TO_TIME_OF_DAY  ACCEPTED 
METHOD    STRING_TO_DATE_AND_TIME ACCEPTED 
METHOD    STRING_TO_LDATE_AND_TIME ACCEPTED 
METHOD    STRING_TO_LTIME_OF_DAY ACCEPTED 
METHOD    STRING_TO___XINT       REFUSED   [UNSUPPORTED] 'VltPkn_798': the IDE refused to create its method 'STRING_TO___XINT': TwinCAT PLC automation call (ITcSmTreeItem:CreateChild) failed: Creating the child named 'STRING_TO___XINT' is not possible on node (Name mismatch)\nPath: 'TIPC^Untitled1^Untitled1 Project^
METHOD    STRING_TO___UXINT      REFUSED   [UNSUPPORTED] 'VltPkn_799': the IDE refused to create its method 'STRING_TO___UXINT': TwinCAT PLC automation call (ITcSmTreeItem:CreateChild) failed: Creating the child named 'STRING_TO___UXINT' is not possible on node (Name mismatch)\nPath: 'TIPC^Untitled1^Untitled1 Projec
METHOD    STRING_TO___XWORD      REFUSED   [UNSUPPORTED] 'VltPkn_800': the IDE refused to create its method 'STRING_TO___XWORD': TwinCAT PLC automation call (ITcSmTreeItem:CreateChild) failed: Creating the child named 'STRING_TO___XWORD' is not possible on node (Name mismatch)\nPath: 'TIPC^Untitled1^Untitled1 Projec
METHOD    WSTRING_TO_BOOL        REFUSED   [UNSUPPORTED] 'VltPkn_801': the IDE refused to create its method 'WSTRING_TO_BOOL': TwinCAT PLC automation call (ITcSmTreeItem:CreateChild) failed: Creating the child named 'WSTRING_TO_BOOL' is not possible on node (Name mismatch)\nPath: 'TIPC^Untitled1^Untitled1 Project^Vl
METHOD    WSTRING_TO_BIT         REFUSED   [UNSUPPORTED] 'VltPkn_802': the IDE refused to create its method 'WSTRING_TO_BIT': TwinCAT PLC automation call (ITcSmTreeItem:CreateChild) failed: Creating the child named 'WSTRING_TO_BIT' is not possible on node (Name mismatch)\nPath: 'TIPC^Untitled1^Untitled1 Project^VltP
METHOD    WSTRING_TO_BYTE        REFUSED   [UNSUPPORTED] 'VltPkn_803': the IDE refused to create its method 'WSTRING_TO_BYTE': TwinCAT PLC automation call (ITcSmTreeItem:CreateChild) failed: Creating the child named 'WSTRING_TO_BYTE' is not possible on node (Name mismatch)\nPath: 'TIPC^Untitled1^Untitled1 Project^Vl
METHOD    WSTRING_TO_WORD        REFUSED   [UNSUPPORTED] 'VltPkn_804': the IDE refused to create its method 'WSTRING_TO_WORD': TwinCAT PLC automation call (ITcSmTreeItem:CreateChild) failed: Creating the child named 'WSTRING_TO_WORD' is not possible on node (Name mismatch)\nPath: 'TIPC^Untitled1^Untitled1 Project^Vl
METHOD    WSTRING_TO_DWORD       REFUSED   [UNSUPPORTED] 'VltPkn_805': the IDE refused to create its method 'WSTRING_TO_DWORD': TwinCAT PLC automation call (ITcSmTreeItem:CreateChild) failed: Creating the child named 'WSTRING_TO_DWORD' is not possible on node (Name mismatch)\nPath: 'TIPC^Untitled1^Untitled1 Project^
METHOD    WSTRING_TO_LWORD       REFUSED   [UNSUPPORTED] 'VltPkn_806': the IDE refused to create its method 'WSTRING_TO_LWORD': TwinCAT PLC automation call (ITcSmTreeItem:CreateChild) failed: Creating the child named 'WSTRING_TO_LWORD' is not possible on node (Name mismatch)\nPath: 'TIPC^Untitled1^Untitled1 Project^
METHOD    WSTRING_TO_SINT        REFUSED   [UNSUPPORTED] 'VltPkn_807': the IDE refused to create its method 'WSTRING_TO_SINT': TwinCAT PLC automation call (ITcSmTreeItem:CreateChild) failed: Creating the child named 'WSTRING_TO_SINT' is not possible on node (Name mismatch)\nPath: 'TIPC^Untitled1^Untitled1 Project^Vl
METHOD    WSTRING_TO_INT         REFUSED   [UNSUPPORTED] 'VltPkn_808': the IDE refused to create its method 'WSTRING_TO_INT': TwinCAT PLC automation call (ITcSmTreeItem:CreateChild) failed: Creating the child named 'WSTRING_TO_INT' is not possible on node (Name mismatch)\nPath: 'TIPC^Untitled1^Untitled1 Project^VltP
METHOD    WSTRING_TO_DINT        REFUSED   [UNSUPPORTED] 'VltPkn_809': the IDE refused to create its method 'WSTRING_TO_DINT': TwinCAT PLC automation call (ITcSmTreeItem:CreateChild) failed: Creating the child named 'WSTRING_TO_DINT' is not possible on node (Name mismatch)\nPath: 'TIPC^Untitled1^Untitled1 Project^Vl
METHOD    WSTRING_TO_LINT        REFUSED   [UNSUPPORTED] 'VltPkn_810': the IDE refused to create its method 'WSTRING_TO_LINT': TwinCAT PLC automation call (ITcSmTreeItem:CreateChild) failed: Creating the child named 'WSTRING_TO_LINT' is not possible on node (Name mismatch)\nPath: 'TIPC^Untitled1^Untitled1 Project^Vl
METHOD    WSTRING_TO_USINT       REFUSED   [UNSUPPORTED] 'VltPkn_811': the IDE refused to create its method 'WSTRING_TO_USINT': TwinCAT PLC automation call (ITcSmTreeItem:CreateChild) failed: Creating the child named 'WSTRING_TO_USINT' is not possible on node (Name mismatch)\nPath: 'TIPC^Untitled1^Untitled1 Project^
METHOD    WSTRING_TO_UINT        REFUSED   [UNSUPPORTED] 'VltPkn_812': the IDE refused to create its method 'WSTRING_TO_UINT': TwinCAT PLC automation call (ITcSmTreeItem:CreateChild) failed: Creating the child named 'WSTRING_TO_UINT' is not possible on node (Name mismatch)\nPath: 'TIPC^Untitled1^Untitled1 Project^Vl
METHOD    WSTRING_TO_UDINT       REFUSED   [UNSUPPORTED] 'VltPkn_813': the IDE refused to create its method 'WSTRING_TO_UDINT': TwinCAT PLC automation call (ITcSmTreeItem:CreateChild) failed: Creating the child named 'WSTRING_TO_UDINT' is not possible on node (Name mismatch)\nPath: 'TIPC^Untitled1^Untitled1 Project^
METHOD    WSTRING_TO_ULINT       REFUSED   [UNSUPPORTED] 'VltPkn_814': the IDE refused to create its method 'WSTRING_TO_ULINT': TwinCAT PLC automation call (ITcSmTreeItem:CreateChild) failed: Creating the child named 'WSTRING_TO_ULINT' is not possible on node (Name mismatch)\nPath: 'TIPC^Untitled1^Untitled1 Project^
METHOD    WSTRING_TO_REAL        REFUSED   [UNSUPPORTED] 'VltPkn_815': the IDE refused to create its method 'WSTRING_TO_REAL': TwinCAT PLC automation call (ITcSmTreeItem:CreateChild) failed: Creating the child named 'WSTRING_TO_REAL' is not possible on node (Name mismatch)\nPath: 'TIPC^Untitled1^Untitled1 Project^Vl
METHOD    WSTRING_TO_LREAL       REFUSED   [UNSUPPORTED] 'VltPkn_816': the IDE refused to create its method 'WSTRING_TO_LREAL': TwinCAT PLC automation call (ITcSmTreeItem:CreateChild) failed: Creating the child named 'WSTRING_TO_LREAL' is not possible on node (Name mismatch)\nPath: 'TIPC^Untitled1^Untitled1 Project^
METHOD    WSTRING_TO_TIME        REFUSED   [UNSUPPORTED] 'VltPkn_817': the IDE refused to create its method 'WSTRING_TO_TIME': TwinCAT PLC automation call (ITcSmTreeItem:CreateChild) failed: Creating the child named 'WSTRING_TO_TIME' is not possible on node (Name mismatch)\nPath: 'TIPC^Untitled1^Untitled1 Project^Vl
METHOD    WSTRING_TO_LTIME       REFUSED   [UNSUPPORTED] 'VltPkn_818': the IDE refused to create its method 'WSTRING_TO_LTIME': TwinCAT PLC automation call (ITcSmTreeItem:CreateChild) failed: Creating the child named 'WSTRING_TO_LTIME' is not possible on node (Name mismatch)\nPath: 'TIPC^Untitled1^Untitled1 Project^
METHOD    WSTRING_TO_DATE        REFUSED   [UNSUPPORTED] 'VltPkn_819': the IDE refused to create its method 'WSTRING_TO_DATE': TwinCAT PLC automation call (ITcSmTreeItem:CreateChild) failed: Creating the child named 'WSTRING_TO_DATE' is not possible on node (Name mismatch)\nPath: 'TIPC^Untitled1^Untitled1 Project^Vl
METHOD    WSTRING_TO_TOD         REFUSED   [UNSUPPORTED] 'VltPkn_820': the IDE refused to create its method 'WSTRING_TO_TOD': TwinCAT PLC automation call (ITcSmTreeItem:CreateChild) failed: Creating the child named 'WSTRING_TO_TOD' is not possible on node (Name mismatch)\nPath: 'TIPC^Untitled1^Untitled1 Project^VltP
METHOD    WSTRING_TO_DT          REFUSED   [UNSUPPORTED] 'VltPkn_821': the IDE refused to create its method 'WSTRING_TO_DT': TwinCAT PLC automation call (ITcSmTreeItem:CreateChild) failed: Creating the child named 'WSTRING_TO_DT' is not possible on node (Name mismatch)\nPath: 'TIPC^Untitled1^Untitled1 Project^VltPkn
METHOD    WSTRING_TO_LDATE       ACCEPTED 
METHOD    WSTRING_TO_LTOD        ACCEPTED 
METHOD    WSTRING_TO_LDT         ACCEPTED 
METHOD    WSTRING_TO_STRING      REFUSED   [UNSUPPORTED] 'VltPkn_825': the IDE refused to create its method 'WSTRING_TO_STRING': TwinCAT PLC automation call (ITcSmTreeItem:CreateChild) failed: Creating the child named 'WSTRING_TO_STRING' is not possible on node (Name mismatch)\nPath: 'TIPC^Untitled1^Untitled1 Projec
METHOD    WSTRING_TO_TIME_OF_DAY ACCEPTED 
METHOD    WSTRING_TO_DATE_AND_TIME ACCEPTED 
METHOD    WSTRING_TO_LDATE_AND_TIME ACCEPTED 
METHOD    WSTRING_TO_LTIME_OF_DAY ACCEPTED 
METHOD    WSTRING_TO___XINT      REFUSED   [UNSUPPORTED] 'VltPkn_830': the IDE refused to create its method 'WSTRING_TO___XINT': TwinCAT PLC automation call (ITcSmTreeItem:CreateChild) failed: Creating the child named 'WSTRING_TO___XINT' is not possible on node (Name mismatch)\nPath: 'TIPC^Untitled1^Untitled1 Projec
METHOD    WSTRING_TO___UXINT     REFUSED   [UNSUPPORTED] 'VltPkn_831': the IDE refused to create its method 'WSTRING_TO___UXINT': TwinCAT PLC automation call (ITcSmTreeItem:CreateChild) failed: Creating the child named 'WSTRING_TO___UXINT' is not possible on node (Name mismatch)\nPath: 'TIPC^Untitled1^Untitled1 Proj
METHOD    WSTRING_TO___XWORD     REFUSED   [UNSUPPORTED] 'VltPkn_832': the IDE refused to create its method 'WSTRING_TO___XWORD': TwinCAT PLC automation call (ITcSmTreeItem:CreateChild) failed: Creating the child named 'WSTRING_TO___XWORD' is not possible on node (Name mismatch)\nPath: 'TIPC^Untitled1^Untitled1 Proj
METHOD    TIME_OF_DAY_TO_BOOL    ACCEPTED 
METHOD    TIME_OF_DAY_TO_BIT     ACCEPTED 
METHOD    TIME_OF_DAY_TO_BYTE    ACCEPTED 
METHOD    TIME_OF_DAY_TO_WORD    ACCEPTED 
METHOD    TIME_OF_DAY_TO_DWORD   ACCEPTED 
METHOD    TIME_OF_DAY_TO_LWORD   ACCEPTED 
METHOD    TIME_OF_DAY_TO_SINT    ACCEPTED 
METHOD    TIME_OF_DAY_TO_INT     ACCEPTED 
METHOD    TIME_OF_DAY_TO_DINT    ACCEPTED 
METHOD    TIME_OF_DAY_TO_LINT    ACCEPTED 
METHOD    TIME_OF_DAY_TO_USINT   ACCEPTED 
METHOD    TIME_OF_DAY_TO_UINT    ACCEPTED 
METHOD    TIME_OF_DAY_TO_UDINT   ACCEPTED 
METHOD    TIME_OF_DAY_TO_ULINT   ACCEPTED 
METHOD    TIME_OF_DAY_TO_REAL    ACCEPTED 
METHOD    TIME_OF_DAY_TO_LREAL   ACCEPTED 
METHOD    TIME_OF_DAY_TO_TIME    ACCEPTED 
METHOD    TIME_OF_DAY_TO_LTIME   ACCEPTED 
METHOD    TIME_OF_DAY_TO_DATE    ACCEPTED 
METHOD    TIME_OF_DAY_TO_TOD     ACCEPTED 
METHOD    TIME_OF_DAY_TO_DT      ACCEPTED 
METHOD    TIME_OF_DAY_TO_LDATE   ACCEPTED 
METHOD    TIME_OF_DAY_TO_LTOD    ACCEPTED 
METHOD    TIME_OF_DAY_TO_LDT     ACCEPTED 
METHOD    TIME_OF_DAY_TO_STRING  ACCEPTED 
METHOD    TIME_OF_DAY_TO_WSTRING ACCEPTED 
METHOD    TIME_OF_DAY_TO_DATE_AND_TIME ACCEPTED 
METHOD    TIME_OF_DAY_TO_LDATE_AND_TIME ACCEPTED 
METHOD    TIME_OF_DAY_TO_LTIME_OF_DAY ACCEPTED 
METHOD    TIME_OF_DAY_TO___XINT  REFUSED   [UNSUPPORTED] 'VltPkn_862': the IDE refused to create its method 'TIME_OF_DAY_TO___XINT': TwinCAT PLC automation call (ITcSmTreeItem:CreateChild) failed: Creating the child named 'TIME_OF_DAY_TO___XINT' is not possible on node (Name mismatch)\nPath: 'TIPC^Untitled1^Untitled
METHOD    TIME_OF_DAY_TO___UXINT REFUSED   [UNSUPPORTED] 'VltPkn_863': the IDE refused to create its method 'TIME_OF_DAY_TO___UXINT': TwinCAT PLC automation call (ITcSmTreeItem:CreateChild) failed: Creating the child named 'TIME_OF_DAY_TO___UXINT' is not possible on node (Name mismatch)\nPath: 'TIPC^Untitled1^Untitl
METHOD    TIME_OF_DAY_TO___XWORD REFUSED   [UNSUPPORTED] 'VltPkn_864': the IDE refused to create its method 'TIME_OF_DAY_TO___XWORD': TwinCAT PLC automation call (ITcSmTreeItem:CreateChild) failed: Creating the child named 'TIME_OF_DAY_TO___XWORD' is not possible on node (Name mismatch)\nPath: 'TIPC^Untitled1^Untitl
METHOD    DATE_AND_TIME_TO_BOOL  ACCEPTED 
METHOD    DATE_AND_TIME_TO_BIT   ACCEPTED 
METHOD    DATE_AND_TIME_TO_BYTE  ACCEPTED 
METHOD    DATE_AND_TIME_TO_WORD  ACCEPTED 
METHOD    DATE_AND_TIME_TO_DWORD ACCEPTED 
METHOD    DATE_AND_TIME_TO_LWORD ACCEPTED 
METHOD    DATE_AND_TIME_TO_SINT  ACCEPTED 
METHOD    DATE_AND_TIME_TO_INT   ACCEPTED 
METHOD    DATE_AND_TIME_TO_DINT  ACCEPTED 
METHOD    DATE_AND_TIME_TO_LINT  ACCEPTED 
METHOD    DATE_AND_TIME_TO_USINT ACCEPTED 
METHOD    DATE_AND_TIME_TO_UINT  ACCEPTED 
METHOD    DATE_AND_TIME_TO_UDINT ACCEPTED 
METHOD    DATE_AND_TIME_TO_ULINT ACCEPTED 
METHOD    DATE_AND_TIME_TO_REAL  ACCEPTED 
METHOD    DATE_AND_TIME_TO_LREAL ACCEPTED 
METHOD    DATE_AND_TIME_TO_TIME  ACCEPTED 
METHOD    DATE_AND_TIME_TO_LTIME ACCEPTED 
METHOD    DATE_AND_TIME_TO_DATE  ACCEPTED 
METHOD    DATE_AND_TIME_TO_TOD   ACCEPTED 
METHOD    DATE_AND_TIME_TO_DT    ACCEPTED 
METHOD    DATE_AND_TIME_TO_LDATE ACCEPTED 
METHOD    DATE_AND_TIME_TO_LTOD  ACCEPTED 
METHOD    DATE_AND_TIME_TO_LDT   ACCEPTED 
METHOD    DATE_AND_TIME_TO_STRING ACCEPTED 
METHOD    DATE_AND_TIME_TO_WSTRING ACCEPTED 
METHOD    DATE_AND_TIME_TO_TIME_OF_DAY ACCEPTED 
METHOD    DATE_AND_TIME_TO_LDATE_AND_TIME ACCEPTED 
METHOD    DATE_AND_TIME_TO_LTIME_OF_DAY ACCEPTED 
METHOD    DATE_AND_TIME_TO___XINT REFUSED   [UNSUPPORTED] 'VltPkn_894': the IDE refused to create its method 'DATE_AND_TIME_TO___XINT': TwinCAT PLC automation call (ITcSmTreeItem:CreateChild) failed: Creating the child named 'DATE_AND_TIME_TO___XINT' is not possible on node (Name mismatch)\nPath: 'TIPC^Untitled1^Unti
METHOD    DATE_AND_TIME_TO___UXINT REFUSED   [UNSUPPORTED] 'VltPkn_895': the IDE refused to create its method 'DATE_AND_TIME_TO___UXINT': TwinCAT PLC automation call (ITcSmTreeItem:CreateChild) failed: Creating the child named 'DATE_AND_TIME_TO___UXINT' is not possible on node (Name mismatch)\nPath: 'TIPC^Untitled1^Un
METHOD    DATE_AND_TIME_TO___XWORD REFUSED   [UNSUPPORTED] 'VltPkn_896': the IDE refused to create its method 'DATE_AND_TIME_TO___XWORD': TwinCAT PLC automation call (ITcSmTreeItem:CreateChild) failed: Creating the child named 'DATE_AND_TIME_TO___XWORD' is not possible on node (Name mismatch)\nPath: 'TIPC^Untitled1^Un
METHOD    LDATE_AND_TIME_TO_BOOL ACCEPTED 
METHOD    LDATE_AND_TIME_TO_BIT  ACCEPTED 
METHOD    LDATE_AND_TIME_TO_BYTE ACCEPTED 
METHOD    LDATE_AND_TIME_TO_WORD ACCEPTED 
METHOD    LDATE_AND_TIME_TO_DWORD ACCEPTED 
METHOD    LDATE_AND_TIME_TO_LWORD ACCEPTED 
METHOD    LDATE_AND_TIME_TO_SINT ACCEPTED 
METHOD    LDATE_AND_TIME_TO_INT  ACCEPTED 
METHOD    LDATE_AND_TIME_TO_DINT ACCEPTED 
METHOD    LDATE_AND_TIME_TO_LINT ACCEPTED 
METHOD    LDATE_AND_TIME_TO_USINT ACCEPTED 
METHOD    LDATE_AND_TIME_TO_UINT ACCEPTED 
METHOD    LDATE_AND_TIME_TO_UDINT ACCEPTED 
METHOD    LDATE_AND_TIME_TO_ULINT ACCEPTED 
METHOD    LDATE_AND_TIME_TO_REAL ACCEPTED 
METHOD    LDATE_AND_TIME_TO_LREAL ACCEPTED 
METHOD    LDATE_AND_TIME_TO_TIME ACCEPTED 
METHOD    LDATE_AND_TIME_TO_LTIME ACCEPTED 
METHOD    LDATE_AND_TIME_TO_DATE ACCEPTED 
METHOD    LDATE_AND_TIME_TO_TOD  ACCEPTED 
METHOD    LDATE_AND_TIME_TO_DT   ACCEPTED 
METHOD    LDATE_AND_TIME_TO_LDATE ACCEPTED 
METHOD    LDATE_AND_TIME_TO_LTOD ACCEPTED 
METHOD    LDATE_AND_TIME_TO_LDT  ACCEPTED 
METHOD    LDATE_AND_TIME_TO_STRING ACCEPTED 
METHOD    LDATE_AND_TIME_TO_WSTRING ACCEPTED 
METHOD    LDATE_AND_TIME_TO_TIME_OF_DAY ACCEPTED 
METHOD    LDATE_AND_TIME_TO_DATE_AND_TIME ACCEPTED 
METHOD    LDATE_AND_TIME_TO_LTIME_OF_DAY ACCEPTED 
METHOD    LDATE_AND_TIME_TO___XINT REFUSED   [UNSUPPORTED] 'VltPkn_926': the IDE refused to create its method 'LDATE_AND_TIME_TO___XINT': TwinCAT PLC automation call (ITcSmTreeItem:CreateChild) failed: Creating the child named 'LDATE_AND_TIME_TO___XINT' is not possible on node (Name mismatch)\nPath: 'TIPC^Untitled1^Un
METHOD    LDATE_AND_TIME_TO___UXINT REFUSED   [UNSUPPORTED] 'VltPkn_927': the IDE refused to create its method 'LDATE_AND_TIME_TO___UXINT': TwinCAT PLC automation call (ITcSmTreeItem:CreateChild) failed: Creating the child named 'LDATE_AND_TIME_TO___UXINT' is not possible on node (Name mismatch)\nPath: 'TIPC^Untitled1^
METHOD    LDATE_AND_TIME_TO___XWORD REFUSED   [UNSUPPORTED] 'VltPkn_928': the IDE refused to create its method 'LDATE_AND_TIME_TO___XWORD': TwinCAT PLC automation call (ITcSmTreeItem:CreateChild) failed: Creating the child named 'LDATE_AND_TIME_TO___XWORD' is not possible on node (Name mismatch)\nPath: 'TIPC^Untitled1^
METHOD    LTIME_OF_DAY_TO_BOOL   ACCEPTED 
METHOD    LTIME_OF_DAY_TO_BIT    ACCEPTED 
METHOD    LTIME_OF_DAY_TO_BYTE   ACCEPTED 
METHOD    LTIME_OF_DAY_TO_WORD   ACCEPTED 
METHOD    LTIME_OF_DAY_TO_DWORD  ACCEPTED 
METHOD    LTIME_OF_DAY_TO_LWORD  ACCEPTED 
METHOD    LTIME_OF_DAY_TO_SINT   ACCEPTED 
METHOD    LTIME_OF_DAY_TO_INT    ACCEPTED 
METHOD    LTIME_OF_DAY_TO_DINT   ACCEPTED 
METHOD    LTIME_OF_DAY_TO_LINT   ACCEPTED 
METHOD    LTIME_OF_DAY_TO_USINT  ACCEPTED 
METHOD    LTIME_OF_DAY_TO_UINT   ACCEPTED 
METHOD    LTIME_OF_DAY_TO_UDINT  ACCEPTED 
METHOD    LTIME_OF_DAY_TO_ULINT  ACCEPTED 
METHOD    LTIME_OF_DAY_TO_REAL   ACCEPTED 
METHOD    LTIME_OF_DAY_TO_LREAL  ACCEPTED 
METHOD    LTIME_OF_DAY_TO_TIME   ACCEPTED 
METHOD    LTIME_OF_DAY_TO_LTIME  ACCEPTED 
METHOD    LTIME_OF_DAY_TO_DATE   ACCEPTED 
METHOD    LTIME_OF_DAY_TO_TOD    ACCEPTED 
METHOD    LTIME_OF_DAY_TO_DT     ACCEPTED 
METHOD    LTIME_OF_DAY_TO_LDATE  ACCEPTED 
METHOD    LTIME_OF_DAY_TO_LTOD   ACCEPTED 
METHOD    LTIME_OF_DAY_TO_LDT    ACCEPTED 
METHOD    LTIME_OF_DAY_TO_STRING ACCEPTED 
METHOD    LTIME_OF_DAY_TO_WSTRING ACCEPTED 
METHOD    LTIME_OF_DAY_TO_TIME_OF_DAY ACCEPTED 
METHOD    LTIME_OF_DAY_TO_DATE_AND_TIME ACCEPTED 
METHOD    LTIME_OF_DAY_TO_LDATE_AND_TIME ACCEPTED 
METHOD    LTIME_OF_DAY_TO___XINT REFUSED   [UNSUPPORTED] 'VltPkn_958': the IDE refused to create its method 'LTIME_OF_DAY_TO___XINT': TwinCAT PLC automation call (ITcSmTreeItem:CreateChild) failed: Creating the child named 'LTIME_OF_DAY_TO___XINT' is not possible on node (Name mismatch)\nPath: 'TIPC^Untitled1^Untitl
METHOD    LTIME_OF_DAY_TO___UXINT REFUSED   [UNSUPPORTED] 'VltPkn_959': the IDE refused to create its method 'LTIME_OF_DAY_TO___UXINT': TwinCAT PLC automation call (ITcSmTreeItem:CreateChild) failed: Creating the child named 'LTIME_OF_DAY_TO___UXINT' is not possible on node (Name mismatch)\nPath: 'TIPC^Untitled1^Unti
METHOD    LTIME_OF_DAY_TO___XWORD REFUSED   [UNSUPPORTED] 'VltPkn_960': the IDE refused to create its method 'LTIME_OF_DAY_TO___XWORD': TwinCAT PLC automation call (ITcSmTreeItem:CreateChild) failed: Creating the child named 'LTIME_OF_DAY_TO___XWORD' is not possible on node (Name mismatch)\nPath: 'TIPC^Untitled1^Unti
METHOD    __XINT_TO_BOOL         REFUSED   [UNSUPPORTED] 'VltPkn_961': the IDE refused to create its method '__XINT_TO_BOOL': TwinCAT PLC automation call (ITcSmTreeItem:CreateChild) failed: Creating the child named '__XINT_TO_BOOL' is not possible on node (Name mismatch)\nPath: 'TIPC^Untitled1^Untitled1 Project^VltP
METHOD    __XINT_TO_BIT          REFUSED   [UNSUPPORTED] 'VltPkn_962': the IDE refused to create its method '__XINT_TO_BIT': TwinCAT PLC automation call (ITcSmTreeItem:CreateChild) failed: Creating the child named '__XINT_TO_BIT' is not possible on node (Name mismatch)\nPath: 'TIPC^Untitled1^Untitled1 Project^VltPkn
METHOD    __XINT_TO_BYTE         REFUSED   [UNSUPPORTED] 'VltPkn_963': the IDE refused to create its method '__XINT_TO_BYTE': TwinCAT PLC automation call (ITcSmTreeItem:CreateChild) failed: Creating the child named '__XINT_TO_BYTE' is not possible on node (Name mismatch)\nPath: 'TIPC^Untitled1^Untitled1 Project^VltP
METHOD    __XINT_TO_WORD         REFUSED   [UNSUPPORTED] 'VltPkn_964': the IDE refused to create its method '__XINT_TO_WORD': TwinCAT PLC automation call (ITcSmTreeItem:CreateChild) failed: Creating the child named '__XINT_TO_WORD' is not possible on node (Name mismatch)\nPath: 'TIPC^Untitled1^Untitled1 Project^VltP
METHOD    __XINT_TO_DWORD        REFUSED   [UNSUPPORTED] 'VltPkn_965': the IDE refused to create its method '__XINT_TO_DWORD': TwinCAT PLC automation call (ITcSmTreeItem:CreateChild) failed: Creating the child named '__XINT_TO_DWORD' is not possible on node (Name mismatch)\nPath: 'TIPC^Untitled1^Untitled1 Project^Vl
METHOD    __XINT_TO_LWORD        REFUSED   [UNSUPPORTED] 'VltPkn_966': the IDE refused to create its method '__XINT_TO_LWORD': TwinCAT PLC automation call (ITcSmTreeItem:CreateChild) failed: Creating the child named '__XINT_TO_LWORD' is not possible on node (Name mismatch)\nPath: 'TIPC^Untitled1^Untitled1 Project^Vl
METHOD    __XINT_TO_SINT         REFUSED   [UNSUPPORTED] 'VltPkn_967': the IDE refused to create its method '__XINT_TO_SINT': TwinCAT PLC automation call (ITcSmTreeItem:CreateChild) failed: Creating the child named '__XINT_TO_SINT' is not possible on node (Name mismatch)\nPath: 'TIPC^Untitled1^Untitled1 Project^VltP
METHOD    __XINT_TO_INT          REFUSED   [UNSUPPORTED] 'VltPkn_968': the IDE refused to create its method '__XINT_TO_INT': TwinCAT PLC automation call (ITcSmTreeItem:CreateChild) failed: Creating the child named '__XINT_TO_INT' is not possible on node (Name mismatch)\nPath: 'TIPC^Untitled1^Untitled1 Project^VltPkn
METHOD    __XINT_TO_DINT         REFUSED   [UNSUPPORTED] 'VltPkn_969': the IDE refused to create its method '__XINT_TO_DINT': TwinCAT PLC automation call (ITcSmTreeItem:CreateChild) failed: Creating the child named '__XINT_TO_DINT' is not possible on node (Name mismatch)\nPath: 'TIPC^Untitled1^Untitled1 Project^VltP
METHOD    __XINT_TO_LINT         REFUSED   [UNSUPPORTED] 'VltPkn_970': the IDE refused to create its method '__XINT_TO_LINT': TwinCAT PLC automation call (ITcSmTreeItem:CreateChild) failed: Creating the child named '__XINT_TO_LINT' is not possible on node (Name mismatch)\nPath: 'TIPC^Untitled1^Untitled1 Project^VltP
METHOD    __XINT_TO_USINT        REFUSED   [UNSUPPORTED] 'VltPkn_971': the IDE refused to create its method '__XINT_TO_USINT': TwinCAT PLC automation call (ITcSmTreeItem:CreateChild) failed: Creating the child named '__XINT_TO_USINT' is not possible on node (Name mismatch)\nPath: 'TIPC^Untitled1^Untitled1 Project^Vl
METHOD    __XINT_TO_UINT         REFUSED   [UNSUPPORTED] 'VltPkn_972': the IDE refused to create its method '__XINT_TO_UINT': TwinCAT PLC automation call (ITcSmTreeItem:CreateChild) failed: Creating the child named '__XINT_TO_UINT' is not possible on node (Name mismatch)\nPath: 'TIPC^Untitled1^Untitled1 Project^VltP
METHOD    __XINT_TO_UDINT        REFUSED   [UNSUPPORTED] 'VltPkn_973': the IDE refused to create its method '__XINT_TO_UDINT': TwinCAT PLC automation call (ITcSmTreeItem:CreateChild) failed: Creating the child named '__XINT_TO_UDINT' is not possible on node (Name mismatch)\nPath: 'TIPC^Untitled1^Untitled1 Project^Vl
METHOD    __XINT_TO_ULINT        REFUSED   [UNSUPPORTED] 'VltPkn_974': the IDE refused to create its method '__XINT_TO_ULINT': TwinCAT PLC automation call (ITcSmTreeItem:CreateChild) failed: Creating the child named '__XINT_TO_ULINT' is not possible on node (Name mismatch)\nPath: 'TIPC^Untitled1^Untitled1 Project^Vl
METHOD    __XINT_TO_REAL         REFUSED   [UNSUPPORTED] 'VltPkn_975': the IDE refused to create its method '__XINT_TO_REAL': TwinCAT PLC automation call (ITcSmTreeItem:CreateChild) failed: Creating the child named '__XINT_TO_REAL' is not possible on node (Name mismatch)\nPath: 'TIPC^Untitled1^Untitled1 Project^VltP
METHOD    __XINT_TO_LREAL        REFUSED   [UNSUPPORTED] 'VltPkn_976': the IDE refused to create its method '__XINT_TO_LREAL': TwinCAT PLC automation call (ITcSmTreeItem:CreateChild) failed: Creating the child named '__XINT_TO_LREAL' is not possible on node (Name mismatch)\nPath: 'TIPC^Untitled1^Untitled1 Project^Vl
METHOD    __XINT_TO_TIME         REFUSED   [UNSUPPORTED] 'VltPkn_977': the IDE refused to create its method '__XINT_TO_TIME': TwinCAT PLC automation call (ITcSmTreeItem:CreateChild) failed: Creating the child named '__XINT_TO_TIME' is not possible on node (Name mismatch)\nPath: 'TIPC^Untitled1^Untitled1 Project^VltP
METHOD    __XINT_TO_LTIME        REFUSED   [UNSUPPORTED] 'VltPkn_978': the IDE refused to create its method '__XINT_TO_LTIME': TwinCAT PLC automation call (ITcSmTreeItem:CreateChild) failed: Creating the child named '__XINT_TO_LTIME' is not possible on node (Name mismatch)\nPath: 'TIPC^Untitled1^Untitled1 Project^Vl
METHOD    __XINT_TO_DATE         REFUSED   [UNSUPPORTED] 'VltPkn_979': the IDE refused to create its method '__XINT_TO_DATE': TwinCAT PLC automation call (ITcSmTreeItem:CreateChild) failed: Creating the child named '__XINT_TO_DATE' is not possible on node (Name mismatch)\nPath: 'TIPC^Untitled1^Untitled1 Project^VltP
METHOD    __XINT_TO_TOD          REFUSED   [UNSUPPORTED] 'VltPkn_980': the IDE refused to create its method '__XINT_TO_TOD': TwinCAT PLC automation call (ITcSmTreeItem:CreateChild) failed: Creating the child named '__XINT_TO_TOD' is not possible on node (Name mismatch)\nPath: 'TIPC^Untitled1^Untitled1 Project^VltPkn
METHOD    __XINT_TO_DT           REFUSED   [UNSUPPORTED] 'VltPkn_981': the IDE refused to create its method '__XINT_TO_DT': TwinCAT PLC automation call (ITcSmTreeItem:CreateChild) failed: Creating the child named '__XINT_TO_DT' is not possible on node (Name mismatch)\nPath: 'TIPC^Untitled1^Untitled1 Project^VltPkn_9
METHOD    __XINT_TO_LDATE        REFUSED   [UNSUPPORTED] 'VltPkn_982': the IDE refused to create its method '__XINT_TO_LDATE': TwinCAT PLC automation call (ITcSmTreeItem:CreateChild) failed: Creating the child named '__XINT_TO_LDATE' is not possible on node (Name mismatch)\nPath: 'TIPC^Untitled1^Untitled1 Project^Vl
METHOD    __XINT_TO_LTOD         REFUSED   [UNSUPPORTED] 'VltPkn_983': the IDE refused to create its method '__XINT_TO_LTOD': TwinCAT PLC automation call (ITcSmTreeItem:CreateChild) failed: Creating the child named '__XINT_TO_LTOD' is not possible on node (Name mismatch)\nPath: 'TIPC^Untitled1^Untitled1 Project^VltP
METHOD    __XINT_TO_LDT          REFUSED   [UNSUPPORTED] 'VltPkn_984': the IDE refused to create its method '__XINT_TO_LDT': TwinCAT PLC automation call (ITcSmTreeItem:CreateChild) failed: Creating the child named '__XINT_TO_LDT' is not possible on node (Name mismatch)\nPath: 'TIPC^Untitled1^Untitled1 Project^VltPkn
METHOD    __XINT_TO_STRING       REFUSED   [UNSUPPORTED] 'VltPkn_985': the IDE refused to create its method '__XINT_TO_STRING': TwinCAT PLC automation call (ITcSmTreeItem:CreateChild) failed: Creating the child named '__XINT_TO_STRING' is not possible on node (Name mismatch)\nPath: 'TIPC^Untitled1^Untitled1 Project^
METHOD    __XINT_TO_WSTRING      REFUSED   [UNSUPPORTED] 'VltPkn_986': the IDE refused to create its method '__XINT_TO_WSTRING': TwinCAT PLC automation call (ITcSmTreeItem:CreateChild) failed: Creating the child named '__XINT_TO_WSTRING' is not possible on node (Name mismatch)\nPath: 'TIPC^Untitled1^Untitled1 Projec
METHOD    __XINT_TO_TIME_OF_DAY  REFUSED   [UNSUPPORTED] 'VltPkn_987': the IDE refused to create its method '__XINT_TO_TIME_OF_DAY': TwinCAT PLC automation call (ITcSmTreeItem:CreateChild) failed: Creating the child named '__XINT_TO_TIME_OF_DAY' is not possible on node (Name mismatch)\nPath: 'TIPC^Untitled1^Untitled
METHOD    __XINT_TO_DATE_AND_TIME REFUSED   [UNSUPPORTED] 'VltPkn_988': the IDE refused to create its method '__XINT_TO_DATE_AND_TIME': TwinCAT PLC automation call (ITcSmTreeItem:CreateChild) failed: Creating the child named '__XINT_TO_DATE_AND_TIME' is not possible on node (Name mismatch)\nPath: 'TIPC^Untitled1^Unti
METHOD    __XINT_TO_LDATE_AND_TIME REFUSED   [UNSUPPORTED] 'VltPkn_989': the IDE refused to create its method '__XINT_TO_LDATE_AND_TIME': TwinCAT PLC automation call (ITcSmTreeItem:CreateChild) failed: Creating the child named '__XINT_TO_LDATE_AND_TIME' is not possible on node (Name mismatch)\nPath: 'TIPC^Untitled1^Un
METHOD    __XINT_TO_LTIME_OF_DAY REFUSED   [UNSUPPORTED] 'VltPkn_990': the IDE refused to create its method '__XINT_TO_LTIME_OF_DAY': TwinCAT PLC automation call (ITcSmTreeItem:CreateChild) failed: Creating the child named '__XINT_TO_LTIME_OF_DAY' is not possible on node (Name mismatch)\nPath: 'TIPC^Untitled1^Untitl
METHOD    __XINT_TO___UXINT      REFUSED   [UNSUPPORTED] 'VltPkn_991': the IDE refused to create its method '__XINT_TO___UXINT': TwinCAT PLC automation call (ITcSmTreeItem:CreateChild) failed: Creating the child named '__XINT_TO___UXINT' is not possible on node (Name mismatch)\nPath: 'TIPC^Untitled1^Untitled1 Projec
METHOD    __XINT_TO___XWORD      REFUSED   [UNSUPPORTED] 'VltPkn_992': the IDE refused to create its method '__XINT_TO___XWORD': TwinCAT PLC automation call (ITcSmTreeItem:CreateChild) failed: Creating the child named '__XINT_TO___XWORD' is not possible on node (Name mismatch)\nPath: 'TIPC^Untitled1^Untitled1 Projec
METHOD    __UXINT_TO_BOOL        REFUSED   [UNSUPPORTED] 'VltPkn_993': the IDE refused to create its method '__UXINT_TO_BOOL': TwinCAT PLC automation call (ITcSmTreeItem:CreateChild) failed: Creating the child named '__UXINT_TO_BOOL' is not possible on node (Name mismatch)\nPath: 'TIPC^Untitled1^Untitled1 Project^Vl
METHOD    __UXINT_TO_BIT         REFUSED   [UNSUPPORTED] 'VltPkn_994': the IDE refused to create its method '__UXINT_TO_BIT': TwinCAT PLC automation call (ITcSmTreeItem:CreateChild) failed: Creating the child named '__UXINT_TO_BIT' is not possible on node (Name mismatch)\nPath: 'TIPC^Untitled1^Untitled1 Project^VltP
METHOD    __UXINT_TO_BYTE        REFUSED   [UNSUPPORTED] 'VltPkn_995': the IDE refused to create its method '__UXINT_TO_BYTE': TwinCAT PLC automation call (ITcSmTreeItem:CreateChild) failed: Creating the child named '__UXINT_TO_BYTE' is not possible on node (Name mismatch)\nPath: 'TIPC^Untitled1^Untitled1 Project^Vl
METHOD    __UXINT_TO_WORD        REFUSED   [UNSUPPORTED] 'VltPkn_996': the IDE refused to create its method '__UXINT_TO_WORD': TwinCAT PLC automation call (ITcSmTreeItem:CreateChild) failed: Creating the child named '__UXINT_TO_WORD' is not possible on node (Name mismatch)\nPath: 'TIPC^Untitled1^Untitled1 Project^Vl
METHOD    __UXINT_TO_DWORD       REFUSED   [UNSUPPORTED] 'VltPkn_997': the IDE refused to create its method '__UXINT_TO_DWORD': TwinCAT PLC automation call (ITcSmTreeItem:CreateChild) failed: Creating the child named '__UXINT_TO_DWORD' is not possible on node (Name mismatch)\nPath: 'TIPC^Untitled1^Untitled1 Project^
METHOD    __UXINT_TO_LWORD       REFUSED   [UNSUPPORTED] 'VltPkn_998': the IDE refused to create its method '__UXINT_TO_LWORD': TwinCAT PLC automation call (ITcSmTreeItem:CreateChild) failed: Creating the child named '__UXINT_TO_LWORD' is not possible on node (Name mismatch)\nPath: 'TIPC^Untitled1^Untitled1 Project^
METHOD    __UXINT_TO_SINT        REFUSED   [UNSUPPORTED] 'VltPkn_999': the IDE refused to create its method '__UXINT_TO_SINT': TwinCAT PLC automation call (ITcSmTreeItem:CreateChild) failed: Creating the child named '__UXINT_TO_SINT' is not possible on node (Name mismatch)\nPath: 'TIPC^Untitled1^Untitled1 Project^Vl
METHOD    __UXINT_TO_INT         REFUSED   [UNSUPPORTED] 'VltPkn_1000': the IDE refused to create its method '__UXINT_TO_INT': TwinCAT PLC automation call (ITcSmTreeItem:CreateChild) failed: Creating the child named '__UXINT_TO_INT' is not possible on node (Name mismatch)\nPath: 'TIPC^Untitled1^Untitled1 Project^Vlt
METHOD    __UXINT_TO_DINT        REFUSED   [UNSUPPORTED] 'VltPkn_1001': the IDE refused to create its method '__UXINT_TO_DINT': TwinCAT PLC automation call (ITcSmTreeItem:CreateChild) failed: Creating the child named '__UXINT_TO_DINT' is not possible on node (Name mismatch)\nPath: 'TIPC^Untitled1^Untitled1 Project^V
METHOD    __UXINT_TO_LINT        REFUSED   [UNSUPPORTED] 'VltPkn_1002': the IDE refused to create its method '__UXINT_TO_LINT': TwinCAT PLC automation call (ITcSmTreeItem:CreateChild) failed: Creating the child named '__UXINT_TO_LINT' is not possible on node (Name mismatch)\nPath: 'TIPC^Untitled1^Untitled1 Project^V
METHOD    __UXINT_TO_USINT       REFUSED   [UNSUPPORTED] 'VltPkn_1003': the IDE refused to create its method '__UXINT_TO_USINT': TwinCAT PLC automation call (ITcSmTreeItem:CreateChild) failed: Creating the child named '__UXINT_TO_USINT' is not possible on node (Name mismatch)\nPath: 'TIPC^Untitled1^Untitled1 Project
METHOD    __UXINT_TO_UINT        REFUSED   [UNSUPPORTED] 'VltPkn_1004': the IDE refused to create its method '__UXINT_TO_UINT': TwinCAT PLC automation call (ITcSmTreeItem:CreateChild) failed: Creating the child named '__UXINT_TO_UINT' is not possible on node (Name mismatch)\nPath: 'TIPC^Untitled1^Untitled1 Project^V
METHOD    __UXINT_TO_UDINT       REFUSED   [UNSUPPORTED] 'VltPkn_1005': the IDE refused to create its method '__UXINT_TO_UDINT': TwinCAT PLC automation call (ITcSmTreeItem:CreateChild) failed: Creating the child named '__UXINT_TO_UDINT' is not possible on node (Name mismatch)\nPath: 'TIPC^Untitled1^Untitled1 Project
METHOD    __UXINT_TO_ULINT       REFUSED   [UNSUPPORTED] 'VltPkn_1006': the IDE refused to create its method '__UXINT_TO_ULINT': TwinCAT PLC automation call (ITcSmTreeItem:CreateChild) failed: Creating the child named '__UXINT_TO_ULINT' is not possible on node (Name mismatch)\nPath: 'TIPC^Untitled1^Untitled1 Project
METHOD    __UXINT_TO_REAL        REFUSED   [UNSUPPORTED] 'VltPkn_1007': the IDE refused to create its method '__UXINT_TO_REAL': TwinCAT PLC automation call (ITcSmTreeItem:CreateChild) failed: Creating the child named '__UXINT_TO_REAL' is not possible on node (Name mismatch)\nPath: 'TIPC^Untitled1^Untitled1 Project^V
METHOD    __UXINT_TO_LREAL       REFUSED   [UNSUPPORTED] 'VltPkn_1008': the IDE refused to create its method '__UXINT_TO_LREAL': TwinCAT PLC automation call (ITcSmTreeItem:CreateChild) failed: Creating the child named '__UXINT_TO_LREAL' is not possible on node (Name mismatch)\nPath: 'TIPC^Untitled1^Untitled1 Project
METHOD    __UXINT_TO_TIME        REFUSED   [UNSUPPORTED] 'VltPkn_1009': the IDE refused to create its method '__UXINT_TO_TIME': TwinCAT PLC automation call (ITcSmTreeItem:CreateChild) failed: Creating the child named '__UXINT_TO_TIME' is not possible on node (Name mismatch)\nPath: 'TIPC^Untitled1^Untitled1 Project^V
METHOD    __UXINT_TO_LTIME       REFUSED   [UNSUPPORTED] 'VltPkn_1010': the IDE refused to create its method '__UXINT_TO_LTIME': TwinCAT PLC automation call (ITcSmTreeItem:CreateChild) failed: Creating the child named '__UXINT_TO_LTIME' is not possible on node (Name mismatch)\nPath: 'TIPC^Untitled1^Untitled1 Project
METHOD    __UXINT_TO_DATE        REFUSED   [UNSUPPORTED] 'VltPkn_1011': the IDE refused to create its method '__UXINT_TO_DATE': TwinCAT PLC automation call (ITcSmTreeItem:CreateChild) failed: Creating the child named '__UXINT_TO_DATE' is not possible on node (Name mismatch)\nPath: 'TIPC^Untitled1^Untitled1 Project^V
METHOD    __UXINT_TO_TOD         REFUSED   [UNSUPPORTED] 'VltPkn_1012': the IDE refused to create its method '__UXINT_TO_TOD': TwinCAT PLC automation call (ITcSmTreeItem:CreateChild) failed: Creating the child named '__UXINT_TO_TOD' is not possible on node (Name mismatch)\nPath: 'TIPC^Untitled1^Untitled1 Project^Vlt
METHOD    __UXINT_TO_DT          REFUSED   [UNSUPPORTED] 'VltPkn_1013': the IDE refused to create its method '__UXINT_TO_DT': TwinCAT PLC automation call (ITcSmTreeItem:CreateChild) failed: Creating the child named '__UXINT_TO_DT' is not possible on node (Name mismatch)\nPath: 'TIPC^Untitled1^Untitled1 Project^VltPk
METHOD    __UXINT_TO_LDATE       REFUSED   [UNSUPPORTED] 'VltPkn_1014': the IDE refused to create its method '__UXINT_TO_LDATE': TwinCAT PLC automation call (ITcSmTreeItem:CreateChild) failed: Creating the child named '__UXINT_TO_LDATE' is not possible on node (Name mismatch)\nPath: 'TIPC^Untitled1^Untitled1 Project
METHOD    __UXINT_TO_LTOD        REFUSED   [UNSUPPORTED] 'VltPkn_1015': the IDE refused to create its method '__UXINT_TO_LTOD': TwinCAT PLC automation call (ITcSmTreeItem:CreateChild) failed: Creating the child named '__UXINT_TO_LTOD' is not possible on node (Name mismatch)\nPath: 'TIPC^Untitled1^Untitled1 Project^V
METHOD    __UXINT_TO_LDT         REFUSED   [UNSUPPORTED] 'VltPkn_1016': the IDE refused to create its method '__UXINT_TO_LDT': TwinCAT PLC automation call (ITcSmTreeItem:CreateChild) failed: Creating the child named '__UXINT_TO_LDT' is not possible on node (Name mismatch)\nPath: 'TIPC^Untitled1^Untitled1 Project^Vlt
METHOD    __UXINT_TO_STRING      REFUSED   [UNSUPPORTED] 'VltPkn_1017': the IDE refused to create its method '__UXINT_TO_STRING': TwinCAT PLC automation call (ITcSmTreeItem:CreateChild) failed: Creating the child named '__UXINT_TO_STRING' is not possible on node (Name mismatch)\nPath: 'TIPC^Untitled1^Untitled1 Proje
METHOD    __UXINT_TO_WSTRING     REFUSED   [UNSUPPORTED] 'VltPkn_1018': the IDE refused to create its method '__UXINT_TO_WSTRING': TwinCAT PLC automation call (ITcSmTreeItem:CreateChild) failed: Creating the child named '__UXINT_TO_WSTRING' is not possible on node (Name mismatch)\nPath: 'TIPC^Untitled1^Untitled1 Pro
METHOD    __UXINT_TO_TIME_OF_DAY REFUSED   [UNSUPPORTED] 'VltPkn_1019': the IDE refused to create its method '__UXINT_TO_TIME_OF_DAY': TwinCAT PLC automation call (ITcSmTreeItem:CreateChild) failed: Creating the child named '__UXINT_TO_TIME_OF_DAY' is not possible on node (Name mismatch)\nPath: 'TIPC^Untitled1^Untit
METHOD    __UXINT_TO_DATE_AND_TIME REFUSED   [UNSUPPORTED] 'VltPkn_1020': the IDE refused to create its method '__UXINT_TO_DATE_AND_TIME': TwinCAT PLC automation call (ITcSmTreeItem:CreateChild) failed: Creating the child named '__UXINT_TO_DATE_AND_TIME' is not possible on node (Name mismatch)\nPath: 'TIPC^Untitled1^U
METHOD    __UXINT_TO_LDATE_AND_TIME REFUSED   [UNSUPPORTED] 'VltPkn_1021': the IDE refused to create its method '__UXINT_TO_LDATE_AND_TIME': TwinCAT PLC automation call (ITcSmTreeItem:CreateChild) failed: Creating the child named '__UXINT_TO_LDATE_AND_TIME' is not possible on node (Name mismatch)\nPath: 'TIPC^Untitled1
METHOD    __UXINT_TO_LTIME_OF_DAY REFUSED   [UNSUPPORTED] 'VltPkn_1022': the IDE refused to create its method '__UXINT_TO_LTIME_OF_DAY': TwinCAT PLC automation call (ITcSmTreeItem:CreateChild) failed: Creating the child named '__UXINT_TO_LTIME_OF_DAY' is not possible on node (Name mismatch)\nPath: 'TIPC^Untitled1^Unt
METHOD    __UXINT_TO___XINT      REFUSED   [UNSUPPORTED] 'VltPkn_1023': the IDE refused to create its method '__UXINT_TO___XINT': TwinCAT PLC automation call (ITcSmTreeItem:CreateChild) failed: Creating the child named '__UXINT_TO___XINT' is not possible on node (Name mismatch)\nPath: 'TIPC^Untitled1^Untitled1 Proje
METHOD    __UXINT_TO___XWORD     REFUSED   [UNSUPPORTED] 'VltPkn_1024': the IDE refused to create its method '__UXINT_TO___XWORD': TwinCAT PLC automation call (ITcSmTreeItem:CreateChild) failed: Creating the child named '__UXINT_TO___XWORD' is not possible on node (Name mismatch)\nPath: 'TIPC^Untitled1^Untitled1 Pro
METHOD    __XWORD_TO_BOOL        REFUSED   [UNSUPPORTED] 'VltPkn_1025': the IDE refused to create its method '__XWORD_TO_BOOL': TwinCAT PLC automation call (ITcSmTreeItem:CreateChild) failed: Creating the child named '__XWORD_TO_BOOL' is not possible on node (Name mismatch)\nPath: 'TIPC^Untitled1^Untitled1 Project^V
METHOD    __XWORD_TO_BIT         REFUSED   [UNSUPPORTED] 'VltPkn_1026': the IDE refused to create its method '__XWORD_TO_BIT': TwinCAT PLC automation call (ITcSmTreeItem:CreateChild) failed: Creating the child named '__XWORD_TO_BIT' is not possible on node (Name mismatch)\nPath: 'TIPC^Untitled1^Untitled1 Project^Vlt
METHOD    __XWORD_TO_BYTE        REFUSED   [UNSUPPORTED] 'VltPkn_1027': the IDE refused to create its method '__XWORD_TO_BYTE': TwinCAT PLC automation call (ITcSmTreeItem:CreateChild) failed: Creating the child named '__XWORD_TO_BYTE' is not possible on node (Name mismatch)\nPath: 'TIPC^Untitled1^Untitled1 Project^V
METHOD    __XWORD_TO_WORD        REFUSED   [UNSUPPORTED] 'VltPkn_1028': the IDE refused to create its method '__XWORD_TO_WORD': TwinCAT PLC automation call (ITcSmTreeItem:CreateChild) failed: Creating the child named '__XWORD_TO_WORD' is not possible on node (Name mismatch)\nPath: 'TIPC^Untitled1^Untitled1 Project^V
METHOD    __XWORD_TO_DWORD       REFUSED   [UNSUPPORTED] 'VltPkn_1029': the IDE refused to create its method '__XWORD_TO_DWORD': TwinCAT PLC automation call (ITcSmTreeItem:CreateChild) failed: Creating the child named '__XWORD_TO_DWORD' is not possible on node (Name mismatch)\nPath: 'TIPC^Untitled1^Untitled1 Project
METHOD    __XWORD_TO_LWORD       REFUSED   [UNSUPPORTED] 'VltPkn_1030': the IDE refused to create its method '__XWORD_TO_LWORD': TwinCAT PLC automation call (ITcSmTreeItem:CreateChild) failed: Creating the child named '__XWORD_TO_LWORD' is not possible on node (Name mismatch)\nPath: 'TIPC^Untitled1^Untitled1 Project
METHOD    __XWORD_TO_SINT        REFUSED   [UNSUPPORTED] 'VltPkn_1031': the IDE refused to create its method '__XWORD_TO_SINT': TwinCAT PLC automation call (ITcSmTreeItem:CreateChild) failed: Creating the child named '__XWORD_TO_SINT' is not possible on node (Name mismatch)\nPath: 'TIPC^Untitled1^Untitled1 Project^V
METHOD    __XWORD_TO_INT         REFUSED   [UNSUPPORTED] 'VltPkn_1032': the IDE refused to create its method '__XWORD_TO_INT': TwinCAT PLC automation call (ITcSmTreeItem:CreateChild) failed: Creating the child named '__XWORD_TO_INT' is not possible on node (Name mismatch)\nPath: 'TIPC^Untitled1^Untitled1 Project^Vlt
METHOD    __XWORD_TO_DINT        REFUSED   [UNSUPPORTED] 'VltPkn_1033': the IDE refused to create its method '__XWORD_TO_DINT': TwinCAT PLC automation call (ITcSmTreeItem:CreateChild) failed: Creating the child named '__XWORD_TO_DINT' is not possible on node (Name mismatch)\nPath: 'TIPC^Untitled1^Untitled1 Project^V
METHOD    __XWORD_TO_LINT        REFUSED   [UNSUPPORTED] 'VltPkn_1034': the IDE refused to create its method '__XWORD_TO_LINT': TwinCAT PLC automation call (ITcSmTreeItem:CreateChild) failed: Creating the child named '__XWORD_TO_LINT' is not possible on node (Name mismatch)\nPath: 'TIPC^Untitled1^Untitled1 Project^V
METHOD    __XWORD_TO_USINT       REFUSED   [UNSUPPORTED] 'VltPkn_1035': the IDE refused to create its method '__XWORD_TO_USINT': TwinCAT PLC automation call (ITcSmTreeItem:CreateChild) failed: Creating the child named '__XWORD_TO_USINT' is not possible on node (Name mismatch)\nPath: 'TIPC^Untitled1^Untitled1 Project
METHOD    __XWORD_TO_UINT        REFUSED   [UNSUPPORTED] 'VltPkn_1036': the IDE refused to create its method '__XWORD_TO_UINT': TwinCAT PLC automation call (ITcSmTreeItem:CreateChild) failed: Creating the child named '__XWORD_TO_UINT' is not possible on node (Name mismatch)\nPath: 'TIPC^Untitled1^Untitled1 Project^V
METHOD    __XWORD_TO_UDINT       REFUSED   [UNSUPPORTED] 'VltPkn_1037': the IDE refused to create its method '__XWORD_TO_UDINT': TwinCAT PLC automation call (ITcSmTreeItem:CreateChild) failed: Creating the child named '__XWORD_TO_UDINT' is not possible on node (Name mismatch)\nPath: 'TIPC^Untitled1^Untitled1 Project
METHOD    __XWORD_TO_ULINT       REFUSED   [UNSUPPORTED] 'VltPkn_1038': the IDE refused to create its method '__XWORD_TO_ULINT': TwinCAT PLC automation call (ITcSmTreeItem:CreateChild) failed: Creating the child named '__XWORD_TO_ULINT' is not possible on node (Name mismatch)\nPath: 'TIPC^Untitled1^Untitled1 Project
METHOD    __XWORD_TO_REAL        REFUSED   [UNSUPPORTED] 'VltPkn_1039': the IDE refused to create its method '__XWORD_TO_REAL': TwinCAT PLC automation call (ITcSmTreeItem:CreateChild) failed: Creating the child named '__XWORD_TO_REAL' is not possible on node (Name mismatch)\nPath: 'TIPC^Untitled1^Untitled1 Project^V
METHOD    __XWORD_TO_LREAL       REFUSED   [UNSUPPORTED] 'VltPkn_1040': the IDE refused to create its method '__XWORD_TO_LREAL': TwinCAT PLC automation call (ITcSmTreeItem:CreateChild) failed: Creating the child named '__XWORD_TO_LREAL' is not possible on node (Name mismatch)\nPath: 'TIPC^Untitled1^Untitled1 Project
METHOD    __XWORD_TO_TIME        REFUSED   [UNSUPPORTED] 'VltPkn_1041': the IDE refused to create its method '__XWORD_TO_TIME': TwinCAT PLC automation call (ITcSmTreeItem:CreateChild) failed: Creating the child named '__XWORD_TO_TIME' is not possible on node (Name mismatch)\nPath: 'TIPC^Untitled1^Untitled1 Project^V
METHOD    __XWORD_TO_LTIME       REFUSED   [UNSUPPORTED] 'VltPkn_1042': the IDE refused to create its method '__XWORD_TO_LTIME': TwinCAT PLC automation call (ITcSmTreeItem:CreateChild) failed: Creating the child named '__XWORD_TO_LTIME' is not possible on node (Name mismatch)\nPath: 'TIPC^Untitled1^Untitled1 Project
METHOD    __XWORD_TO_DATE        REFUSED   [UNSUPPORTED] 'VltPkn_1043': the IDE refused to create its method '__XWORD_TO_DATE': TwinCAT PLC automation call (ITcSmTreeItem:CreateChild) failed: Creating the child named '__XWORD_TO_DATE' is not possible on node (Name mismatch)\nPath: 'TIPC^Untitled1^Untitled1 Project^V
METHOD    __XWORD_TO_TOD         REFUSED   [UNSUPPORTED] 'VltPkn_1044': the IDE refused to create its method '__XWORD_TO_TOD': TwinCAT PLC automation call (ITcSmTreeItem:CreateChild) failed: Creating the child named '__XWORD_TO_TOD' is not possible on node (Name mismatch)\nPath: 'TIPC^Untitled1^Untitled1 Project^Vlt
METHOD    __XWORD_TO_DT          REFUSED   [UNSUPPORTED] 'VltPkn_1045': the IDE refused to create its method '__XWORD_TO_DT': TwinCAT PLC automation call (ITcSmTreeItem:CreateChild) failed: Creating the child named '__XWORD_TO_DT' is not possible on node (Name mismatch)\nPath: 'TIPC^Untitled1^Untitled1 Project^VltPk
METHOD    __XWORD_TO_LDATE       REFUSED   [UNSUPPORTED] 'VltPkn_1046': the IDE refused to create its method '__XWORD_TO_LDATE': TwinCAT PLC automation call (ITcSmTreeItem:CreateChild) failed: Creating the child named '__XWORD_TO_LDATE' is not possible on node (Name mismatch)\nPath: 'TIPC^Untitled1^Untitled1 Project
METHOD    __XWORD_TO_LTOD        REFUSED   [UNSUPPORTED] 'VltPkn_1047': the IDE refused to create its method '__XWORD_TO_LTOD': TwinCAT PLC automation call (ITcSmTreeItem:CreateChild) failed: Creating the child named '__XWORD_TO_LTOD' is not possible on node (Name mismatch)\nPath: 'TIPC^Untitled1^Untitled1 Project^V
METHOD    __XWORD_TO_LDT         REFUSED   [UNSUPPORTED] 'VltPkn_1048': the IDE refused to create its method '__XWORD_TO_LDT': TwinCAT PLC automation call (ITcSmTreeItem:CreateChild) failed: Creating the child named '__XWORD_TO_LDT' is not possible on node (Name mismatch)\nPath: 'TIPC^Untitled1^Untitled1 Project^Vlt
METHOD    __XWORD_TO_STRING      REFUSED   [UNSUPPORTED] 'VltPkn_1049': the IDE refused to create its method '__XWORD_TO_STRING': TwinCAT PLC automation call (ITcSmTreeItem:CreateChild) failed: Creating the child named '__XWORD_TO_STRING' is not possible on node (Name mismatch)\nPath: 'TIPC^Untitled1^Untitled1 Proje
METHOD    __XWORD_TO_WSTRING     REFUSED   [UNSUPPORTED] 'VltPkn_1050': the IDE refused to create its method '__XWORD_TO_WSTRING': TwinCAT PLC automation call (ITcSmTreeItem:CreateChild) failed: Creating the child named '__XWORD_TO_WSTRING' is not possible on node (Name mismatch)\nPath: 'TIPC^Untitled1^Untitled1 Pro
METHOD    __XWORD_TO_TIME_OF_DAY REFUSED   [UNSUPPORTED] 'VltPkn_1051': the IDE refused to create its method '__XWORD_TO_TIME_OF_DAY': TwinCAT PLC automation call (ITcSmTreeItem:CreateChild) failed: Creating the child named '__XWORD_TO_TIME_OF_DAY' is not possible on node (Name mismatch)\nPath: 'TIPC^Untitled1^Untit
METHOD    __XWORD_TO_DATE_AND_TIME REFUSED   [UNSUPPORTED] 'VltPkn_1052': the IDE refused to create its method '__XWORD_TO_DATE_AND_TIME': TwinCAT PLC automation call (ITcSmTreeItem:CreateChild) failed: Creating the child named '__XWORD_TO_DATE_AND_TIME' is not possible on node (Name mismatch)\nPath: 'TIPC^Untitled1^U
METHOD    __XWORD_TO_LDATE_AND_TIME REFUSED   [UNSUPPORTED] 'VltPkn_1053': the IDE refused to create its method '__XWORD_TO_LDATE_AND_TIME': TwinCAT PLC automation call (ITcSmTreeItem:CreateChild) failed: Creating the child named '__XWORD_TO_LDATE_AND_TIME' is not possible on node (Name mismatch)\nPath: 'TIPC^Untitled1
METHOD    __XWORD_TO_LTIME_OF_DAY REFUSED   [UNSUPPORTED] 'VltPkn_1054': the IDE refused to create its method '__XWORD_TO_LTIME_OF_DAY': TwinCAT PLC automation call (ITcSmTreeItem:CreateChild) failed: Creating the child named '__XWORD_TO_LTIME_OF_DAY' is not possible on node (Name mismatch)\nPath: 'TIPC^Untitled1^Unt
METHOD    __XWORD_TO___XINT      REFUSED   [UNSUPPORTED] 'VltPkn_1055': the IDE refused to create its method '__XWORD_TO___XINT': TwinCAT PLC automation call (ITcSmTreeItem:CreateChild) failed: Creating the child named '__XWORD_TO___XINT' is not possible on node (Name mismatch)\nPath: 'TIPC^Untitled1^Untitled1 Proje
METHOD    __XWORD_TO___UXINT     REFUSED   [UNSUPPORTED] 'VltPkn_1056': the IDE refused to create its method '__XWORD_TO___UXINT': TwinCAT PLC automation call (ITcSmTreeItem:CreateChild) failed: Creating the child named '__XWORD_TO___UXINT' is not possible on node (Name mismatch)\nPath: 'TIPC^Untitled1^Untitled1 Pro
METHOD    TO_BOOL                REFUSED   [UNSUPPORTED] 'VltPkn_1057': the IDE refused to create its method 'TO_BOOL': TwinCAT PLC automation call (ITcSmTreeItem:CreateChild) failed: Creating the child named 'TO_BOOL' is not possible on node (Name mismatch)\nPath: 'TIPC^Untitled1^Untitled1 Project^VltPkn_1057' (ITc
METHOD    TO_BIT                 REFUSED   [UNSUPPORTED] 'VltPkn_1058': the IDE refused to create its method 'TO_BIT': TwinCAT PLC automation call (ITcSmTreeItem:CreateChild) failed: Creating the child named 'TO_BIT' is not possible on node (Name mismatch)\nPath: 'TIPC^Untitled1^Untitled1 Project^VltPkn_1058' (ITcSm
METHOD    TO_BYTE                REFUSED   [UNSUPPORTED] 'VltPkn_1059': the IDE refused to create its method 'TO_BYTE': TwinCAT PLC automation call (ITcSmTreeItem:CreateChild) failed: Creating the child named 'TO_BYTE' is not possible on node (Name mismatch)\nPath: 'TIPC^Untitled1^Untitled1 Project^VltPkn_1059' (ITc
METHOD    TO_WORD                REFUSED   [UNSUPPORTED] 'VltPkn_1060': the IDE refused to create its method 'TO_WORD': TwinCAT PLC automation call (ITcSmTreeItem:CreateChild) failed: Creating the child named 'TO_WORD' is not possible on node (Name mismatch)\nPath: 'TIPC^Untitled1^Untitled1 Project^VltPkn_1060' (ITc
METHOD    TO_DWORD               REFUSED   [UNSUPPORTED] 'VltPkn_1061': the IDE refused to create its method 'TO_DWORD': TwinCAT PLC automation call (ITcSmTreeItem:CreateChild) failed: Creating the child named 'TO_DWORD' is not possible on node (Name mismatch)\nPath: 'TIPC^Untitled1^Untitled1 Project^VltPkn_1061' (I
METHOD    TO_LWORD               REFUSED   [UNSUPPORTED] 'VltPkn_1062': the IDE refused to create its method 'TO_LWORD': TwinCAT PLC automation call (ITcSmTreeItem:CreateChild) failed: Creating the child named 'TO_LWORD' is not possible on node (Name mismatch)\nPath: 'TIPC^Untitled1^Untitled1 Project^VltPkn_1062' (I
METHOD    TO_SINT                REFUSED   [UNSUPPORTED] 'VltPkn_1063': the IDE refused to create its method 'TO_SINT': TwinCAT PLC automation call (ITcSmTreeItem:CreateChild) failed: Creating the child named 'TO_SINT' is not possible on node (Name mismatch)\nPath: 'TIPC^Untitled1^Untitled1 Project^VltPkn_1063' (ITc
METHOD    TO_INT                 REFUSED   [UNSUPPORTED] 'VltPkn_1064': the IDE refused to create its method 'TO_INT': TwinCAT PLC automation call (ITcSmTreeItem:CreateChild) failed: Creating the child named 'TO_INT' is not possible on node (Name mismatch)\nPath: 'TIPC^Untitled1^Untitled1 Project^VltPkn_1064' (ITcSm
METHOD    TO_DINT                REFUSED   [UNSUPPORTED] 'VltPkn_1065': the IDE refused to create its method 'TO_DINT': TwinCAT PLC automation call (ITcSmTreeItem:CreateChild) failed: Creating the child named 'TO_DINT' is not possible on node (Name mismatch)\nPath: 'TIPC^Untitled1^Untitled1 Project^VltPkn_1065' (ITc
METHOD    TO_LINT                REFUSED   [UNSUPPORTED] 'VltPkn_1066': the IDE refused to create its method 'TO_LINT': TwinCAT PLC automation call (ITcSmTreeItem:CreateChild) failed: Creating the child named 'TO_LINT' is not possible on node (Name mismatch)\nPath: 'TIPC^Untitled1^Untitled1 Project^VltPkn_1066' (ITc
METHOD    TO_USINT               REFUSED   [UNSUPPORTED] 'VltPkn_1067': the IDE refused to create its method 'TO_USINT': TwinCAT PLC automation call (ITcSmTreeItem:CreateChild) failed: Creating the child named 'TO_USINT' is not possible on node (Name mismatch)\nPath: 'TIPC^Untitled1^Untitled1 Project^VltPkn_1067' (I
METHOD    TO_UINT                REFUSED   [UNSUPPORTED] 'VltPkn_1068': the IDE refused to create its method 'TO_UINT': TwinCAT PLC automation call (ITcSmTreeItem:CreateChild) failed: Creating the child named 'TO_UINT' is not possible on node (Name mismatch)\nPath: 'TIPC^Untitled1^Untitled1 Project^VltPkn_1068' (ITc
METHOD    TO_UDINT               REFUSED   [UNSUPPORTED] 'VltPkn_1069': the IDE refused to create its method 'TO_UDINT': TwinCAT PLC automation call (ITcSmTreeItem:CreateChild) failed: Creating the child named 'TO_UDINT' is not possible on node (Name mismatch)\nPath: 'TIPC^Untitled1^Untitled1 Project^VltPkn_1069' (I
METHOD    TO_ULINT               REFUSED   [UNSUPPORTED] 'VltPkn_1070': the IDE refused to create its method 'TO_ULINT': TwinCAT PLC automation call (ITcSmTreeItem:CreateChild) failed: Creating the child named 'TO_ULINT' is not possible on node (Name mismatch)\nPath: 'TIPC^Untitled1^Untitled1 Project^VltPkn_1070' (I
METHOD    TO_REAL                REFUSED   [UNSUPPORTED] 'VltPkn_1071': the IDE refused to create its method 'TO_REAL': TwinCAT PLC automation call (ITcSmTreeItem:CreateChild) failed: Creating the child named 'TO_REAL' is not possible on node (Name mismatch)\nPath: 'TIPC^Untitled1^Untitled1 Project^VltPkn_1071' (ITc
METHOD    TO_LREAL               REFUSED   [UNSUPPORTED] 'VltPkn_1072': the IDE refused to create its method 'TO_LREAL': TwinCAT PLC automation call (ITcSmTreeItem:CreateChild) failed: Creating the child named 'TO_LREAL' is not possible on node (Name mismatch)\nPath: 'TIPC^Untitled1^Untitled1 Project^VltPkn_1072' (I
METHOD    TO_TIME                REFUSED   [UNSUPPORTED] 'VltPkn_1073': the IDE refused to create its method 'TO_TIME': TwinCAT PLC automation call (ITcSmTreeItem:CreateChild) failed: Creating the child named 'TO_TIME' is not possible on node (Name mismatch)\nPath: 'TIPC^Untitled1^Untitled1 Project^VltPkn_1073' (ITc
METHOD    TO_LTIME               REFUSED   [UNSUPPORTED] 'VltPkn_1074': the IDE refused to create its method 'TO_LTIME': TwinCAT PLC automation call (ITcSmTreeItem:CreateChild) failed: Creating the child named 'TO_LTIME' is not possible on node (Name mismatch)\nPath: 'TIPC^Untitled1^Untitled1 Project^VltPkn_1074' (I
METHOD    TO_DATE                REFUSED   [UNSUPPORTED] 'VltPkn_1075': the IDE refused to create its method 'TO_DATE': TwinCAT PLC automation call (ITcSmTreeItem:CreateChild) failed: Creating the child named 'TO_DATE' is not possible on node (Name mismatch)\nPath: 'TIPC^Untitled1^Untitled1 Project^VltPkn_1075' (ITc
METHOD    TO_TOD                 REFUSED   [UNSUPPORTED] 'VltPkn_1076': the IDE refused to create its method 'TO_TOD': TwinCAT PLC automation call (ITcSmTreeItem:CreateChild) failed: Creating the child named 'TO_TOD' is not possible on node (Name mismatch)\nPath: 'TIPC^Untitled1^Untitled1 Project^VltPkn_1076' (ITcSm
METHOD    TO_DT                  REFUSED   [UNSUPPORTED] 'VltPkn_1077': the IDE refused to create its method 'TO_DT': TwinCAT PLC automation call (ITcSmTreeItem:CreateChild) failed: Creating the child named 'TO_DT' is not possible on node (Name mismatch)\nPath: 'TIPC^Untitled1^Untitled1 Project^VltPkn_1077' (ITcSmTr
METHOD    TO_LDATE               ACCEPTED 
METHOD    TO_LTOD                ACCEPTED 
METHOD    TO_LDT                 ACCEPTED 
METHOD    TO_STRING              REFUSED   [UNSUPPORTED] 'VltPkn_1081': the IDE refused to create its method 'TO_STRING': TwinCAT PLC automation call (ITcSmTreeItem:CreateChild) failed: Creating the child named 'TO_STRING' is not possible on node (Name mismatch)\nPath: 'TIPC^Untitled1^Untitled1 Project^VltPkn_1081' 
METHOD    TO_WSTRING             REFUSED   [UNSUPPORTED] 'VltPkn_1082': the IDE refused to create its method 'TO_WSTRING': TwinCAT PLC automation call (ITcSmTreeItem:CreateChild) failed: Creating the child named 'TO_WSTRING' is not possible on node (Name mismatch)\nPath: 'TIPC^Untitled1^Untitled1 Project^VltPkn_1082
METHOD    TO_TIME_OF_DAY         ACCEPTED 
METHOD    TO_DATE_AND_TIME       ACCEPTED 
METHOD    TO_LDATE_AND_TIME      ACCEPTED 
METHOD    TO_LTIME_OF_DAY        ACCEPTED 
METHOD    TO___XINT              REFUSED   [UNSUPPORTED] 'VltPkn_1087': the IDE refused to create its method 'TO___XINT': TwinCAT PLC automation call (ITcSmTreeItem:CreateChild) failed: Creating the child named 'TO___XINT' is not possible on node (Name mismatch)\nPath: 'TIPC^Untitled1^Untitled1 Project^VltPkn_1087' 
METHOD    TO___UXINT             REFUSED   [UNSUPPORTED] 'VltPkn_1088': the IDE refused to create its method 'TO___UXINT': TwinCAT PLC automation call (ITcSmTreeItem:CreateChild) failed: Creating the child named 'TO___UXINT' is not possible on node (Name mismatch)\nPath: 'TIPC^Untitled1^Untitled1 Project^VltPkn_1088
METHOD    TO___XWORD             REFUSED   [UNSUPPORTED] 'VltPkn_1089': the IDE refused to create its method 'TO___XWORD': TwinCAT PLC automation call (ITcSmTreeItem:CreateChild) failed: Creating the child named 'TO___XWORD' is not possible on node (Name mismatch)\nPath: 'TIPC^Untitled1^Untitled1 Project^VltPkn_1089
METHOD    TRUNC_BOOL             ACCEPTED 
METHOD    TRUNC_BIT              ACCEPTED 
METHOD    TRUNC_BYTE             ACCEPTED 
METHOD    TRUNC_WORD             ACCEPTED 
METHOD    TRUNC_DWORD            ACCEPTED 
METHOD    TRUNC_LWORD            ACCEPTED 
METHOD    TRUNC_SINT             ACCEPTED 
METHOD    TRUNC_INT              REFUSED   [UNSUPPORTED] 'VltPkn_1097': the IDE refused to create its method 'TRUNC_INT': TwinCAT PLC automation call (ITcSmTreeItem:CreateChild) failed: Creating the child named 'TRUNC_INT' is not possible on node (Name mismatch)\nPath: 'TIPC^Untitled1^Untitled1 Project^VltPkn_1097' 
METHOD    TRUNC_DINT             ACCEPTED 
METHOD    TRUNC_LINT             ACCEPTED 
METHOD    TRUNC_USINT            ACCEPTED 
METHOD    TRUNC_UINT             ACCEPTED 
METHOD    TRUNC_UDINT            ACCEPTED 
METHOD    TRUNC_ULINT            ACCEPTED 
METHOD    TRUNC_REAL             ACCEPTED 
METHOD    TRUNC_LREAL            ACCEPTED 
METHOD    TRUNC_TIME             ACCEPTED 
METHOD    TRUNC_LTIME            ACCEPTED 
METHOD    TRUNC_DATE             ACCEPTED 
METHOD    TRUNC_TOD              ACCEPTED 
METHOD    TRUNC_DT               ACCEPTED 
METHOD    TRUNC_LDATE            ACCEPTED 
METHOD    TRUNC_LTOD             ACCEPTED 
METHOD    TRUNC_LDT              ACCEPTED 
METHOD    TRUNC_STRING           ACCEPTED 
METHOD    TRUNC_WSTRING          ACCEPTED 
METHOD    TRUNC_TIME_OF_DAY      ACCEPTED 
METHOD    TRUNC_DATE_AND_TIME    ACCEPTED 
METHOD    TRUNC_LDATE_AND_TIME   ACCEPTED 
METHOD    TRUNC_LTIME_OF_DAY     ACCEPTED 
METHOD    TRUNC___XINT           REFUSED   [UNSUPPORTED] 'VltPkn_1120': the IDE refused to create its method 'TRUNC___XINT': TwinCAT PLC automation call (ITcSmTreeItem:CreateChild) failed: Creating the child named 'TRUNC___XINT' is not possible on node (Name mismatch)\nPath: 'TIPC^Untitled1^Untitled1 Project^VltPkn_
METHOD    TRUNC___UXINT          REFUSED   [UNSUPPORTED] 'VltPkn_1121': the IDE refused to create its method 'TRUNC___UXINT': TwinCAT PLC automation call (ITcSmTreeItem:CreateChild) failed: Creating the child named 'TRUNC___UXINT' is not possible on node (Name mismatch)\nPath: 'TIPC^Untitled1^Untitled1 Project^VltPk
METHOD    TRUNC___XWORD          REFUSED   [UNSUPPORTED] 'VltPkn_1122': the IDE refused to create its method 'TRUNC___XWORD': TwinCAT PLC automation call (ITcSmTreeItem:CreateChild) failed: Creating the child named 'TRUNC___XWORD' is not possible on node (Name mismatch)\nPath: 'TIPC^Untitled1^Untitled1 Project^VltPk
METHOD    ANY_BIT                REFUSED   [UNSUPPORTED] 'VltPkn_1123': the IDE refused to create its method 'ANY_BIT': TwinCAT PLC automation call (ITcSmTreeItem:CreateChild) failed: Creating the child named 'ANY_BIT' is not possible on node (Name mismatch)\nPath: 'TIPC^Untitled1^Untitled1 Project^VltPkn_1123' (ITc
METHOD    ANY_STRING             REFUSED   [UNSUPPORTED] 'VltPkn_1124': the IDE refused to create its method 'ANY_STRING': TwinCAT PLC automation call (ITcSmTreeItem:CreateChild) failed: Creating the child named 'ANY_STRING' is not possible on node (Name mismatch)\nPath: 'TIPC^Untitled1^Untitled1 Project^VltPkn_1124
METHOD    ANY_DATE               REFUSED   [UNSUPPORTED] 'VltPkn_1125': the IDE refused to create its method 'ANY_DATE': TwinCAT PLC automation call (ITcSmTreeItem:CreateChild) failed: Creating the child named 'ANY_DATE' is not possible on node (Name mismatch)\nPath: 'TIPC^Untitled1^Untitled1 Project^VltPkn_1125' (I
METHOD    ANY_ELEMENTARY         ACCEPTED 
METHOD    ANY_DERIVED            ACCEPTED 
METHOD    ANY_MAGNITUDE          ACCEPTED 
METHOD    ANY_SIGNED             ACCEPTED 
METHOD    ANY_UNSIGNED           ACCEPTED 
METHOD    ANY_DURATION           ACCEPTED 
METHOD    ANY_CHAR               ACCEPTED 
METHOD    ANY_CHARS              ACCEPTED 
METHOD    ANY_INTEGER            ACCEPTED 
METHOD    ANY_FLOAT              ACCEPTED 
METHOD    ANY_TYPE               ACCEPTED 
METHOD    ANY_POINTER            ACCEPTED 
METHOD    ANY_FOO                ACCEPTED 
METHOD    CHAR                   ACCEPTED 
METHOD    WCHAR                  ACCEPTED 
METHOD    UCHAR                  ACCEPTED 
METHOD    UTF8                   ACCEPTED 
METHOD    __Foo                  REFUSED   [UNSUPPORTED] 'VltPkn_1143': the IDE refused to create its method '__Foo': TwinCAT PLC automation call (ITcSmTreeItem:CreateChild) failed: Creating the child named '__Foo' is not possible on node (Name mismatch)\nPath: 'TIPC^Untitled1^Untitled1 Project^VltPkn_1143' (ITcSmTr
METHOD    a__b                   REFUSED   [UNSUPPORTED] 'VltPkn_1144': the IDE refused to create its method 'a__b': TwinCAT PLC automation call (ITcSmTreeItem:CreateChild) failed: Creating the child named 'a__b' is not possible on node (Name mismatch)\nPath: 'TIPC^Untitled1^Untitled1 Project^VltPkn_1144' (ITcSmTree
METHOD    _Foo                   ACCEPTED 
METHOD    Foo_                   ACCEPTED 
METHOD    EN                     ACCEPTED 
METHOD    ENO                    ACCEPTED 
METHOD    NIL                    ACCEPTED 
METHOD    NULL                   ACCEPTED 
METHOD    LABEL                  ACCEPTED 
METHOD    CONFIGURATION          ACCEPTED 
METHOD    END_CONFIGURATION      ACCEPTED 
METHOD    RESOURCE               ACCEPTED 
METHOD    END_RESOURCE           ACCEPTED 
METHOD    TASK                   ACCEPTED 
METHOD    STEP                   ACCEPTED 
METHOD    END_STEP               ACCEPTED 
METHOD    INITIAL_STEP           ACCEPTED 
METHOD    TRANSITION             ACCEPTED 
METHOD    END_TRANSITION         ACCEPTED 
METHOD    ON                     ACCEPTED 
METHOD    PRIORITY               ACCEPTED 
METHOD    SINGLE                 ACCEPTED 
METHOD    INTERVAL               ACCEPTED 
METHOD    OVERLAP                ACCEPTED 
METHOD    ROUND                  ACCEPTED 
METHOD    FLOOR                  ACCEPTED 
METHOD    CEIL                   ACCEPTED 
METHOD    SIGN                   ACCEPTED 
METHOD    ATAN2                  ACCEPTED 
METHOD    LAZY                   ACCEPTED 
METHOD    __LAZY                 REFUSED   [UNSUPPORTED] 'VltPkn_1173': the IDE refused to create its method '__LAZY': TwinCAT PLC automation call (ITcSmTreeItem:CreateChild) failed: Creating the child named '__LAZY' is not possible on node (Name mismatch)\nPath: 'TIPC^Untitled1^Untitled1 Project^VltPkn_1173' (ITcSm
METHOD    UNION_                 ACCEPTED 
METHOD    BOOL_                  ACCEPTED 
METHOD    INT2                   ACCEPTED 
METHOD    TO_                    ACCEPTED 
METHOD    TO_FOO                 ACCEPTED 
METHOD    FOO_TO_INT             ACCEPTED 
METHOD    INT_TO_FOO             ACCEPTED 
METHOD    DINT_TO                ACCEPTED 
METHOD    TRUNC_                 ACCEPTED 
METHOD    TRUNC_FOO              ACCEPTED 
METHOD    BCD_TO_INT             ACCEPTED 
METHOD    INT_TO_BCD             ACCEPTED 
METHOD    BCD_TO_DINT            ACCEPTED 
METHOD    DWORD_TO_BCD           ACCEPTED 
METHOD    __ISVALIDREF_          REFUSED   [UNSUPPORTED] 'VltPkn_1188': the IDE refused to create its method '__ISVALIDREF_': TwinCAT PLC automation call (ITcSmTreeItem:CreateChild) failed: Creating the child named '__ISVALIDREF_' is not possible on node (Name mismatch)\nPath: 'TIPC^Untitled1^Untitled1 Project^VltPk
METHOD    __SYSTEM_              REFUSED   [UNSUPPORTED] 'VltPkn_1189': the IDE refused to create its method '__SYSTEM_': TwinCAT PLC automation call (ITcSmTreeItem:CreateChild) failed: Creating the child named '__SYSTEM_' is not possible on node (Name mismatch)\nPath: 'TIPC^Untitled1^Untitled1 Project^VltPkn_1189' 
METHOD    __NEW_                 REFUSED   [UNSUPPORTED] 'VltPkn_1190': the IDE refused to create its method '__NEW_': TwinCAT PLC automation call (ITcSmTreeItem:CreateChild) failed: Creating the child named '__NEW_' is not possible on node (Name mismatch)\nPath: 'TIPC^Untitled1^Untitled1 Project^VltPkn_1190' (ITcSm
METHOD    __CURRENTTASK2         REFUSED   [UNSUPPORTED] 'VltPkn_1191': the IDE refused to create its method '__CURRENTTASK2': TwinCAT PLC automation call (ITcSmTreeItem:CreateChild) failed: Creating the child named '__CURRENTTASK2' is not possible on node (Name mismatch)\nPath: 'TIPC^Untitled1^Untitled1 Project^Vlt
METHOD    __PROPERTYINFO         REFUSED   [UNSUPPORTED] 'VltPkn_1192': the IDE refused to create its method '__PROPERTYINFO': TwinCAT PLC automation call (ITcSmTreeItem:CreateChild) failed: Creating the child named '__PROPERTYINFO' is not possible on node (Name mismatch)\nPath: 'TIPC^Untitled1^Untitled1 Project^Vlt
METHOD    __FOO                  REFUSED   [UNSUPPORTED] 'VltPkn_1193': the IDE refused to create its method '__FOO': TwinCAT PLC automation call (ITcSmTreeItem:CreateChild) failed: Creating the child named '__FOO' is not possible on node (Name mismatch)\nPath: 'TIPC^Untitled1^Untitled1 Project^VltPkn_1193' (ITcSmTr
METHOD    __ADR                  REFUSED   [UNSUPPORTED] 'VltPkn_1194': the IDE refused to create its method '__ADR': TwinCAT PLC automation call (ITcSmTreeItem:CreateChild) failed: Creating the child named '__ADR' is not possible on node (Name mismatch)\nPath: 'TIPC^Untitled1^Untitled1 Project^VltPkn_1194' (ITcSmTr
METHOD    __BITADR               REFUSED   [UNSUPPORTED] 'VltPkn_1195': the IDE refused to create its method '__BITADR': TwinCAT PLC automation call (ITcSmTreeItem:CreateChild) failed: Creating the child named '__BITADR' is not possible on node (Name mismatch)\nPath: 'TIPC^Untitled1^Untitled1 Project^VltPkn_1195' (I
METHOD    __UNREACHABLE          REFUSED   [UNSUPPORTED] 'VltPkn_1196': the IDE refused to create its method '__UNREACHABLE': TwinCAT PLC automation call (ITcSmTreeItem:CreateChild) failed: Creating the child named '__UNREACHABLE' is not possible on node (Name mismatch)\nPath: 'TIPC^Untitled1^Untitled1 Project^VltPk
METHOD    __ISVALIDINTERFACE     REFUSED   [UNSUPPORTED] 'VltPkn_1197': the IDE refused to create its method '__ISVALIDINTERFACE': TwinCAT PLC automation call (ITcSmTreeItem:CreateChild) failed: Creating the child named '__ISVALIDINTERFACE' is not possible on node (Name mismatch)\nPath: 'TIPC^Untitled1^Untitled1 Pro
METHOD    __TYPEOF               REFUSED   [UNSUPPORTED] 'VltPkn_1198': the IDE refused to create its method '__TYPEOF': TwinCAT PLC automation call (ITcSmTreeItem:CreateChild) failed: Creating the child named '__TYPEOF' is not possible on node (Name mismatch)\nPath: 'TIPC^Untitled1^Untitled1 Project^VltPkn_1198' (I
METHOD    __TYPECLASS            REFUSED   [UNSUPPORTED] 'VltPkn_1199': the IDE refused to create its method '__TYPECLASS': TwinCAT PLC automation call (ITcSmTreeItem:CreateChild) failed: Creating the child named '__TYPECLASS' is not possible on node (Name mismatch)\nPath: 'TIPC^Untitled1^Untitled1 Project^VltPkn_11
METHOD    __INSTANCE             REFUSED   [UNSUPPORTED] 'VltPkn_1200': the IDE refused to create its method '__INSTANCE': TwinCAT PLC automation call (ITcSmTreeItem:CreateChild) failed: Creating the child named '__INSTANCE' is not possible on node (Name mismatch)\nPath: 'TIPC^Untitled1^Untitled1 Project^VltPkn_1200
METHOD    __MAXPOS               REFUSED   [UNSUPPORTED] 'VltPkn_1201': the IDE refused to create its method '__MAXPOS': TwinCAT PLC automation call (ITcSmTreeItem:CreateChild) failed: Creating the child named '__MAXPOS' is not possible on node (Name mismatch)\nPath: 'TIPC^Untitled1^Untitled1 Project^VltPkn_1201' (I

== summary (METHOD) ==
REFUSED UNSUPPORTED (742): BOOL_TO_BIT BOOL_TO_BYTE BOOL_TO_WORD BOOL_TO_DWORD BOOL_TO_LWORD BOOL_TO_SINT BOOL_TO_INT BOOL_TO_DINT BOOL_TO_LINT BOOL_TO_USINT BOOL_TO_UINT BOOL_TO_UDINT BOOL_TO_ULINT BOOL_TO_REAL BOOL_TO_LREAL BOOL_TO_TIME BOOL_TO_LTIME BOOL_TO_DATE BOOL_TO_TOD BOOL_TO_DT BOOL_TO_STRING BOOL_TO_WSTRING BOOL_TO___XINT BOOL_TO___UXINT BOOL_TO___XWORD BIT_TO_BOOL BIT_TO_BYTE BIT_TO_WORD BIT_TO_DWORD BIT_TO_LWORD BIT_TO_SINT BIT_TO_INT BIT_TO_DINT BIT_TO_LINT BIT_TO_USINT BIT_TO_UINT BIT_TO_UDINT BIT_TO_ULINT BIT_TO_REAL BIT_TO_LREAL BIT_TO_TIME BIT_TO_LTIME BIT_TO_DATE BIT_TO_TOD BIT_TO_DT BIT_TO_STRING BIT_TO_WSTRING BIT_TO___XINT BIT_TO___UXINT BIT_TO___XWORD BYTE_TO_BOOL BYTE_TO_BIT BYTE_TO_WORD BYTE_TO_DWORD BYTE_TO_LWORD BYTE_TO_SINT BYTE_TO_INT BYTE_TO_DINT BYTE_TO_LINT BYTE_TO_USINT BYTE_TO_UINT BYTE_TO_UDINT BYTE_TO_ULINT BYTE_TO_REAL BYTE_TO_LREAL BYTE_TO_TIME BYTE_TO_LTIME BYTE_TO_DATE BYTE_TO_TOD BYTE_TO_DT BYTE_TO_STRING BYTE_TO_WSTRING BYTE_TO___XINT BYTE_TO___UXINT BYTE_TO___XWORD WORD_TO_BOOL WORD_TO_BIT WORD_TO_BYTE WORD_TO_DWORD WORD_TO_LWORD WORD_TO_SINT WORD_TO_INT WORD_TO_DINT WORD_TO_LINT WORD_TO_USINT WORD_TO_UINT WORD_TO_UDINT WORD_TO_ULINT WORD_TO_REAL WORD_TO_LREAL WORD_TO_TIME WORD_TO_LTIME WORD_TO_DATE WORD_TO_TOD WORD_TO_DT WORD_TO_STRING WORD_TO_WSTRING WORD_TO___XINT WORD_TO___UXINT WORD_TO___XWORD DWORD_TO_BOOL DWORD_TO_BIT DWORD_TO_BYTE DWORD_TO_WORD DWORD_TO_LWORD DWORD_TO_SINT DWORD_TO_INT DWORD_TO_DINT DWORD_TO_LINT DWORD_TO_USINT DWORD_TO_UINT DWORD_TO_UDINT DWORD_TO_ULINT DWORD_TO_REAL DWORD_TO_LREAL DWORD_TO_TIME DWORD_TO_LTIME DWORD_TO_DATE DWORD_TO_TOD DWORD_TO_DT DWORD_TO_STRING DWORD_TO_WSTRING DWORD_TO___XINT DWORD_TO___UXINT DWORD_TO___XWORD LWORD_TO_BOOL LWORD_TO_BIT LWORD_TO_BYTE LWORD_TO_WORD LWORD_TO_DWORD LWORD_TO_SINT LWORD_TO_INT LWORD_TO_DINT LWORD_TO_LINT LWORD_TO_USINT LWORD_TO_UINT LWORD_TO_UDINT LWORD_TO_ULINT LWORD_TO_REAL LWORD_TO_LREAL LWORD_TO_TIME LWORD_TO_LTIME LWORD_TO_DATE LWORD_TO_TOD LWORD_TO_DT LWORD_TO_STRING LWORD_TO_WSTRING LWORD_TO___XINT LWORD_TO___UXINT LWORD_TO___XWORD SINT_TO_BOOL SINT_TO_BIT SINT_TO_BYTE SINT_TO_WORD SINT_TO_DWORD SINT_TO_LWORD SINT_TO_INT SINT_TO_DINT SINT_TO_LINT SINT_TO_USINT SINT_TO_UINT SINT_TO_UDINT SINT_TO_ULINT SINT_TO_REAL SINT_TO_LREAL SINT_TO_TIME SINT_TO_LTIME SINT_TO_DATE SINT_TO_TOD SINT_TO_DT SINT_TO_STRING SINT_TO_WSTRING SINT_TO___XINT SINT_TO___UXINT SINT_TO___XWORD INT_TO_BOOL INT_TO_BIT INT_TO_BYTE INT_TO_WORD INT_TO_DWORD INT_TO_LWORD INT_TO_SINT INT_TO_DINT INT_TO_LINT INT_TO_USINT INT_TO_UINT INT_TO_UDINT INT_TO_ULINT INT_TO_REAL INT_TO_LREAL INT_TO_TIME INT_TO_LTIME INT_TO_DATE INT_TO_TOD INT_TO_DT INT_TO_STRING INT_TO_WSTRING INT_TO___XINT INT_TO___UXINT INT_TO___XWORD DINT_TO_BOOL DINT_TO_BIT DINT_TO_BYTE DINT_TO_WORD DINT_TO_DWORD DINT_TO_LWORD DINT_TO_SINT DINT_TO_INT DINT_TO_LINT DINT_TO_USINT DINT_TO_UINT DINT_TO_UDINT DINT_TO_ULINT DINT_TO_REAL DINT_TO_LREAL DINT_TO_TIME DINT_TO_LTIME DINT_TO_DATE DINT_TO_TOD DINT_TO_DT DINT_TO_STRING DINT_TO_WSTRING DINT_TO___XINT DINT_TO___UXINT DINT_TO___XWORD LINT_TO_BOOL LINT_TO_BIT LINT_TO_BYTE LINT_TO_WORD LINT_TO_DWORD LINT_TO_LWORD LINT_TO_SINT LINT_TO_INT LINT_TO_DINT LINT_TO_USINT LINT_TO_UINT LINT_TO_UDINT LINT_TO_ULINT LINT_TO_REAL LINT_TO_LREAL LINT_TO_TIME LINT_TO_LTIME LINT_TO_DATE LINT_TO_TOD LINT_TO_DT LINT_TO_STRING LINT_TO_WSTRING LINT_TO___XINT LINT_TO___UXINT LINT_TO___XWORD USINT_TO_BOOL USINT_TO_BIT USINT_TO_BYTE USINT_TO_WORD USINT_TO_DWORD USINT_TO_LWORD USINT_TO_SINT USINT_TO_INT USINT_TO_DINT USINT_TO_LINT USINT_TO_UINT USINT_TO_UDINT USINT_TO_ULINT USINT_TO_REAL USINT_TO_LREAL USINT_TO_TIME USINT_TO_LTIME USINT_TO_DATE USINT_TO_TOD USINT_TO_DT USINT_TO_STRING USINT_TO_WSTRING USINT_TO___XINT USINT_TO___UXINT USINT_TO___XWORD UINT_TO_BOOL UINT_TO_BIT UINT_TO_BYTE UINT_TO_WORD UINT_TO_DWORD UINT_TO_LWORD UINT_TO_SINT UINT_TO_INT UINT_TO_DINT UINT_TO_LINT UINT_TO_USINT UINT_TO_UDINT UINT_TO_ULINT UINT_TO_REAL UINT_TO_LREAL UINT_TO_TIME UINT_TO_LTIME UINT_TO_DATE UINT_TO_TOD UINT_TO_DT UINT_TO_STRING UINT_TO_WSTRING UINT_TO___XINT UINT_TO___UXINT UINT_TO___XWORD UDINT_TO_BOOL UDINT_TO_BIT UDINT_TO_BYTE UDINT_TO_WORD UDINT_TO_DWORD UDINT_TO_LWORD UDINT_TO_SINT UDINT_TO_INT UDINT_TO_DINT UDINT_TO_LINT UDINT_TO_USINT UDINT_TO_UINT UDINT_TO_ULINT UDINT_TO_REAL UDINT_TO_LREAL UDINT_TO_TIME UDINT_TO_LTIME UDINT_TO_DATE UDINT_TO_TOD UDINT_TO_DT UDINT_TO_STRING UDINT_TO_WSTRING UDINT_TO___XINT UDINT_TO___UXINT UDINT_TO___XWORD ULINT_TO_BOOL ULINT_TO_BIT ULINT_TO_BYTE ULINT_TO_WORD ULINT_TO_DWORD ULINT_TO_LWORD ULINT_TO_SINT ULINT_TO_INT ULINT_TO_DINT ULINT_TO_LINT ULINT_TO_USINT ULINT_TO_UINT ULINT_TO_UDINT ULINT_TO_REAL ULINT_TO_LREAL ULINT_TO_TIME ULINT_TO_LTIME ULINT_TO_DATE ULINT_TO_TOD ULINT_TO_DT ULINT_TO_STRING ULINT_TO_WSTRING ULINT_TO___XINT ULINT_TO___UXINT ULINT_TO___XWORD REAL_TO_BOOL REAL_TO_BIT REAL_TO_BYTE REAL_TO_WORD REAL_TO_DWORD REAL_TO_LWORD REAL_TO_SINT REAL_TO_INT REAL_TO_DINT REAL_TO_LINT REAL_TO_USINT REAL_TO_UINT REAL_TO_UDINT REAL_TO_ULINT REAL_TO_LREAL REAL_TO_TIME REAL_TO_LTIME REAL_TO_DATE REAL_TO_TOD REAL_TO_DT REAL_TO_STRING REAL_TO_WSTRING REAL_TO___XINT REAL_TO___UXINT REAL_TO___XWORD LREAL_TO_BOOL LREAL_TO_BIT LREAL_TO_BYTE LREAL_TO_WORD LREAL_TO_DWORD LREAL_TO_LWORD LREAL_TO_SINT LREAL_TO_INT LREAL_TO_DINT LREAL_TO_LINT LREAL_TO_USINT LREAL_TO_UINT LREAL_TO_UDINT LREAL_TO_ULINT LREAL_TO_REAL LREAL_TO_TIME LREAL_TO_LTIME LREAL_TO_DATE LREAL_TO_TOD LREAL_TO_DT LREAL_TO_STRING LREAL_TO_WSTRING LREAL_TO___XINT LREAL_TO___UXINT LREAL_TO___XWORD TIME_TO_BOOL TIME_TO_BIT TIME_TO_BYTE TIME_TO_WORD TIME_TO_DWORD TIME_TO_LWORD TIME_TO_SINT TIME_TO_INT TIME_TO_DINT TIME_TO_LINT TIME_TO_USINT TIME_TO_UINT TIME_TO_UDINT TIME_TO_ULINT TIME_TO_REAL TIME_TO_LREAL TIME_TO_LTIME TIME_TO_DATE TIME_TO_TOD TIME_TO_DT TIME_TO_STRING TIME_TO_WSTRING TIME_TO___XINT TIME_TO___UXINT TIME_TO___XWORD LTIME_TO_BOOL LTIME_TO_BIT LTIME_TO_BYTE LTIME_TO_WORD LTIME_TO_DWORD LTIME_TO_LWORD LTIME_TO_SINT LTIME_TO_INT LTIME_TO_DINT LTIME_TO_LINT LTIME_TO_USINT LTIME_TO_UINT LTIME_TO_UDINT LTIME_TO_ULINT LTIME_TO_REAL LTIME_TO_LREAL LTIME_TO_TIME LTIME_TO_DATE LTIME_TO_TOD LTIME_TO_DT LTIME_TO_STRING LTIME_TO_WSTRING LTIME_TO___XINT LTIME_TO___UXINT LTIME_TO___XWORD DATE_TO_BOOL DATE_TO_BIT DATE_TO_BYTE DATE_TO_WORD DATE_TO_DWORD DATE_TO_LWORD DATE_TO_SINT DATE_TO_INT DATE_TO_DINT DATE_TO_LINT DATE_TO_USINT DATE_TO_UINT DATE_TO_UDINT DATE_TO_ULINT DATE_TO_REAL DATE_TO_LREAL DATE_TO_TIME DATE_TO_LTIME DATE_TO_TOD DATE_TO_DT DATE_TO_STRING DATE_TO_WSTRING DATE_TO___XINT DATE_TO___UXINT DATE_TO___XWORD TOD_TO_BOOL TOD_TO_BIT TOD_TO_BYTE TOD_TO_WORD TOD_TO_DWORD TOD_TO_LWORD TOD_TO_SINT TOD_TO_INT TOD_TO_DINT TOD_TO_LINT TOD_TO_USINT TOD_TO_UINT TOD_TO_UDINT TOD_TO_ULINT TOD_TO_REAL TOD_TO_LREAL TOD_TO_TIME TOD_TO_LTIME TOD_TO_DATE TOD_TO_DT TOD_TO_STRING TOD_TO_WSTRING TOD_TO___XINT TOD_TO___UXINT TOD_TO___XWORD DT_TO_BOOL DT_TO_BIT DT_TO_BYTE DT_TO_WORD DT_TO_DWORD DT_TO_LWORD DT_TO_SINT DT_TO_INT DT_TO_DINT DT_TO_LINT DT_TO_USINT DT_TO_UINT DT_TO_UDINT DT_TO_ULINT DT_TO_REAL DT_TO_LREAL DT_TO_TIME DT_TO_LTIME DT_TO_DATE DT_TO_TOD DT_TO_STRING DT_TO_WSTRING DT_TO___XINT DT_TO___UXINT DT_TO___XWORD LDATE_TO___XINT LDATE_TO___UXINT LDATE_TO___XWORD LTOD_TO___XINT LTOD_TO___UXINT LTOD_TO___XWORD LDT_TO___XINT LDT_TO___UXINT LDT_TO___XWORD STRING_TO_BOOL STRING_TO_BIT STRING_TO_BYTE STRING_TO_WORD STRING_TO_DWORD STRING_TO_LWORD STRING_TO_SINT STRING_TO_INT STRING_TO_DINT STRING_TO_LINT STRING_TO_USINT STRING_TO_UINT STRING_TO_UDINT STRING_TO_ULINT STRING_TO_REAL STRING_TO_LREAL STRING_TO_TIME STRING_TO_LTIME STRING_TO_DATE STRING_TO_TOD STRING_TO_DT STRING_TO_WSTRING STRING_TO___XINT STRING_TO___UXINT STRING_TO___XWORD WSTRING_TO_BOOL WSTRING_TO_BIT WSTRING_TO_BYTE WSTRING_TO_WORD WSTRING_TO_DWORD WSTRING_TO_LWORD WSTRING_TO_SINT WSTRING_TO_INT WSTRING_TO_DINT WSTRING_TO_LINT WSTRING_TO_USINT WSTRING_TO_UINT WSTRING_TO_UDINT WSTRING_TO_ULINT WSTRING_TO_REAL WSTRING_TO_LREAL WSTRING_TO_TIME WSTRING_TO_LTIME WSTRING_TO_DATE WSTRING_TO_TOD WSTRING_TO_DT WSTRING_TO_STRING WSTRING_TO___XINT WSTRING_TO___UXINT WSTRING_TO___XWORD TIME_OF_DAY_TO___XINT TIME_OF_DAY_TO___UXINT TIME_OF_DAY_TO___XWORD DATE_AND_TIME_TO___XINT DATE_AND_TIME_TO___UXINT DATE_AND_TIME_TO___XWORD LDATE_AND_TIME_TO___XINT LDATE_AND_TIME_TO___UXINT LDATE_AND_TIME_TO___XWORD LTIME_OF_DAY_TO___XINT LTIME_OF_DAY_TO___UXINT LTIME_OF_DAY_TO___XWORD __XINT_TO_BOOL __XINT_TO_BIT __XINT_TO_BYTE __XINT_TO_WORD __XINT_TO_DWORD __XINT_TO_LWORD __XINT_TO_SINT __XINT_TO_INT __XINT_TO_DINT __XINT_TO_LINT __XINT_TO_USINT __XINT_TO_UINT __XINT_TO_UDINT __XINT_TO_ULINT __XINT_TO_REAL __XINT_TO_LREAL __XINT_TO_TIME __XINT_TO_LTIME __XINT_TO_DATE __XINT_TO_TOD __XINT_TO_DT __XINT_TO_LDATE __XINT_TO_LTOD __XINT_TO_LDT __XINT_TO_STRING __XINT_TO_WSTRING __XINT_TO_TIME_OF_DAY __XINT_TO_DATE_AND_TIME __XINT_TO_LDATE_AND_TIME __XINT_TO_LTIME_OF_DAY __XINT_TO___UXINT __XINT_TO___XWORD __UXINT_TO_BOOL __UXINT_TO_BIT __UXINT_TO_BYTE __UXINT_TO_WORD __UXINT_TO_DWORD __UXINT_TO_LWORD __UXINT_TO_SINT __UXINT_TO_INT __UXINT_TO_DINT __UXINT_TO_LINT __UXINT_TO_USINT __UXINT_TO_UINT __UXINT_TO_UDINT __UXINT_TO_ULINT __UXINT_TO_REAL __UXINT_TO_LREAL __UXINT_TO_TIME __UXINT_TO_LTIME __UXINT_TO_DATE __UXINT_TO_TOD __UXINT_TO_DT __UXINT_TO_LDATE __UXINT_TO_LTOD __UXINT_TO_LDT __UXINT_TO_STRING __UXINT_TO_WSTRING __UXINT_TO_TIME_OF_DAY __UXINT_TO_DATE_AND_TIME __UXINT_TO_LDATE_AND_TIME __UXINT_TO_LTIME_OF_DAY __UXINT_TO___XINT __UXINT_TO___XWORD __XWORD_TO_BOOL __XWORD_TO_BIT __XWORD_TO_BYTE __XWORD_TO_WORD __XWORD_TO_DWORD __XWORD_TO_LWORD __XWORD_TO_SINT __XWORD_TO_INT __XWORD_TO_DINT __XWORD_TO_LINT __XWORD_TO_USINT __XWORD_TO_UINT __XWORD_TO_UDINT __XWORD_TO_ULINT __XWORD_TO_REAL __XWORD_TO_LREAL __XWORD_TO_TIME __XWORD_TO_LTIME __XWORD_TO_DATE __XWORD_TO_TOD __XWORD_TO_DT __XWORD_TO_LDATE __XWORD_TO_LTOD __XWORD_TO_LDT __XWORD_TO_STRING __XWORD_TO_WSTRING __XWORD_TO_TIME_OF_DAY __XWORD_TO_DATE_AND_TIME __XWORD_TO_LDATE_AND_TIME __XWORD_TO_LTIME_OF_DAY __XWORD_TO___XINT __XWORD_TO___UXINT TO_BOOL TO_BIT TO_BYTE TO_WORD TO_DWORD TO_LWORD TO_SINT TO_INT TO_DINT TO_LINT TO_USINT TO_UINT TO_UDINT TO_ULINT TO_REAL TO_LREAL TO_TIME TO_LTIME TO_DATE TO_TOD TO_DT TO_STRING TO_WSTRING TO___XINT TO___UXINT TO___XWORD TRUNC_INT TRUNC___XINT TRUNC___UXINT TRUNC___XWORD ANY_BIT ANY_STRING ANY_DATE __Foo a__b __LAZY __ISVALIDREF_ __SYSTEM_ __NEW_ __CURRENTTASK2 __PROPERTYINFO __FOO __ADR __BITADR __UNREACHABLE __ISVALIDINTERFACE __TYPEOF __TYPECLASS __INSTANCE __MAXPOS
ACCEPTED (459): BOOL_TO_LDATE BOOL_TO_LTOD BOOL_TO_LDT BOOL_TO_TIME_OF_DAY BOOL_TO_DATE_AND_TIME BOOL_TO_LDATE_AND_TIME BOOL_TO_LTIME_OF_DAY BIT_TO_LDATE BIT_TO_LTOD BIT_TO_LDT BIT_TO_TIME_OF_DAY BIT_TO_DATE_AND_TIME BIT_TO_LDATE_AND_TIME BIT_TO_LTIME_OF_DAY BYTE_TO_LDATE BYTE_TO_LTOD BYTE_TO_LDT BYTE_TO_TIME_OF_DAY BYTE_TO_DATE_AND_TIME BYTE_TO_LDATE_AND_TIME BYTE_TO_LTIME_OF_DAY WORD_TO_LDATE WORD_TO_LTOD WORD_TO_LDT WORD_TO_TIME_OF_DAY WORD_TO_DATE_AND_TIME WORD_TO_LDATE_AND_TIME WORD_TO_LTIME_OF_DAY DWORD_TO_LDATE DWORD_TO_LTOD DWORD_TO_LDT DWORD_TO_TIME_OF_DAY DWORD_TO_DATE_AND_TIME DWORD_TO_LDATE_AND_TIME DWORD_TO_LTIME_OF_DAY LWORD_TO_LDATE LWORD_TO_LTOD LWORD_TO_LDT LWORD_TO_TIME_OF_DAY LWORD_TO_DATE_AND_TIME LWORD_TO_LDATE_AND_TIME LWORD_TO_LTIME_OF_DAY SINT_TO_LDATE SINT_TO_LTOD SINT_TO_LDT SINT_TO_TIME_OF_DAY SINT_TO_DATE_AND_TIME SINT_TO_LDATE_AND_TIME SINT_TO_LTIME_OF_DAY INT_TO_LDATE INT_TO_LTOD INT_TO_LDT INT_TO_TIME_OF_DAY INT_TO_DATE_AND_TIME INT_TO_LDATE_AND_TIME INT_TO_LTIME_OF_DAY DINT_TO_LDATE DINT_TO_LTOD DINT_TO_LDT DINT_TO_TIME_OF_DAY DINT_TO_DATE_AND_TIME DINT_TO_LDATE_AND_TIME DINT_TO_LTIME_OF_DAY LINT_TO_LDATE LINT_TO_LTOD LINT_TO_LDT LINT_TO_TIME_OF_DAY LINT_TO_DATE_AND_TIME LINT_TO_LDATE_AND_TIME LINT_TO_LTIME_OF_DAY USINT_TO_LDATE USINT_TO_LTOD USINT_TO_LDT USINT_TO_TIME_OF_DAY USINT_TO_DATE_AND_TIME USINT_TO_LDATE_AND_TIME USINT_TO_LTIME_OF_DAY UINT_TO_LDATE UINT_TO_LTOD UINT_TO_LDT UINT_TO_TIME_OF_DAY UINT_TO_DATE_AND_TIME UINT_TO_LDATE_AND_TIME UINT_TO_LTIME_OF_DAY UDINT_TO_LDATE UDINT_TO_LTOD UDINT_TO_LDT UDINT_TO_TIME_OF_DAY UDINT_TO_DATE_AND_TIME UDINT_TO_LDATE_AND_TIME UDINT_TO_LTIME_OF_DAY ULINT_TO_LDATE ULINT_TO_LTOD ULINT_TO_LDT ULINT_TO_TIME_OF_DAY ULINT_TO_DATE_AND_TIME ULINT_TO_LDATE_AND_TIME ULINT_TO_LTIME_OF_DAY REAL_TO_LDATE REAL_TO_LTOD REAL_TO_LDT REAL_TO_TIME_OF_DAY REAL_TO_DATE_AND_TIME REAL_TO_LDATE_AND_TIME REAL_TO_LTIME_OF_DAY LREAL_TO_LDATE LREAL_TO_LTOD LREAL_TO_LDT LREAL_TO_TIME_OF_DAY LREAL_TO_DATE_AND_TIME LREAL_TO_LDATE_AND_TIME LREAL_TO_LTIME_OF_DAY TIME_TO_LDATE TIME_TO_LTOD TIME_TO_LDT TIME_TO_TIME_OF_DAY TIME_TO_DATE_AND_TIME TIME_TO_LDATE_AND_TIME TIME_TO_LTIME_OF_DAY LTIME_TO_LDATE LTIME_TO_LTOD LTIME_TO_LDT LTIME_TO_TIME_OF_DAY LTIME_TO_DATE_AND_TIME LTIME_TO_LDATE_AND_TIME LTIME_TO_LTIME_OF_DAY DATE_TO_LDATE DATE_TO_LTOD DATE_TO_LDT DATE_TO_TIME_OF_DAY DATE_TO_DATE_AND_TIME DATE_TO_LDATE_AND_TIME DATE_TO_LTIME_OF_DAY TOD_TO_LDATE TOD_TO_LTOD TOD_TO_LDT TOD_TO_TIME_OF_DAY TOD_TO_DATE_AND_TIME TOD_TO_LDATE_AND_TIME TOD_TO_LTIME_OF_DAY DT_TO_LDATE DT_TO_LTOD DT_TO_LDT DT_TO_TIME_OF_DAY DT_TO_DATE_AND_TIME DT_TO_LDATE_AND_TIME DT_TO_LTIME_OF_DAY LDATE_TO_BOOL LDATE_TO_BIT LDATE_TO_BYTE LDATE_TO_WORD LDATE_TO_DWORD LDATE_TO_LWORD LDATE_TO_SINT LDATE_TO_INT LDATE_TO_DINT LDATE_TO_LINT LDATE_TO_USINT LDATE_TO_UINT LDATE_TO_UDINT LDATE_TO_ULINT LDATE_TO_REAL LDATE_TO_LREAL LDATE_TO_TIME LDATE_TO_LTIME LDATE_TO_DATE LDATE_TO_TOD LDATE_TO_DT LDATE_TO_LTOD LDATE_TO_LDT LDATE_TO_STRING LDATE_TO_WSTRING LDATE_TO_TIME_OF_DAY LDATE_TO_DATE_AND_TIME LDATE_TO_LDATE_AND_TIME LDATE_TO_LTIME_OF_DAY LTOD_TO_BOOL LTOD_TO_BIT LTOD_TO_BYTE LTOD_TO_WORD LTOD_TO_DWORD LTOD_TO_LWORD LTOD_TO_SINT LTOD_TO_INT LTOD_TO_DINT LTOD_TO_LINT LTOD_TO_USINT LTOD_TO_UINT LTOD_TO_UDINT LTOD_TO_ULINT LTOD_TO_REAL LTOD_TO_LREAL LTOD_TO_TIME LTOD_TO_LTIME LTOD_TO_DATE LTOD_TO_TOD LTOD_TO_DT LTOD_TO_LDATE LTOD_TO_LDT LTOD_TO_STRING LTOD_TO_WSTRING LTOD_TO_TIME_OF_DAY LTOD_TO_DATE_AND_TIME LTOD_TO_LDATE_AND_TIME LTOD_TO_LTIME_OF_DAY LDT_TO_BOOL LDT_TO_BIT LDT_TO_BYTE LDT_TO_WORD LDT_TO_DWORD LDT_TO_LWORD LDT_TO_SINT LDT_TO_INT LDT_TO_DINT LDT_TO_LINT LDT_TO_USINT LDT_TO_UINT LDT_TO_UDINT LDT_TO_ULINT LDT_TO_REAL LDT_TO_LREAL LDT_TO_TIME LDT_TO_LTIME LDT_TO_DATE LDT_TO_TOD LDT_TO_DT LDT_TO_LDATE LDT_TO_LTOD LDT_TO_STRING LDT_TO_WSTRING LDT_TO_TIME_OF_DAY LDT_TO_DATE_AND_TIME LDT_TO_LDATE_AND_TIME LDT_TO_LTIME_OF_DAY STRING_TO_LDATE STRING_TO_LTOD STRING_TO_LDT STRING_TO_TIME_OF_DAY STRING_TO_DATE_AND_TIME STRING_TO_LDATE_AND_TIME STRING_TO_LTIME_OF_DAY WSTRING_TO_LDATE WSTRING_TO_LTOD WSTRING_TO_LDT WSTRING_TO_TIME_OF_DAY WSTRING_TO_DATE_AND_TIME WSTRING_TO_LDATE_AND_TIME WSTRING_TO_LTIME_OF_DAY TIME_OF_DAY_TO_BOOL TIME_OF_DAY_TO_BIT TIME_OF_DAY_TO_BYTE TIME_OF_DAY_TO_WORD TIME_OF_DAY_TO_DWORD TIME_OF_DAY_TO_LWORD TIME_OF_DAY_TO_SINT TIME_OF_DAY_TO_INT TIME_OF_DAY_TO_DINT TIME_OF_DAY_TO_LINT TIME_OF_DAY_TO_USINT TIME_OF_DAY_TO_UINT TIME_OF_DAY_TO_UDINT TIME_OF_DAY_TO_ULINT TIME_OF_DAY_TO_REAL TIME_OF_DAY_TO_LREAL TIME_OF_DAY_TO_TIME TIME_OF_DAY_TO_LTIME TIME_OF_DAY_TO_DATE TIME_OF_DAY_TO_TOD TIME_OF_DAY_TO_DT TIME_OF_DAY_TO_LDATE TIME_OF_DAY_TO_LTOD TIME_OF_DAY_TO_LDT TIME_OF_DAY_TO_STRING TIME_OF_DAY_TO_WSTRING TIME_OF_DAY_TO_DATE_AND_TIME TIME_OF_DAY_TO_LDATE_AND_TIME TIME_OF_DAY_TO_LTIME_OF_DAY DATE_AND_TIME_TO_BOOL DATE_AND_TIME_TO_BIT DATE_AND_TIME_TO_BYTE DATE_AND_TIME_TO_WORD DATE_AND_TIME_TO_DWORD DATE_AND_TIME_TO_LWORD DATE_AND_TIME_TO_SINT DATE_AND_TIME_TO_INT DATE_AND_TIME_TO_DINT DATE_AND_TIME_TO_LINT DATE_AND_TIME_TO_USINT DATE_AND_TIME_TO_UINT DATE_AND_TIME_TO_UDINT DATE_AND_TIME_TO_ULINT DATE_AND_TIME_TO_REAL DATE_AND_TIME_TO_LREAL DATE_AND_TIME_TO_TIME DATE_AND_TIME_TO_LTIME DATE_AND_TIME_TO_DATE DATE_AND_TIME_TO_TOD DATE_AND_TIME_TO_DT DATE_AND_TIME_TO_LDATE DATE_AND_TIME_TO_LTOD DATE_AND_TIME_TO_LDT DATE_AND_TIME_TO_STRING DATE_AND_TIME_TO_WSTRING DATE_AND_TIME_TO_TIME_OF_DAY DATE_AND_TIME_TO_LDATE_AND_TIME DATE_AND_TIME_TO_LTIME_OF_DAY LDATE_AND_TIME_TO_BOOL LDATE_AND_TIME_TO_BIT LDATE_AND_TIME_TO_BYTE LDATE_AND_TIME_TO_WORD LDATE_AND_TIME_TO_DWORD LDATE_AND_TIME_TO_LWORD LDATE_AND_TIME_TO_SINT LDATE_AND_TIME_TO_INT LDATE_AND_TIME_TO_DINT LDATE_AND_TIME_TO_LINT LDATE_AND_TIME_TO_USINT LDATE_AND_TIME_TO_UINT LDATE_AND_TIME_TO_UDINT LDATE_AND_TIME_TO_ULINT LDATE_AND_TIME_TO_REAL LDATE_AND_TIME_TO_LREAL LDATE_AND_TIME_TO_TIME LDATE_AND_TIME_TO_LTIME LDATE_AND_TIME_TO_DATE LDATE_AND_TIME_TO_TOD LDATE_AND_TIME_TO_DT LDATE_AND_TIME_TO_LDATE LDATE_AND_TIME_TO_LTOD LDATE_AND_TIME_TO_LDT LDATE_AND_TIME_TO_STRING LDATE_AND_TIME_TO_WSTRING LDATE_AND_TIME_TO_TIME_OF_DAY LDATE_AND_TIME_TO_DATE_AND_TIME LDATE_AND_TIME_TO_LTIME_OF_DAY LTIME_OF_DAY_TO_BOOL LTIME_OF_DAY_TO_BIT LTIME_OF_DAY_TO_BYTE LTIME_OF_DAY_TO_WORD LTIME_OF_DAY_TO_DWORD LTIME_OF_DAY_TO_LWORD LTIME_OF_DAY_TO_SINT LTIME_OF_DAY_TO_INT LTIME_OF_DAY_TO_DINT LTIME_OF_DAY_TO_LINT LTIME_OF_DAY_TO_USINT LTIME_OF_DAY_TO_UINT LTIME_OF_DAY_TO_UDINT LTIME_OF_DAY_TO_ULINT LTIME_OF_DAY_TO_REAL LTIME_OF_DAY_TO_LREAL LTIME_OF_DAY_TO_TIME LTIME_OF_DAY_TO_LTIME LTIME_OF_DAY_TO_DATE LTIME_OF_DAY_TO_TOD LTIME_OF_DAY_TO_DT LTIME_OF_DAY_TO_LDATE LTIME_OF_DAY_TO_LTOD LTIME_OF_DAY_TO_LDT LTIME_OF_DAY_TO_STRING LTIME_OF_DAY_TO_WSTRING LTIME_OF_DAY_TO_TIME_OF_DAY LTIME_OF_DAY_TO_DATE_AND_TIME LTIME_OF_DAY_TO_LDATE_AND_TIME TO_LDATE TO_LTOD TO_LDT TO_TIME_OF_DAY TO_DATE_AND_TIME TO_LDATE_AND_TIME TO_LTIME_OF_DAY TRUNC_BOOL TRUNC_BIT TRUNC_BYTE TRUNC_WORD TRUNC_DWORD TRUNC_LWORD TRUNC_SINT TRUNC_DINT TRUNC_LINT TRUNC_USINT TRUNC_UINT TRUNC_UDINT TRUNC_ULINT TRUNC_REAL TRUNC_LREAL TRUNC_TIME TRUNC_LTIME TRUNC_DATE TRUNC_TOD TRUNC_DT TRUNC_LDATE TRUNC_LTOD TRUNC_LDT TRUNC_STRING TRUNC_WSTRING TRUNC_TIME_OF_DAY TRUNC_DATE_AND_TIME TRUNC_LDATE_AND_TIME TRUNC_LTIME_OF_DAY ANY_ELEMENTARY ANY_DERIVED ANY_MAGNITUDE ANY_SIGNED ANY_UNSIGNED ANY_DURATION ANY_CHAR ANY_CHARS ANY_INTEGER ANY_FLOAT ANY_TYPE ANY_POINTER ANY_FOO CHAR WCHAR UCHAR UTF8 _Foo Foo_ EN ENO NIL NULL LABEL CONFIGURATION END_CONFIGURATION RESOURCE END_RESOURCE TASK STEP END_STEP INITIAL_STEP TRANSITION END_TRANSITION ON PRIORITY SINGLE INTERVAL OVERLAP ROUND FLOOR CEIL SIGN ATAN2 LAZY UNION_ BOOL_ INT2 TO_ TO_FOO FOO_TO_INT INT_TO_FOO DINT_TO TRUNC_ TRUNC_FOO BCD_TO_INT INT_TO_BCD BCD_TO_DINT DWORD_TO_BCD
elapsed 1588 s
