pipe volt.bridge.codesys.13812 · 2026-10-03T02:40:52.993Z · 274 words

== 1. METHOD <word> on a new FB ==
METHOD    FUNCTION_BLOCK         REFUSED   [UNSUPPORTED] 'VltPkn_1': the IDE refused to create its method 'FUNCTION_BLOCK': The name 'FUNCTION_BLOCK' is not valid for this object. — 'VltPkn_1' is not created (the create is rolled back)
METHOD    END_FUNCTION_BLOCK     REFUSED   [UNSUPPORTED] 'VltPkn_2': the IDE refused to create its method 'END_FUNCTION_BLOCK': The name 'END_FUNCTION_BLOCK' is not valid for this object. — 'VltPkn_2' is not created (the create is rolled back)
METHOD    PROGRAM                REFUSED   [UNSUPPORTED] 'VltPkn_3': the IDE refused to create its method 'PROGRAM': The name 'PROGRAM' is not valid for this object. — 'VltPkn_3' is not created (the create is rolled back)
METHOD    END_PROGRAM            REFUSED   [UNSUPPORTED] 'VltPkn_4': the IDE refused to create its method 'END_PROGRAM': The name 'END_PROGRAM' is not valid for this object. — 'VltPkn_4' is not created (the create is rolled back)
METHOD    FUNCTION               REFUSED   [UNSUPPORTED] 'VltPkn_5': the IDE refused to create its method 'FUNCTION': The name 'FUNCTION' is not valid for this object. — 'VltPkn_5' is not created (the create is rolled back)
METHOD    END_FUNCTION           REFUSED   [UNSUPPORTED] 'VltPkn_6': the IDE refused to create its method 'END_FUNCTION': The name 'END_FUNCTION' is not valid for this object. — 'VltPkn_6' is not created (the create is rolled back)
METHOD    METHOD                 REFUSED   [UNSUPPORTED] 'VltPkn_7': the IDE refused to create its method 'METHOD': The name 'METHOD' is not valid for this object. — 'VltPkn_7' is not created (the create is rolled back)
METHOD    END_METHOD             REFUSED   [INVALID_ST] 'VltPkn_8', line 9: END_METHOD stands after code on its line. An END line opens its own line, which is where the push reads it; put it on a line of its own.
METHOD    ACTION                 REFUSED   [UNSUPPORTED] 'VltPkn_9': the IDE refused to create its method 'ACTION': The name 'ACTION' is not valid for this object. — 'VltPkn_9' is not created (the create is rolled back)
METHOD    END_ACTION             REFUSED   [UNSUPPORTED] 'VltPkn_10': the IDE refused to create its method 'END_ACTION': The name 'END_ACTION' is not valid for this object. — 'VltPkn_10' is not created (the create is rolled back)
METHOD    PROPERTY               REFUSED   [UNSUPPORTED] 'VltPkn_11': the IDE refused to create its method 'PROPERTY': The name 'PROPERTY' is not valid for this object. — 'VltPkn_11' is not created (the create is rolled back)
METHOD    END_PROPERTY           REFUSED   [UNSUPPORTED] 'VltPkn_12': the IDE refused to create its method 'END_PROPERTY': The name 'END_PROPERTY' is not valid for this object. — 'VltPkn_12' is not created (the create is rolled back)
METHOD    END_GET                ACCEPTED 
METHOD    END_SET                ACCEPTED 
METHOD    INTERFACE              REFUSED   [UNSUPPORTED] 'VltPkn_15': the IDE refused to create its method 'INTERFACE': The name 'INTERFACE' is not valid for this object. — 'VltPkn_15' is not created (the create is rolled back)
METHOD    END_INTERFACE          REFUSED   [UNSUPPORTED] 'VltPkn_16': the IDE refused to create its method 'END_INTERFACE': The name 'END_INTERFACE' is not valid for this object. — 'VltPkn_16' is not created (the create is rolled back)
METHOD    TYPE                   REFUSED   [UNSUPPORTED] 'VltPkn_17': the IDE refused to create its method 'TYPE': The name 'TYPE' is not valid for this object. — 'VltPkn_17' is not created (the create is rolled back)
METHOD    END_TYPE               REFUSED   [UNSUPPORTED] 'VltPkn_18': the IDE refused to create its method 'END_TYPE': The name 'END_TYPE' is not valid for this object. — 'VltPkn_18' is not created (the create is rolled back)
METHOD    STRUCT                 REFUSED   [UNSUPPORTED] 'VltPkn_19': the IDE refused to create its method 'STRUCT': The name 'STRUCT' is not valid for this object. — 'VltPkn_19' is not created (the create is rolled back)
METHOD    END_STRUCT             REFUSED   [UNSUPPORTED] 'VltPkn_20': the IDE refused to create its method 'END_STRUCT': The name 'END_STRUCT' is not valid for this object. — 'VltPkn_20' is not created (the create is rolled back)
METHOD    UNION                  REFUSED   [UNSUPPORTED] 'VltPkn_21': the IDE refused to create its method 'UNION': The name 'UNION' is not valid for this object. — 'VltPkn_21' is not created (the create is rolled back)
METHOD    END_UNION              REFUSED   [UNSUPPORTED] 'VltPkn_22': the IDE refused to create its method 'END_UNION': The name 'END_UNION' is not valid for this object. — 'VltPkn_22' is not created (the create is rolled back)
METHOD    VAR                    REFUSED   [UNSUPPORTED] 'VltPkn_23': the IDE refused to create its method 'VAR': The name 'VAR' is not valid for this object. — 'VltPkn_23' is not created (the create is rolled back)
METHOD    VAR_INPUT              REFUSED   [UNSUPPORTED] 'VltPkn_24': the IDE refused to create its method 'VAR_INPUT': The name 'VAR_INPUT' is not valid for this object. — 'VltPkn_24' is not created (the create is rolled back)
METHOD    VAR_OUTPUT             REFUSED   [UNSUPPORTED] 'VltPkn_25': the IDE refused to create its method 'VAR_OUTPUT': The name 'VAR_OUTPUT' is not valid for this object. — 'VltPkn_25' is not created (the create is rolled back)
METHOD    VAR_IN_OUT             REFUSED   [UNSUPPORTED] 'VltPkn_26': the IDE refused to create its method 'VAR_IN_OUT': The name 'VAR_IN_OUT' is not valid for this object. — 'VltPkn_26' is not created (the create is rolled back)
METHOD    VAR_TEMP               REFUSED   [UNSUPPORTED] 'VltPkn_27': the IDE refused to create its method 'VAR_TEMP': The name 'VAR_TEMP' is not valid for this object. — 'VltPkn_27' is not created (the create is rolled back)
METHOD    VAR_STAT               REFUSED   [UNSUPPORTED] 'VltPkn_28': the IDE refused to create its method 'VAR_STAT': The name 'VAR_STAT' is not valid for this object. — 'VltPkn_28' is not created (the create is rolled back)
METHOD    VAR_INST               REFUSED   [UNSUPPORTED] 'VltPkn_29': the IDE refused to create its method 'VAR_INST': The name 'VAR_INST' is not valid for this object. — 'VltPkn_29' is not created (the create is rolled back)
METHOD    VAR_EXTERNAL           REFUSED   [UNSUPPORTED] 'VltPkn_30': the IDE refused to create its method 'VAR_EXTERNAL': The name 'VAR_EXTERNAL' is not valid for this object. — 'VltPkn_30' is not created (the create is rolled back)
METHOD    VAR_GLOBAL             REFUSED   [UNSUPPORTED] 'VltPkn_31': the IDE refused to create its method 'VAR_GLOBAL': The name 'VAR_GLOBAL' is not valid for this object. — 'VltPkn_31' is not created (the create is rolled back)
METHOD    VAR_CONFIG             REFUSED   [UNSUPPORTED] 'VltPkn_32': the IDE refused to create its method 'VAR_CONFIG': The name 'VAR_CONFIG' is not valid for this object. — 'VltPkn_32' is not created (the create is rolled back)
METHOD    VAR_ACCESS             REFUSED   [UNSUPPORTED] 'VltPkn_33': the IDE refused to create its method 'VAR_ACCESS': The name 'VAR_ACCESS' is not valid for this object. — 'VltPkn_33' is not created (the create is rolled back)
METHOD    END_VAR                REFUSED   [UNSUPPORTED] 'VltPkn_34': the IDE refused to create its method 'END_VAR': The name 'END_VAR' is not valid for this object. — 'VltPkn_34' is not created (the create is rolled back)
METHOD    CONSTANT               REFUSED   [UNSUPPORTED] 'VltPkn_35': the IDE refused to create its method 'CONSTANT': The name 'CONSTANT' is not valid for this object. — 'VltPkn_35' is not created (the create is rolled back)
METHOD    RETAIN                 REFUSED   [UNSUPPORTED] 'VltPkn_36': the IDE refused to create its method 'RETAIN': The name 'RETAIN' is not valid for this object. — 'VltPkn_36' is not created (the create is rolled back)
METHOD    PERSISTENT             REFUSED   [UNSUPPORTED] 'VltPkn_37': the IDE refused to create its method 'PERSISTENT': The name 'PERSISTENT' is not valid for this object. — 'VltPkn_37' is not created (the create is rolled back)
METHOD    PUBLIC                 REFUSED   [UNSUPPORTED] 'VltPkn_38': the IDE refused to create its method 'PUBLIC': The name 'PUBLIC' is not valid for this object. — 'VltPkn_38' is not created (the create is rolled back)
METHOD    PRIVATE                REFUSED   [UNSUPPORTED] 'VltPkn_39': the IDE refused to create its method 'PRIVATE': The name 'PRIVATE' is not valid for this object. — 'VltPkn_39' is not created (the create is rolled back)
METHOD    PROTECTED              REFUSED   [UNSUPPORTED] 'VltPkn_40': the IDE refused to create its method 'PROTECTED': The name 'PROTECTED' is not valid for this object. — 'VltPkn_40' is not created (the create is rolled back)
METHOD    INTERNAL               REFUSED   [UNSUPPORTED] 'VltPkn_41': the IDE refused to create its method 'INTERNAL': The name 'INTERNAL' is not valid for this object. — 'VltPkn_41' is not created (the create is rolled back)
METHOD    FINAL                  REFUSED   [UNSUPPORTED] 'VltPkn_42': the IDE refused to create its method 'FINAL': The name 'FINAL' is not valid for this object. — 'VltPkn_42' is not created (the create is rolled back)
METHOD    ABSTRACT               REFUSED   [UNSUPPORTED] 'VltPkn_43': the IDE refused to create its method 'ABSTRACT': The name 'ABSTRACT' is not valid for this object. — 'VltPkn_43' is not created (the create is rolled back)
METHOD    OVERRIDE               ACCEPTED 
METHOD    READ_ONLY              REFUSED   [UNSUPPORTED] 'VltPkn_45': the IDE refused to create its method 'READ_ONLY': The name 'READ_ONLY' is not valid for this object. — 'VltPkn_45' is not created (the create is rolled back)
METHOD    READ_WRITE             REFUSED   [UNSUPPORTED] 'VltPkn_46': the IDE refused to create its method 'READ_WRITE': The name 'READ_WRITE' is not valid for this object. — 'VltPkn_46' is not created (the create is rolled back)
METHOD    EXTENDS                REFUSED   [UNSUPPORTED] 'VltPkn_47': the IDE refused to create its method 'EXTENDS': The name 'EXTENDS' is not valid for this object. — 'VltPkn_47' is not created (the create is rolled back)
METHOD    IMPLEMENTS             REFUSED   [UNSUPPORTED] 'VltPkn_48': the IDE refused to create its method 'IMPLEMENTS': The name 'IMPLEMENTS' is not valid for this object. — 'VltPkn_48' is not created (the create is rolled back)
METHOD    ARRAY                  REFUSED   [UNSUPPORTED] 'VltPkn_49': the IDE refused to create its method 'ARRAY': The name 'ARRAY' is not valid for this object. — 'VltPkn_49' is not created (the create is rolled back)
METHOD    OF                     REFUSED   [UNSUPPORTED] 'VltPkn_50': the IDE refused to create its method 'OF': The name 'OF' is not valid for this object. — 'VltPkn_50' is not created (the create is rolled back)
METHOD    REFERENCE              REFUSED   [UNSUPPORTED] 'VltPkn_51': the IDE refused to create its method 'REFERENCE': The name 'REFERENCE' is not valid for this object. — 'VltPkn_51' is not created (the create is rolled back)
METHOD    POINTER                REFUSED   [UNSUPPORTED] 'VltPkn_52': the IDE refused to create its method 'POINTER': The name 'POINTER' is not valid for this object. — 'VltPkn_52' is not created (the create is rolled back)
METHOD    TO                     REFUSED   [UNSUPPORTED] 'VltPkn_53': the IDE refused to create its method 'TO': The name 'TO' is not valid for this object. — 'VltPkn_53' is not created (the create is rolled back)
METHOD    AT                     REFUSED   [UNSUPPORTED] 'VltPkn_54': the IDE refused to create its method 'AT': The name 'AT' is not valid for this object. — 'VltPkn_54' is not created (the create is rolled back)
METHOD    STRING                 REFUSED   [UNSUPPORTED] 'VltPkn_55': the IDE refused to create its method 'STRING': The name 'STRING' is not valid for this object. — 'VltPkn_55' is not created (the create is rolled back)
METHOD    WSTRING                REFUSED   [UNSUPPORTED] 'VltPkn_56': the IDE refused to create its method 'WSTRING': The name 'WSTRING' is not valid for this object. — 'VltPkn_56' is not created (the create is rolled back)
METHOD    IF                     REFUSED   [UNSUPPORTED] 'VltPkn_57': the IDE refused to create its method 'IF': The name 'IF' is not valid for this object. — 'VltPkn_57' is not created (the create is rolled back)
METHOD    THEN                   REFUSED   [UNSUPPORTED] 'VltPkn_58': the IDE refused to create its method 'THEN': The name 'THEN' is not valid for this object. — 'VltPkn_58' is not created (the create is rolled back)
METHOD    ELSIF                  REFUSED   [UNSUPPORTED] 'VltPkn_59': the IDE refused to create its method 'ELSIF': The name 'ELSIF' is not valid for this object. — 'VltPkn_59' is not created (the create is rolled back)
METHOD    ELSE                   REFUSED   [UNSUPPORTED] 'VltPkn_60': the IDE refused to create its method 'ELSE': The name 'ELSE' is not valid for this object. — 'VltPkn_60' is not created (the create is rolled back)
METHOD    END_IF                 REFUSED   [UNSUPPORTED] 'VltPkn_61': the IDE refused to create its method 'END_IF': The name 'END_IF' is not valid for this object. — 'VltPkn_61' is not created (the create is rolled back)
METHOD    CASE                   REFUSED   [UNSUPPORTED] 'VltPkn_62': the IDE refused to create its method 'CASE': The name 'CASE' is not valid for this object. — 'VltPkn_62' is not created (the create is rolled back)
METHOD    END_CASE               REFUSED   [UNSUPPORTED] 'VltPkn_63': the IDE refused to create its method 'END_CASE': The name 'END_CASE' is not valid for this object. — 'VltPkn_63' is not created (the create is rolled back)
METHOD    FOR                    REFUSED   [UNSUPPORTED] 'VltPkn_64': the IDE refused to create its method 'FOR': The name 'FOR' is not valid for this object. — 'VltPkn_64' is not created (the create is rolled back)
METHOD    BY                     REFUSED   [UNSUPPORTED] 'VltPkn_65': the IDE refused to create its method 'BY': The name 'BY' is not valid for this object. — 'VltPkn_65' is not created (the create is rolled back)
METHOD    DO                     REFUSED   [UNSUPPORTED] 'VltPkn_66': the IDE refused to create its method 'DO': The name 'DO' is not valid for this object. — 'VltPkn_66' is not created (the create is rolled back)
METHOD    END_FOR                REFUSED   [UNSUPPORTED] 'VltPkn_67': the IDE refused to create its method 'END_FOR': The name 'END_FOR' is not valid for this object. — 'VltPkn_67' is not created (the create is rolled back)
METHOD    WHILE                  REFUSED   [UNSUPPORTED] 'VltPkn_68': the IDE refused to create its method 'WHILE': The name 'WHILE' is not valid for this object. — 'VltPkn_68' is not created (the create is rolled back)
METHOD    END_WHILE              REFUSED   [UNSUPPORTED] 'VltPkn_69': the IDE refused to create its method 'END_WHILE': The name 'END_WHILE' is not valid for this object. — 'VltPkn_69' is not created (the create is rolled back)
METHOD    REPEAT                 REFUSED   [UNSUPPORTED] 'VltPkn_70': the IDE refused to create its method 'REPEAT': The name 'REPEAT' is not valid for this object. — 'VltPkn_70' is not created (the create is rolled back)
METHOD    UNTIL                  REFUSED   [UNSUPPORTED] 'VltPkn_71': the IDE refused to create its method 'UNTIL': The name 'UNTIL' is not valid for this object. — 'VltPkn_71' is not created (the create is rolled back)
METHOD    END_REPEAT             REFUSED   [UNSUPPORTED] 'VltPkn_72': the IDE refused to create its method 'END_REPEAT': The name 'END_REPEAT' is not valid for this object. — 'VltPkn_72' is not created (the create is rolled back)
METHOD    RETURN                 REFUSED   [UNSUPPORTED] 'VltPkn_73': the IDE refused to create its method 'RETURN': The name 'RETURN' is not valid for this object. — 'VltPkn_73' is not created (the create is rolled back)
METHOD    EXIT                   REFUSED   [UNSUPPORTED] 'VltPkn_74': the IDE refused to create its method 'EXIT': The name 'EXIT' is not valid for this object. — 'VltPkn_74' is not created (the create is rolled back)
METHOD    CONTINUE               REFUSED   [UNSUPPORTED] 'VltPkn_75': the IDE refused to create its method 'CONTINUE': The name 'CONTINUE' is not valid for this object. — 'VltPkn_75' is not created (the create is rolled back)
METHOD    JMP                    REFUSED   [UNSUPPORTED] 'VltPkn_76': the IDE refused to create its method 'JMP': The name 'JMP' is not valid for this object. — 'VltPkn_76' is not created (the create is rolled back)
METHOD    AND                    REFUSED   [UNSUPPORTED] 'VltPkn_77': the IDE refused to create its method 'AND': The name 'AND' is not valid for this object. — 'VltPkn_77' is not created (the create is rolled back)
METHOD    AND_THEN               REFUSED   [UNSUPPORTED] 'VltPkn_78': the IDE refused to create its method 'AND_THEN': The name 'AND_THEN' is not valid for this object. — 'VltPkn_78' is not created (the create is rolled back)
METHOD    OR                     REFUSED   [UNSUPPORTED] 'VltPkn_79': the IDE refused to create its method 'OR': The name 'OR' is not valid for this object. — 'VltPkn_79' is not created (the create is rolled back)
METHOD    OR_ELSE                REFUSED   [UNSUPPORTED] 'VltPkn_80': the IDE refused to create its method 'OR_ELSE': The name 'OR_ELSE' is not valid for this object. — 'VltPkn_80' is not created (the create is rolled back)
METHOD    NOT                    REFUSED   [UNSUPPORTED] 'VltPkn_81': the IDE refused to create its method 'NOT': The name 'NOT' is not valid for this object. — 'VltPkn_81' is not created (the create is rolled back)
METHOD    XOR                    REFUSED   [UNSUPPORTED] 'VltPkn_82': the IDE refused to create its method 'XOR': The name 'XOR' is not valid for this object. — 'VltPkn_82' is not created (the create is rolled back)
METHOD    MOD                    REFUSED   [UNSUPPORTED] 'VltPkn_83': the IDE refused to create its method 'MOD': The name 'MOD' is not valid for this object. — 'VltPkn_83' is not created (the create is rolled back)
METHOD    DIV                    REFUSED   [UNSUPPORTED] 'VltPkn_84': the IDE refused to create its method 'DIV': The name 'DIV' is not valid for this object. — 'VltPkn_84' is not created (the create is rolled back)
METHOD    TRUE                   REFUSED   [UNSUPPORTED] 'VltPkn_85': the IDE refused to create its method 'TRUE': The name 'TRUE' is not valid for this object. — 'VltPkn_85' is not created (the create is rolled back)
METHOD    FALSE                  REFUSED   [UNSUPPORTED] 'VltPkn_86': the IDE refused to create its method 'FALSE': The name 'FALSE' is not valid for this object. — 'VltPkn_86' is not created (the create is rolled back)
METHOD    ADD                    REFUSED   [UNSUPPORTED] 'VltPkn_87': the IDE refused to create its method 'ADD': The name 'ADD' is not valid for this object. — 'VltPkn_87' is not created (the create is rolled back)
METHOD    SUB                    REFUSED   [UNSUPPORTED] 'VltPkn_88': the IDE refused to create its method 'SUB': The name 'SUB' is not valid for this object. — 'VltPkn_88' is not created (the create is rolled back)
METHOD    MUL                    REFUSED   [UNSUPPORTED] 'VltPkn_89': the IDE refused to create its method 'MUL': The name 'MUL' is not valid for this object. — 'VltPkn_89' is not created (the create is rolled back)
METHOD    SHL                    REFUSED   [UNSUPPORTED] 'VltPkn_90': the IDE refused to create its method 'SHL': The name 'SHL' is not valid for this object. — 'VltPkn_90' is not created (the create is rolled back)
METHOD    SHR                    REFUSED   [UNSUPPORTED] 'VltPkn_91': the IDE refused to create its method 'SHR': The name 'SHR' is not valid for this object. — 'VltPkn_91' is not created (the create is rolled back)
METHOD    ROL                    REFUSED   [UNSUPPORTED] 'VltPkn_92': the IDE refused to create its method 'ROL': The name 'ROL' is not valid for this object. — 'VltPkn_92' is not created (the create is rolled back)
METHOD    ROR                    REFUSED   [UNSUPPORTED] 'VltPkn_93': the IDE refused to create its method 'ROR': The name 'ROR' is not valid for this object. — 'VltPkn_93' is not created (the create is rolled back)
METHOD    SEL                    REFUSED   [UNSUPPORTED] 'VltPkn_94': the IDE refused to create its method 'SEL': The name 'SEL' is not valid for this object. — 'VltPkn_94' is not created (the create is rolled back)
METHOD    MUX                    REFUSED   [UNSUPPORTED] 'VltPkn_95': the IDE refused to create its method 'MUX': The name 'MUX' is not valid for this object. — 'VltPkn_95' is not created (the create is rolled back)
METHOD    MIN                    REFUSED   [UNSUPPORTED] 'VltPkn_96': the IDE refused to create its method 'MIN': The name 'MIN' is not valid for this object. — 'VltPkn_96' is not created (the create is rolled back)
METHOD    MAX                    REFUSED   [UNSUPPORTED] 'VltPkn_97': the IDE refused to create its method 'MAX': The name 'MAX' is not valid for this object. — 'VltPkn_97' is not created (the create is rolled back)
METHOD    LIMIT                  REFUSED   [UNSUPPORTED] 'VltPkn_98': the IDE refused to create its method 'LIMIT': The name 'LIMIT' is not valid for this object. — 'VltPkn_98' is not created (the create is rolled back)
METHOD    GT                     REFUSED   [UNSUPPORTED] 'VltPkn_99': the IDE refused to create its method 'GT': The name 'GT' is not valid for this object. — 'VltPkn_99' is not created (the create is rolled back)
METHOD    LT                     REFUSED   [UNSUPPORTED] 'VltPkn_100': the IDE refused to create its method 'LT': The name 'LT' is not valid for this object. — 'VltPkn_100' is not created (the create is rolled back)
METHOD    GE                     REFUSED   [UNSUPPORTED] 'VltPkn_101': the IDE refused to create its method 'GE': The name 'GE' is not valid for this object. — 'VltPkn_101' is not created (the create is rolled back)
METHOD    LE                     REFUSED   [UNSUPPORTED] 'VltPkn_102': the IDE refused to create its method 'LE': The name 'LE' is not valid for this object. — 'VltPkn_102' is not created (the create is rolled back)
METHOD    EQ                     REFUSED   [UNSUPPORTED] 'VltPkn_103': the IDE refused to create its method 'EQ': The name 'EQ' is not valid for this object. — 'VltPkn_103' is not created (the create is rolled back)
METHOD    NE                     REFUSED   [UNSUPPORTED] 'VltPkn_104': the IDE refused to create its method 'NE': The name 'NE' is not valid for this object. — 'VltPkn_104' is not created (the create is rolled back)
METHOD    ABS                    REFUSED   [UNSUPPORTED] 'VltPkn_105': the IDE refused to create its method 'ABS': The name 'ABS' is not valid for this object. — 'VltPkn_105' is not created (the create is rolled back)
METHOD    SQRT                   REFUSED   [UNSUPPORTED] 'VltPkn_106': the IDE refused to create its method 'SQRT': The name 'SQRT' is not valid for this object. — 'VltPkn_106' is not created (the create is rolled back)
METHOD    LN                     REFUSED   [UNSUPPORTED] 'VltPkn_107': the IDE refused to create its method 'LN': The name 'LN' is not valid for this object. — 'VltPkn_107' is not created (the create is rolled back)
METHOD    LOG                    REFUSED   [UNSUPPORTED] 'VltPkn_108': the IDE refused to create its method 'LOG': The name 'LOG' is not valid for this object. — 'VltPkn_108' is not created (the create is rolled back)
METHOD    EXP                    REFUSED   [UNSUPPORTED] 'VltPkn_109': the IDE refused to create its method 'EXP': The name 'EXP' is not valid for this object. — 'VltPkn_109' is not created (the create is rolled back)
METHOD    EXPT                   REFUSED   [UNSUPPORTED] 'VltPkn_110': the IDE refused to create its method 'EXPT': The name 'EXPT' is not valid for this object. — 'VltPkn_110' is not created (the create is rolled back)
METHOD    SIN                    REFUSED   [UNSUPPORTED] 'VltPkn_111': the IDE refused to create its method 'SIN': The name 'SIN' is not valid for this object. — 'VltPkn_111' is not created (the create is rolled back)
METHOD    COS                    REFUSED   [UNSUPPORTED] 'VltPkn_112': the IDE refused to create its method 'COS': The name 'COS' is not valid for this object. — 'VltPkn_112' is not created (the create is rolled back)
METHOD    TAN                    REFUSED   [UNSUPPORTED] 'VltPkn_113': the IDE refused to create its method 'TAN': The name 'TAN' is not valid for this object. — 'VltPkn_113' is not created (the create is rolled back)
METHOD    ASIN                   REFUSED   [UNSUPPORTED] 'VltPkn_114': the IDE refused to create its method 'ASIN': The name 'ASIN' is not valid for this object. — 'VltPkn_114' is not created (the create is rolled back)
METHOD    ACOS                   REFUSED   [UNSUPPORTED] 'VltPkn_115': the IDE refused to create its method 'ACOS': The name 'ACOS' is not valid for this object. — 'VltPkn_115' is not created (the create is rolled back)
METHOD    ATAN                   REFUSED   [UNSUPPORTED] 'VltPkn_116': the IDE refused to create its method 'ATAN': The name 'ATAN' is not valid for this object. — 'VltPkn_116' is not created (the create is rolled back)
METHOD    ADR                    REFUSED   [UNSUPPORTED] 'VltPkn_117': the IDE refused to create its method 'ADR': The name 'ADR' is not valid for this object. — 'VltPkn_117' is not created (the create is rolled back)
METHOD    BITADR                 REFUSED   [UNSUPPORTED] 'VltPkn_118': the IDE refused to create its method 'BITADR': The name 'BITADR' is not valid for this object. — 'VltPkn_118' is not created (the create is rolled back)
METHOD    MOVE                   REFUSED   [UNSUPPORTED] 'VltPkn_119': the IDE refused to create its method 'MOVE': The name 'MOVE' is not valid for this object. — 'VltPkn_119' is not created (the create is rolled back)
METHOD    INDEXOF                REFUSED   [UNSUPPORTED] 'VltPkn_120': the IDE refused to create its method 'INDEXOF': The name 'INDEXOF' is not valid for this object. — 'VltPkn_120' is not created (the create is rolled back)
METHOD    SIZEOF                 REFUSED   [UNSUPPORTED] 'VltPkn_121': the IDE refused to create its method 'SIZEOF': The name 'SIZEOF' is not valid for this object. — 'VltPkn_121' is not created (the create is rolled back)
METHOD    XSIZEOF                REFUSED   [UNSUPPORTED] 'VltPkn_122': the IDE refused to create its method 'XSIZEOF': The name 'XSIZEOF' is not valid for this object. — 'VltPkn_122' is not created (the create is rolled back)
METHOD    TRUNC                  REFUSED   [UNSUPPORTED] 'VltPkn_123': the IDE refused to create its method 'TRUNC': The name 'TRUNC' is not valid for this object. — 'VltPkn_123' is not created (the create is rolled back)
METHOD    TRUNC_INT              REFUSED   [UNSUPPORTED] 'VltPkn_124': the IDE refused to create its method 'TRUNC_INT': The name 'TRUNC_INT' is not valid for this object. — 'VltPkn_124' is not created (the create is rolled back)
METHOD    INI                    REFUSED   [UNSUPPORTED] 'VltPkn_125': the IDE refused to create its method 'INI': The name 'INI' is not valid for this object. — 'VltPkn_125' is not created (the create is rolled back)
METHOD    CAL                    REFUSED   [UNSUPPORTED] 'VltPkn_126': the IDE refused to create its method 'CAL': The name 'CAL' is not valid for this object. — 'VltPkn_126' is not created (the create is rolled back)
METHOD    __NEW                  REFUSED   [UNSUPPORTED] 'VltPkn_127': the IDE refused to create its method '__NEW': The name '__NEW' is not valid for this object. — 'VltPkn_127' is not created (the create is rolled back)
METHOD    __DELETE               REFUSED   [UNSUPPORTED] 'VltPkn_128': the IDE refused to create its method '__DELETE': The name '__DELETE' is not valid for this object. — 'VltPkn_128' is not created (the create is rolled back)
METHOD    __ISVALIDREF           REFUSED   [UNSUPPORTED] 'VltPkn_129': the IDE refused to create its method '__ISVALIDREF': The name '__ISVALIDREF' is not valid for this object. — 'VltPkn_129' is not created (the create is rolled back)
METHOD    __QUERYINTERFACE       REFUSED   [UNSUPPORTED] 'VltPkn_130': the IDE refused to create its method '__QUERYINTERFACE': The name '__QUERYINTERFACE' is not valid for this object. — 'VltPkn_130' is not created (the create is rolled back)
METHOD    __QUERYPOINTER         REFUSED   [UNSUPPORTED] 'VltPkn_131': the IDE refused to create its method '__QUERYPOINTER': The name '__QUERYPOINTER' is not valid for this object. — 'VltPkn_131' is not created (the create is rolled back)
METHOD    __TRY                  REFUSED   [UNSUPPORTED] 'VltPkn_132': the IDE refused to create its method '__TRY': The name '__TRY' is not valid for this object. — 'VltPkn_132' is not created (the create is rolled back)
METHOD    __CATCH                REFUSED   [UNSUPPORTED] 'VltPkn_133': the IDE refused to create its method '__CATCH': The name '__CATCH' is not valid for this object. — 'VltPkn_133' is not created (the create is rolled back)
METHOD    __FINALLY              REFUSED   [UNSUPPORTED] 'VltPkn_134': the IDE refused to create its method '__FINALLY': The name '__FINALLY' is not valid for this object. — 'VltPkn_134' is not created (the create is rolled back)
METHOD    __ENDTRY               REFUSED   [UNSUPPORTED] 'VltPkn_135': the IDE refused to create its method '__ENDTRY': The name '__ENDTRY' is not valid for this object. — 'VltPkn_135' is not created (the create is rolled back)
METHOD    __VARINFO              REFUSED   [UNSUPPORTED] 'VltPkn_136': the IDE refused to create its method '__VARINFO': The name '__VARINFO' is not valid for this object. — 'VltPkn_136' is not created (the create is rolled back)
METHOD    __CURRENTTASK          REFUSED   [UNSUPPORTED] 'VltPkn_137': the IDE refused to create its method '__CURRENTTASK': The name '__CURRENTTASK' is not valid for this object. — 'VltPkn_137' is not created (the create is rolled back)
METHOD    __POSITION             REFUSED   [UNSUPPORTED] 'VltPkn_138': the IDE refused to create its method '__POSITION': The name '__POSITION' is not valid for this object. — 'VltPkn_138' is not created (the create is rolled back)
METHOD    __POUNAME              REFUSED   [UNSUPPORTED] 'VltPkn_139': the IDE refused to create its method '__POUNAME': The name '__POUNAME' is not valid for this object. — 'VltPkn_139' is not created (the create is rolled back)
METHOD    __COMPARE_AND_SWAP     REFUSED   [UNSUPPORTED] 'VltPkn_140': the IDE refused to create its method '__COMPARE_AND_SWAP': The name '__COMPARE_AND_SWAP' is not valid for this object. — 'VltPkn_140' is not created (the create is rolled back)
METHOD    __XADD                 REFUSED   [UNSUPPORTED] 'VltPkn_141': the IDE refused to create its method '__XADD': The name '__XADD' is not valid for this object. — 'VltPkn_141' is not created (the create is rolled back)
METHOD    __POOL                 REFUSED   [UNSUPPORTED] 'VltPkn_142': the IDE refused to create its method '__POOL': The name '__POOL' is not valid for this object. — 'VltPkn_142' is not created (the create is rolled back)
METHOD    TEST_AND_SET           REFUSED   [UNSUPPORTED] 'VltPkn_143': the IDE refused to create its method 'TEST_AND_SET': The name 'TEST_AND_SET' is not valid for this object. — 'VltPkn_143' is not created (the create is rolled back)
METHOD    __VECTOR               REFUSED   [UNSUPPORTED] 'VltPkn_144': the IDE refused to create its method '__VECTOR': The name '__VECTOR' is not valid for this object. — 'VltPkn_144' is not created (the create is rolled back)
METHOD    VAR_GENERIC            REFUSED   [UNSUPPORTED] 'VltPkn_145': the IDE refused to create its method 'VAR_GENERIC': The name 'VAR_GENERIC' is not valid for this object. — 'VltPkn_145' is not created (the create is rolled back)
METHOD    PARAMS                 REFUSED   [UNSUPPORTED] 'VltPkn_146': the IDE refused to create its method 'PARAMS': The name 'PARAMS' is not valid for this object. — 'VltPkn_146' is not created (the create is rolled back)
METHOD    GET                    ACCEPTED 
METHOD    SET                    ACCEPTED 
METHOD    THIS                   REFUSED   [UNSUPPORTED] 'VltPkn_149': the IDE refused to create its method 'THIS': The name 'THIS' is not valid for this object. — 'VltPkn_149' is not created (the create is rolled back)
METHOD    SUPER                  REFUSED   [UNSUPPORTED] 'VltPkn_150': the IDE refused to create its method 'SUPER': The name 'SUPER' is not valid for this object. — 'VltPkn_150' is not created (the create is rolled back)
METHOD    FROM                   REFUSED   [UNSUPPORTED] 'VltPkn_151': the IDE refused to create its method 'FROM': The name 'FROM' is not valid for this object. — 'VltPkn_151' is not created (the create is rolled back)
METHOD    NAMESPACE              ACCEPTED 
METHOD    END_NAMESPACE          ACCEPTED 
METHOD    R                      REFUSED   [UNSUPPORTED] 'VltPkn_154': the IDE refused to create its method 'R': The name 'R' is not valid for this object. — 'VltPkn_154' is not created (the create is rolled back)
METHOD    S                      REFUSED   [UNSUPPORTED] 'VltPkn_155': the IDE refused to create its method 'S': The name 'S' is not valid for this object. — 'VltPkn_155' is not created (the create is rolled back)
METHOD    LD                     REFUSED   [UNSUPPORTED] 'VltPkn_156': the IDE refused to create its method 'LD': The name 'LD' is not valid for this object. — 'VltPkn_156' is not created (the create is rolled back)
METHOD    LDN                    REFUSED   [UNSUPPORTED] 'VltPkn_157': the IDE refused to create its method 'LDN': The name 'LDN' is not valid for this object. — 'VltPkn_157' is not created (the create is rolled back)
METHOD    ST                     REFUSED   [UNSUPPORTED] 'VltPkn_158': the IDE refused to create its method 'ST': The name 'ST' is not valid for this object. — 'VltPkn_158' is not created (the create is rolled back)
METHOD    STN                    REFUSED   [UNSUPPORTED] 'VltPkn_159': the IDE refused to create its method 'STN': The name 'STN' is not valid for this object. — 'VltPkn_159' is not created (the create is rolled back)
METHOD    RET                    REFUSED   [UNSUPPORTED] 'VltPkn_160': the IDE refused to create its method 'RET': The name 'RET' is not valid for this object. — 'VltPkn_160' is not created (the create is rolled back)
METHOD    RETC                   REFUSED   [UNSUPPORTED] 'VltPkn_161': the IDE refused to create its method 'RETC': The name 'RETC' is not valid for this object. — 'VltPkn_161' is not created (the create is rolled back)
METHOD    RETCN                  REFUSED   [UNSUPPORTED] 'VltPkn_162': the IDE refused to create its method 'RETCN': The name 'RETCN' is not valid for this object. — 'VltPkn_162' is not created (the create is rolled back)
METHOD    JMPC                   REFUSED   [UNSUPPORTED] 'VltPkn_163': the IDE refused to create its method 'JMPC': The name 'JMPC' is not valid for this object. — 'VltPkn_163' is not created (the create is rolled back)
METHOD    JMPCN                  REFUSED   [UNSUPPORTED] 'VltPkn_164': the IDE refused to create its method 'JMPCN': The name 'JMPCN' is not valid for this object. — 'VltPkn_164' is not created (the create is rolled back)
METHOD    CALCN                  REFUSED   [UNSUPPORTED] 'VltPkn_165': the IDE refused to create its method 'CALCN': The name 'CALCN' is not valid for this object. — 'VltPkn_165' is not created (the create is rolled back)
METHOD    ANDN                   REFUSED   [UNSUPPORTED] 'VltPkn_166': the IDE refused to create its method 'ANDN': The name 'ANDN' is not valid for this object. — 'VltPkn_166' is not created (the create is rolled back)
METHOD    ORN                    REFUSED   [UNSUPPORTED] 'VltPkn_167': the IDE refused to create its method 'ORN': The name 'ORN' is not valid for this object. — 'VltPkn_167' is not created (the create is rolled back)
METHOD    XORN                   REFUSED   [UNSUPPORTED] 'VltPkn_168': the IDE refused to create its method 'XORN': The name 'XORN' is not valid for this object. — 'VltPkn_168' is not created (the create is rolled back)
METHOD    BOOL                   REFUSED   [UNSUPPORTED] 'VltPkn_169': the IDE refused to create its method 'BOOL': The name 'BOOL' is not valid for this object. — 'VltPkn_169' is not created (the create is rolled back)
METHOD    BIT                    REFUSED   [UNSUPPORTED] 'VltPkn_170': the IDE refused to create its method 'BIT': The name 'BIT' is not valid for this object. — 'VltPkn_170' is not created (the create is rolled back)
METHOD    BYTE                   REFUSED   [UNSUPPORTED] 'VltPkn_171': the IDE refused to create its method 'BYTE': The name 'BYTE' is not valid for this object. — 'VltPkn_171' is not created (the create is rolled back)
METHOD    WORD                   REFUSED   [UNSUPPORTED] 'VltPkn_172': the IDE refused to create its method 'WORD': The name 'WORD' is not valid for this object. — 'VltPkn_172' is not created (the create is rolled back)
METHOD    DWORD                  REFUSED   [UNSUPPORTED] 'VltPkn_173': the IDE refused to create its method 'DWORD': The name 'DWORD' is not valid for this object. — 'VltPkn_173' is not created (the create is rolled back)
METHOD    LWORD                  REFUSED   [UNSUPPORTED] 'VltPkn_174': the IDE refused to create its method 'LWORD': The name 'LWORD' is not valid for this object. — 'VltPkn_174' is not created (the create is rolled back)
METHOD    SINT                   REFUSED   [UNSUPPORTED] 'VltPkn_175': the IDE refused to create its method 'SINT': The name 'SINT' is not valid for this object. — 'VltPkn_175' is not created (the create is rolled back)
METHOD    INT                    REFUSED   [UNSUPPORTED] 'VltPkn_176': the IDE refused to create its method 'INT': The name 'INT' is not valid for this object. — 'VltPkn_176' is not created (the create is rolled back)
METHOD    DINT                   REFUSED   [UNSUPPORTED] 'VltPkn_177': the IDE refused to create its method 'DINT': The name 'DINT' is not valid for this object. — 'VltPkn_177' is not created (the create is rolled back)
METHOD    LINT                   REFUSED   [UNSUPPORTED] 'VltPkn_178': the IDE refused to create its method 'LINT': The name 'LINT' is not valid for this object. — 'VltPkn_178' is not created (the create is rolled back)
METHOD    USINT                  REFUSED   [UNSUPPORTED] 'VltPkn_179': the IDE refused to create its method 'USINT': The name 'USINT' is not valid for this object. — 'VltPkn_179' is not created (the create is rolled back)
METHOD    UINT                   REFUSED   [UNSUPPORTED] 'VltPkn_180': the IDE refused to create its method 'UINT': The name 'UINT' is not valid for this object. — 'VltPkn_180' is not created (the create is rolled back)
METHOD    UDINT                  REFUSED   [UNSUPPORTED] 'VltPkn_181': the IDE refused to create its method 'UDINT': The name 'UDINT' is not valid for this object. — 'VltPkn_181' is not created (the create is rolled back)
METHOD    ULINT                  REFUSED   [UNSUPPORTED] 'VltPkn_182': the IDE refused to create its method 'ULINT': The name 'ULINT' is not valid for this object. — 'VltPkn_182' is not created (the create is rolled back)
METHOD    REAL                   REFUSED   [UNSUPPORTED] 'VltPkn_183': the IDE refused to create its method 'REAL': The name 'REAL' is not valid for this object. — 'VltPkn_183' is not created (the create is rolled back)
METHOD    LREAL                  REFUSED   [UNSUPPORTED] 'VltPkn_184': the IDE refused to create its method 'LREAL': The name 'LREAL' is not valid for this object. — 'VltPkn_184' is not created (the create is rolled back)
METHOD    TIME                   REFUSED   [UNSUPPORTED] 'VltPkn_185': the IDE refused to create its method 'TIME': The name 'TIME' is not valid for this object. — 'VltPkn_185' is not created (the create is rolled back)
METHOD    LTIME                  REFUSED   [UNSUPPORTED] 'VltPkn_186': the IDE refused to create its method 'LTIME': The name 'LTIME' is not valid for this object. — 'VltPkn_186' is not created (the create is rolled back)
METHOD    DATE                   REFUSED   [UNSUPPORTED] 'VltPkn_187': the IDE refused to create its method 'DATE': The name 'DATE' is not valid for this object. — 'VltPkn_187' is not created (the create is rolled back)
METHOD    TOD                    REFUSED   [UNSUPPORTED] 'VltPkn_188': the IDE refused to create its method 'TOD': The name 'TOD' is not valid for this object. — 'VltPkn_188' is not created (the create is rolled back)
METHOD    DT                     REFUSED   [UNSUPPORTED] 'VltPkn_189': the IDE refused to create its method 'DT': The name 'DT' is not valid for this object. — 'VltPkn_189' is not created (the create is rolled back)
METHOD    LDATE                  REFUSED   [UNSUPPORTED] 'VltPkn_190': the IDE refused to create its method 'LDATE': The name 'LDATE' is not valid for this object. — 'VltPkn_190' is not created (the create is rolled back)
METHOD    LTOD                   REFUSED   [UNSUPPORTED] 'VltPkn_191': the IDE refused to create its method 'LTOD': The name 'LTOD' is not valid for this object. — 'VltPkn_191' is not created (the create is rolled back)
METHOD    LDT                    REFUSED   [UNSUPPORTED] 'VltPkn_192': the IDE refused to create its method 'LDT': The name 'LDT' is not valid for this object. — 'VltPkn_192' is not created (the create is rolled back)
METHOD    TIME_OF_DAY            REFUSED   [UNSUPPORTED] 'VltPkn_193': the IDE refused to create its method 'TIME_OF_DAY': The name 'TIME_OF_DAY' is not valid for this object. — 'VltPkn_193' is not created (the create is rolled back)
METHOD    DATE_AND_TIME          REFUSED   [UNSUPPORTED] 'VltPkn_194': the IDE refused to create its method 'DATE_AND_TIME': The name 'DATE_AND_TIME' is not valid for this object. — 'VltPkn_194' is not created (the create is rolled back)
METHOD    LDATE_AND_TIME         REFUSED   [UNSUPPORTED] 'VltPkn_195': the IDE refused to create its method 'LDATE_AND_TIME': The name 'LDATE_AND_TIME' is not valid for this object. — 'VltPkn_195' is not created (the create is rolled back)
METHOD    LTIME_OF_DAY           REFUSED   [UNSUPPORTED] 'VltPkn_196': the IDE refused to create its method 'LTIME_OF_DAY': The name 'LTIME_OF_DAY' is not valid for this object. — 'VltPkn_196' is not created (the create is rolled back)
METHOD    __XINT                 REFUSED   [UNSUPPORTED] 'VltPkn_197': the IDE refused to create its method '__XINT': The name '__XINT' is not valid for this object. — 'VltPkn_197' is not created (the create is rolled back)
METHOD    __UXINT                REFUSED   [UNSUPPORTED] 'VltPkn_198': the IDE refused to create its method '__UXINT': The name '__UXINT' is not valid for this object. — 'VltPkn_198' is not created (the create is rolled back)
METHOD    __XWORD                REFUSED   [UNSUPPORTED] 'VltPkn_199': the IDE refused to create its method '__XWORD': The name '__XWORD' is not valid for this object. — 'VltPkn_199' is not created (the create is rolled back)
METHOD    LEN                    ACCEPTED 
METHOD    LEFT                   ACCEPTED 
METHOD    RIGHT                  ACCEPTED 
METHOD    MID                    ACCEPTED 
METHOD    CONCAT                 ACCEPTED 
METHOD    INSERT                 ACCEPTED 
METHOD    DELETE                 ACCEPTED 
METHOD    REPLACE                ACCEPTED 
METHOD    FIND                   ACCEPTED 
METHOD    TON                    ACCEPTED 
METHOD    TOF                    ACCEPTED 
METHOD    TP                     ACCEPTED 
METHOD    CTU                    ACCEPTED 
METHOD    CTD                    ACCEPTED 
METHOD    CTUD                   ACCEPTED 
METHOD    R_TRIG                 ACCEPTED 
METHOD    F_TRIG                 ACCEPTED 
METHOD    SR                     ACCEPTED 
METHOD    RS                     ACCEPTED 
METHOD    RTC                    ACCEPTED 
METHOD    INT_TO_REAL            REFUSED   [UNSUPPORTED] 'VltPkn_220': the IDE refused to create its method 'INT_TO_REAL': The name 'INT_TO_REAL' is not valid for this object. — 'VltPkn_220' is not created (the create is rolled back)
METHOD    REAL_TO_INT            REFUSED   [UNSUPPORTED] 'VltPkn_221': the IDE refused to create its method 'REAL_TO_INT': The name 'REAL_TO_INT' is not valid for this object. — 'VltPkn_221' is not created (the create is rolled back)
METHOD    TO_INT                 REFUSED   [UNSUPPORTED] 'VltPkn_222': the IDE refused to create its method 'TO_INT': The name 'TO_INT' is not valid for this object. — 'VltPkn_222' is not created (the create is rolled back)
METHOD    TO_REAL                REFUSED   [UNSUPPORTED] 'VltPkn_223': the IDE refused to create its method 'TO_REAL': The name 'TO_REAL' is not valid for this object. — 'VltPkn_223' is not created (the create is rolled back)
METHOD    BOOL_TO_INT            REFUSED   [UNSUPPORTED] 'VltPkn_224': the IDE refused to create its method 'BOOL_TO_INT': The name 'BOOL_TO_INT' is not valid for this object. — 'VltPkn_224' is not created (the create is rolled back)
METHOD    TRUNC_DINT             ACCEPTED 
METHOD    NOW                    ACCEPTED 
METHOD    ANY                    REFUSED   [UNSUPPORTED] 'VltPkn_227': the IDE refused to create its method 'ANY': The name 'ANY' is not valid for this object. — 'VltPkn_227' is not created (the create is rolled back)
METHOD    ANY_INT                REFUSED   [UNSUPPORTED] 'VltPkn_228': the IDE refused to create its method 'ANY_INT': The name 'ANY_INT' is not valid for this object. — 'VltPkn_228' is not created (the create is rolled back)
METHOD    ANY_NUM                REFUSED   [UNSUPPORTED] 'VltPkn_229': the IDE refused to create its method 'ANY_NUM': The name 'ANY_NUM' is not valid for this object. — 'VltPkn_229' is not created (the create is rolled back)
METHOD    ANY_REAL               REFUSED   [UNSUPPORTED] 'VltPkn_230': the IDE refused to create its method 'ANY_REAL': The name 'ANY_REAL' is not valid for this object. — 'VltPkn_230' is not created (the create is rolled back)
METHOD    PVOID                  ACCEPTED 
METHOD    XINT                   ACCEPTED 
METHOD    UXINT                  ACCEPTED 
METHOD    XWORD                  ACCEPTED 
METHOD    N                      ACCEPTED 
METHOD    CALC                   REFUSED   [UNSUPPORTED] 'VltPkn_236': the IDE refused to create its method 'CALC': The name 'CALC' is not valid for this object. — 'VltPkn_236' is not created (the create is rolled back)
METHOD    FB_init                ACCEPTED 
METHOD    FB_exit                ACCEPTED 
METHOD    FB_reinit              ACCEPTED 
METHOD    __SYSTEM               REFUSED   [UNSUPPORTED] 'VltPkn_240': the IDE refused to create its method '__SYSTEM': The name '__SYSTEM' is not valid for this object. — 'VltPkn_240' is not created (the create is rolled back)
METHOD    USING                  ACCEPTED 
METHOD    WITH                   ACCEPTED 
METHOD    NON_RETAIN             ACCEPTED 
METHOD    IMPLEMENTATION         REFUSED   [INVALID_ST] 'IMPLEMENTATION' (line 9) is reserved: IMPLEMENTATION is the line that states where a body starts and what language it is in, so nothing in a workspace may be named it. Rename it.
METHOD    log                    REFUSED   [UNSUPPORTED] 'VltPkn_245': the IDE refused to create its method 'log': The name 'log' is not valid for this object. — 'VltPkn_245' is not created (the create is rolled back)
METHOD    Log                    REFUSED   [UNSUPPORTED] 'VltPkn_246': the IDE refused to create its method 'Log': The name 'Log' is not valid for this object. — 'VltPkn_246' is not created (the create is rolled back)
METHOD    lOg                    REFUSED   [UNSUPPORTED] 'VltPkn_247': the IDE refused to create its method 'lOg': The name 'lOg' is not valid for this object. — 'VltPkn_247' is not created (the create is rolled back)
METHOD    sin                    REFUSED   [UNSUPPORTED] 'VltPkn_248': the IDE refused to create its method 'sin': The name 'sin' is not valid for this object. — 'VltPkn_248' is not created (the create is rolled back)
METHOD    Min                    REFUSED   [UNSUPPORTED] 'VltPkn_249': the IDE refused to create its method 'Min': The name 'Min' is not valid for this object. — 'VltPkn_249' is not created (the create is rolled back)
METHOD    public                 REFUSED   [UNSUPPORTED] 'VltPkn_250': the IDE refused to create its method 'public': The name 'public' is not valid for this object. — 'VltPkn_250' is not created (the create is rolled back)
METHOD    Foo                    ACCEPTED 
METHOD    Logger                 ACCEPTED 
METHOD    LogMsg                 ACCEPTED 
METHOD    Log2                   ACCEPTED 
METHOD    Logx                   ACCEPTED 
METHOD    MyLog                  ACCEPTED 
METHOD    Sine                   ACCEPTED 
METHOD    Minimum                ACCEPTED 
METHOD    DoIt                   ACCEPTED 
METHOD    Run                    ACCEPTED 
METHOD    Execute                ACCEPTED 
METHOD    Init                   ACCEPTED 
METHOD    Reset                  ACCEPTED 
METHOD    Start                  ACCEPTED 
METHOD    Stop                   ACCEPTED 
METHOD    Get_                   ACCEPTED 
METHOD    Set_                   ACCEPTED 
METHOD    Value                  ACCEPTED 
METHOD    Name                   ACCEPTED 
METHOD    Count                  ACCEPTED 
METHOD    Main                   ACCEPTED 
METHOD    Update                 ACCEPTED 
METHOD    Error                  ACCEPTED 
METHOD    Status                 ACCEPTED 

== 2. context: the FB's own variable, the FB's own name, an existing project POU ==
METHOD    x (FB var)             ACCEPTED 
METHOD    VltPkn_275 (own FB)    ACCEPTED 
METHOD    PLC_PRG (project)      ACCEPTED 

== 3. ACTION / PROPERTY / top-level FB for 210 refused + 12 accepted + casing ==
ACTION    FUNCTION_BLOCK         REFUSED   [UNSUPPORTED] 'VltPkn_278': the IDE refused to create its action 'FUNCTION_BLOCK': The name 'FUNCTION_BLOCK' is not valid for this object. — 'VltPkn_278' is not created (the create is rolled back)
PROPERTY  FUNCTION_BLOCK         REFUSED   [UNSUPPORTED] 'VltPkn_279': the IDE refused to create its property 'FUNCTION_BLOCK': The name 'FUNCTION_BLOCK' is not valid for this object. — 'VltPkn_279' is not created (the create is rolled back)
TOPLEVEL  FUNCTION_BLOCK         REFUSED   [UNSUPPORTED] the IDE refused to create 'FUNCTION_BLOCK': The name 'FUNCTION_BLOCK' is not valid for this object.
ACTION    END_FUNCTION_BLOCK     REFUSED   [UNSUPPORTED] 'VltPkn_280': the IDE refused to create its action 'END_FUNCTION_BLOCK': The name 'END_FUNCTION_BLOCK' is not valid for this object. — 'VltPkn_280' is not created (the create is rolled back)
PROPERTY  END_FUNCTION_BLOCK     REFUSED   [UNSUPPORTED] 'VltPkn_281': the IDE refused to create its property 'END_FUNCTION_BLOCK': The name 'END_FUNCTION_BLOCK' is not valid for this object. — 'VltPkn_281' is not created (the create is rolled back)
TOPLEVEL  END_FUNCTION_BLOCK     REFUSED   [INVALID_ST] 'END_FUNCTION_BLOCK', line 1: END_FUNCTION_BLOCK stands after code on its line. An END line opens its own line, which is where the push reads it; put it on a line of its own.
ACTION    PROGRAM                REFUSED   [UNSUPPORTED] 'VltPkn_282': the IDE refused to create its action 'PROGRAM': The name 'PROGRAM' is not valid for this object. — 'VltPkn_282' is not created (the create is rolled back)
PROPERTY  PROGRAM                REFUSED   [UNSUPPORTED] 'VltPkn_283': the IDE refused to create its property 'PROGRAM': The name 'PROGRAM' is not valid for this object. — 'VltPkn_283' is not created (the create is rolled back)
TOPLEVEL  PROGRAM                REFUSED   [UNSUPPORTED] the IDE refused to create 'PROGRAM': The name 'PROGRAM' is not valid for this object.
ACTION    END_PROGRAM            REFUSED   [UNSUPPORTED] 'VltPkn_284': the IDE refused to create its action 'END_PROGRAM': The name 'END_PROGRAM' is not valid for this object. — 'VltPkn_284' is not created (the create is rolled back)
PROPERTY  END_PROGRAM            REFUSED   [UNSUPPORTED] 'VltPkn_285': the IDE refused to create its property 'END_PROGRAM': The name 'END_PROGRAM' is not valid for this object. — 'VltPkn_285' is not created (the create is rolled back)
TOPLEVEL  END_PROGRAM            REFUSED   [INVALID_ST] 'END_PROGRAM', line 1: END_PROGRAM stands after code on its line. An END line opens its own line, which is where the push reads it; put it on a line of its own.
ACTION    FUNCTION               REFUSED   [UNSUPPORTED] 'VltPkn_286': the IDE refused to create its action 'FUNCTION': The name 'FUNCTION' is not valid for this object. — 'VltPkn_286' is not created (the create is rolled back)
PROPERTY  FUNCTION               REFUSED   [UNSUPPORTED] 'VltPkn_287': the IDE refused to create its property 'FUNCTION': The name 'FUNCTION' is not valid for this object. — 'VltPkn_287' is not created (the create is rolled back)
TOPLEVEL  FUNCTION               REFUSED   [UNSUPPORTED] the IDE refused to create 'FUNCTION': The name 'FUNCTION' is not valid for this object.
ACTION    END_FUNCTION           REFUSED   [UNSUPPORTED] 'VltPkn_288': the IDE refused to create its action 'END_FUNCTION': The name 'END_FUNCTION' is not valid for this object. — 'VltPkn_288' is not created (the create is rolled back)
PROPERTY  END_FUNCTION           REFUSED   [UNSUPPORTED] 'VltPkn_289': the IDE refused to create its property 'END_FUNCTION': The name 'END_FUNCTION' is not valid for this object. — 'VltPkn_289' is not created (the create is rolled back)
TOPLEVEL  END_FUNCTION           REFUSED   [INVALID_ST] 'END_FUNCTION', line 1: END_FUNCTION stands after code on its line. An END line opens its own line, which is where the push reads it; put it on a line of its own.
ACTION    METHOD                 REFUSED   [UNSUPPORTED] 'VltPkn_290': the IDE refused to create its action 'METHOD': The name 'METHOD' is not valid for this object. — 'VltPkn_290' is not created (the create is rolled back)
PROPERTY  METHOD                 REFUSED   [UNSUPPORTED] 'VltPkn_291': the IDE refused to create its property 'METHOD': The name 'METHOD' is not valid for this object. — 'VltPkn_291' is not created (the create is rolled back)
TOPLEVEL  METHOD                 REFUSED   [UNSUPPORTED] the IDE refused to create 'METHOD': The name 'METHOD' is not valid for this object.
ACTION    END_METHOD             REFUSED   [UNSUPPORTED] 'VltPkn_292': the IDE refused to create its action 'END_METHOD': The name 'END_METHOD' is not valid for this object. — 'VltPkn_292' is not created (the create is rolled back)
PROPERTY  END_METHOD             REFUSED   [UNSUPPORTED] 'VltPkn_293': the IDE refused to create its property 'END_METHOD': The name 'END_METHOD' is not valid for this object. — 'VltPkn_293' is not created (the create is rolled back)
TOPLEVEL  END_METHOD             REFUSED   [UNSUPPORTED] the IDE refused to create 'END_METHOD': The name 'END_METHOD' is not valid for this object.
ACTION    ACTION                 REFUSED   [UNSUPPORTED] 'VltPkn_294': the IDE refused to create its action 'ACTION': The name 'ACTION' is not valid for this object. — 'VltPkn_294' is not created (the create is rolled back)
PROPERTY  ACTION                 REFUSED   [UNSUPPORTED] 'VltPkn_295': the IDE refused to create its property 'ACTION': The name 'ACTION' is not valid for this object. — 'VltPkn_295' is not created (the create is rolled back)
TOPLEVEL  ACTION                 REFUSED   [UNSUPPORTED] the IDE refused to create 'ACTION': The name 'ACTION' is not valid for this object.
ACTION    END_ACTION             REFUSED   [INVALID_ST] 'VltPkn_296', line 9: END_ACTION stands after code on its line. An END line opens its own line, which is where the push reads it; put it on a line of its own.
PROPERTY  END_ACTION             REFUSED   [UNSUPPORTED] 'VltPkn_297': the IDE refused to create its property 'END_ACTION': The name 'END_ACTION' is not valid for this object. — 'VltPkn_297' is not created (the create is rolled back)
TOPLEVEL  END_ACTION             REFUSED   [UNSUPPORTED] the IDE refused to create 'END_ACTION': The name 'END_ACTION' is not valid for this object.
ACTION    PROPERTY               REFUSED   [UNSUPPORTED] 'VltPkn_298': the IDE refused to create its action 'PROPERTY': The name 'PROPERTY' is not valid for this object. — 'VltPkn_298' is not created (the create is rolled back)
PROPERTY  PROPERTY               REFUSED   [UNSUPPORTED] 'VltPkn_299': the IDE refused to create its property 'PROPERTY': The name 'PROPERTY' is not valid for this object. — 'VltPkn_299' is not created (the create is rolled back)
TOPLEVEL  PROPERTY               REFUSED   [UNSUPPORTED] the IDE refused to create 'PROPERTY': The name 'PROPERTY' is not valid for this object.
ACTION    END_PROPERTY           REFUSED   [UNSUPPORTED] 'VltPkn_300': the IDE refused to create its action 'END_PROPERTY': The name 'END_PROPERTY' is not valid for this object. — 'VltPkn_300' is not created (the create is rolled back)
PROPERTY  END_PROPERTY           REFUSED   [INVALID_ST] 'VltPkn_301', line 9: END_PROPERTY stands after code on its line. An END line opens its own line, which is where the push reads it; put it on a line of its own.
TOPLEVEL  END_PROPERTY           REFUSED   [UNSUPPORTED] the IDE refused to create 'END_PROPERTY': The name 'END_PROPERTY' is not valid for this object.
ACTION    INTERFACE              REFUSED   [UNSUPPORTED] 'VltPkn_302': the IDE refused to create its action 'INTERFACE': The name 'INTERFACE' is not valid for this object. — 'VltPkn_302' is not created (the create is rolled back)
PROPERTY  INTERFACE              REFUSED   [UNSUPPORTED] 'VltPkn_303': the IDE refused to create its property 'INTERFACE': The name 'INTERFACE' is not valid for this object. — 'VltPkn_303' is not created (the create is rolled back)
TOPLEVEL  INTERFACE              REFUSED   [UNSUPPORTED] the IDE refused to create 'INTERFACE': The name 'INTERFACE' is not valid for this object.
ACTION    END_INTERFACE          REFUSED   [UNSUPPORTED] 'VltPkn_304': the IDE refused to create its action 'END_INTERFACE': The name 'END_INTERFACE' is not valid for this object. — 'VltPkn_304' is not created (the create is rolled back)
PROPERTY  END_INTERFACE          REFUSED   [UNSUPPORTED] 'VltPkn_305': the IDE refused to create its property 'END_INTERFACE': The name 'END_INTERFACE' is not valid for this object. — 'VltPkn_305' is not created (the create is rolled back)
TOPLEVEL  END_INTERFACE          REFUSED   [UNSUPPORTED] the IDE refused to create 'END_INTERFACE': The name 'END_INTERFACE' is not valid for this object.
ACTION    TYPE                   REFUSED   [UNSUPPORTED] 'VltPkn_306': the IDE refused to create its action 'TYPE': The name 'TYPE' is not valid for this object. — 'VltPkn_306' is not created (the create is rolled back)
PROPERTY  TYPE                   REFUSED   [UNSUPPORTED] 'VltPkn_307': the IDE refused to create its property 'TYPE': The name 'TYPE' is not valid for this object. — 'VltPkn_307' is not created (the create is rolled back)
TOPLEVEL  TYPE                   REFUSED   [UNSUPPORTED] the IDE refused to create 'TYPE': The name 'TYPE' is not valid for this object.
ACTION    END_TYPE               REFUSED   [UNSUPPORTED] 'VltPkn_308': the IDE refused to create its action 'END_TYPE': The name 'END_TYPE' is not valid for this object. — 'VltPkn_308' is not created (the create is rolled back)
PROPERTY  END_TYPE               REFUSED   [UNSUPPORTED] 'VltPkn_309': the IDE refused to create its property 'END_TYPE': The name 'END_TYPE' is not valid for this object. — 'VltPkn_309' is not created (the create is rolled back)
TOPLEVEL  END_TYPE               REFUSED   [UNSUPPORTED] the IDE refused to create 'END_TYPE': The name 'END_TYPE' is not valid for this object.
ACTION    STRUCT                 REFUSED   [UNSUPPORTED] 'VltPkn_310': the IDE refused to create its action 'STRUCT': The name 'STRUCT' is not valid for this object. — 'VltPkn_310' is not created (the create is rolled back)
PROPERTY  STRUCT                 REFUSED   [UNSUPPORTED] 'VltPkn_311': the IDE refused to create its property 'STRUCT': The name 'STRUCT' is not valid for this object. — 'VltPkn_311' is not created (the create is rolled back)
TOPLEVEL  STRUCT                 REFUSED   [UNSUPPORTED] the IDE refused to create 'STRUCT': The name 'STRUCT' is not valid for this object.
ACTION    END_STRUCT             REFUSED   [UNSUPPORTED] 'VltPkn_312': the IDE refused to create its action 'END_STRUCT': The name 'END_STRUCT' is not valid for this object. — 'VltPkn_312' is not created (the create is rolled back)
PROPERTY  END_STRUCT             REFUSED   [UNSUPPORTED] 'VltPkn_313': the IDE refused to create its property 'END_STRUCT': The name 'END_STRUCT' is not valid for this object. — 'VltPkn_313' is not created (the create is rolled back)
TOPLEVEL  END_STRUCT             REFUSED   [UNSUPPORTED] the IDE refused to create 'END_STRUCT': The name 'END_STRUCT' is not valid for this object.
ACTION    UNION                  REFUSED   [UNSUPPORTED] 'VltPkn_314': the IDE refused to create its action 'UNION': The name 'UNION' is not valid for this object. — 'VltPkn_314' is not created (the create is rolled back)
PROPERTY  UNION                  REFUSED   [UNSUPPORTED] 'VltPkn_315': the IDE refused to create its property 'UNION': The name 'UNION' is not valid for this object. — 'VltPkn_315' is not created (the create is rolled back)
TOPLEVEL  UNION                  REFUSED   [UNSUPPORTED] the IDE refused to create 'UNION': The name 'UNION' is not valid for this object.
ACTION    END_UNION              REFUSED   [UNSUPPORTED] 'VltPkn_316': the IDE refused to create its action 'END_UNION': The name 'END_UNION' is not valid for this object. — 'VltPkn_316' is not created (the create is rolled back)
PROPERTY  END_UNION              REFUSED   [UNSUPPORTED] 'VltPkn_317': the IDE refused to create its property 'END_UNION': The name 'END_UNION' is not valid for this object. — 'VltPkn_317' is not created (the create is rolled back)
TOPLEVEL  END_UNION              REFUSED   [UNSUPPORTED] the IDE refused to create 'END_UNION': The name 'END_UNION' is not valid for this object.
ACTION    VAR                    REFUSED   [UNSUPPORTED] 'VltPkn_318': the IDE refused to create its action 'VAR': The name 'VAR' is not valid for this object. — 'VltPkn_318' is not created (the create is rolled back)
PROPERTY  VAR                    REFUSED   [UNSUPPORTED] 'VltPkn_319': the IDE refused to create its property 'VAR': The name 'VAR' is not valid for this object. — 'VltPkn_319' is not created (the create is rolled back)
TOPLEVEL  VAR                    REFUSED   [UNSUPPORTED] the IDE refused to create 'VAR': The name 'VAR' is not valid for this object.
ACTION    VAR_INPUT              REFUSED   [UNSUPPORTED] 'VltPkn_320': the IDE refused to create its action 'VAR_INPUT': The name 'VAR_INPUT' is not valid for this object. — 'VltPkn_320' is not created (the create is rolled back)
PROPERTY  VAR_INPUT              REFUSED   [UNSUPPORTED] 'VltPkn_321': the IDE refused to create its property 'VAR_INPUT': The name 'VAR_INPUT' is not valid for this object. — 'VltPkn_321' is not created (the create is rolled back)
TOPLEVEL  VAR_INPUT              REFUSED   [UNSUPPORTED] the IDE refused to create 'VAR_INPUT': The name 'VAR_INPUT' is not valid for this object.
ACTION    VAR_OUTPUT             REFUSED   [UNSUPPORTED] 'VltPkn_322': the IDE refused to create its action 'VAR_OUTPUT': The name 'VAR_OUTPUT' is not valid for this object. — 'VltPkn_322' is not created (the create is rolled back)
PROPERTY  VAR_OUTPUT             REFUSED   [UNSUPPORTED] 'VltPkn_323': the IDE refused to create its property 'VAR_OUTPUT': The name 'VAR_OUTPUT' is not valid for this object. — 'VltPkn_323' is not created (the create is rolled back)
TOPLEVEL  VAR_OUTPUT             REFUSED   [UNSUPPORTED] the IDE refused to create 'VAR_OUTPUT': The name 'VAR_OUTPUT' is not valid for this object.
ACTION    VAR_IN_OUT             REFUSED   [UNSUPPORTED] 'VltPkn_324': the IDE refused to create its action 'VAR_IN_OUT': The name 'VAR_IN_OUT' is not valid for this object. — 'VltPkn_324' is not created (the create is rolled back)
PROPERTY  VAR_IN_OUT             REFUSED   [UNSUPPORTED] 'VltPkn_325': the IDE refused to create its property 'VAR_IN_OUT': The name 'VAR_IN_OUT' is not valid for this object. — 'VltPkn_325' is not created (the create is rolled back)
TOPLEVEL  VAR_IN_OUT             REFUSED   [UNSUPPORTED] the IDE refused to create 'VAR_IN_OUT': The name 'VAR_IN_OUT' is not valid for this object.
ACTION    VAR_TEMP               REFUSED   [UNSUPPORTED] 'VltPkn_326': the IDE refused to create its action 'VAR_TEMP': The name 'VAR_TEMP' is not valid for this object. — 'VltPkn_326' is not created (the create is rolled back)
PROPERTY  VAR_TEMP               REFUSED   [UNSUPPORTED] 'VltPkn_327': the IDE refused to create its property 'VAR_TEMP': The name 'VAR_TEMP' is not valid for this object. — 'VltPkn_327' is not created (the create is rolled back)
TOPLEVEL  VAR_TEMP               REFUSED   [UNSUPPORTED] the IDE refused to create 'VAR_TEMP': The name 'VAR_TEMP' is not valid for this object.
ACTION    VAR_STAT               REFUSED   [UNSUPPORTED] 'VltPkn_328': the IDE refused to create its action 'VAR_STAT': The name 'VAR_STAT' is not valid for this object. — 'VltPkn_328' is not created (the create is rolled back)
PROPERTY  VAR_STAT               REFUSED   [UNSUPPORTED] 'VltPkn_329': the IDE refused to create its property 'VAR_STAT': The name 'VAR_STAT' is not valid for this object. — 'VltPkn_329' is not created (the create is rolled back)
TOPLEVEL  VAR_STAT               REFUSED   [UNSUPPORTED] the IDE refused to create 'VAR_STAT': The name 'VAR_STAT' is not valid for this object.
ACTION    VAR_INST               REFUSED   [UNSUPPORTED] 'VltPkn_330': the IDE refused to create its action 'VAR_INST': The name 'VAR_INST' is not valid for this object. — 'VltPkn_330' is not created (the create is rolled back)
PROPERTY  VAR_INST               REFUSED   [UNSUPPORTED] 'VltPkn_331': the IDE refused to create its property 'VAR_INST': The name 'VAR_INST' is not valid for this object. — 'VltPkn_331' is not created (the create is rolled back)
TOPLEVEL  VAR_INST               REFUSED   [UNSUPPORTED] the IDE refused to create 'VAR_INST': The name 'VAR_INST' is not valid for this object.
ACTION    VAR_EXTERNAL           REFUSED   [UNSUPPORTED] 'VltPkn_332': the IDE refused to create its action 'VAR_EXTERNAL': The name 'VAR_EXTERNAL' is not valid for this object. — 'VltPkn_332' is not created (the create is rolled back)
PROPERTY  VAR_EXTERNAL           REFUSED   [UNSUPPORTED] 'VltPkn_333': the IDE refused to create its property 'VAR_EXTERNAL': The name 'VAR_EXTERNAL' is not valid for this object. — 'VltPkn_333' is not created (the create is rolled back)
TOPLEVEL  VAR_EXTERNAL           REFUSED   [UNSUPPORTED] the IDE refused to create 'VAR_EXTERNAL': The name 'VAR_EXTERNAL' is not valid for this object.
ACTION    VAR_GLOBAL             REFUSED   [UNSUPPORTED] 'VltPkn_334': the IDE refused to create its action 'VAR_GLOBAL': The name 'VAR_GLOBAL' is not valid for this object. — 'VltPkn_334' is not created (the create is rolled back)
PROPERTY  VAR_GLOBAL             REFUSED   [UNSUPPORTED] 'VltPkn_335': the IDE refused to create its property 'VAR_GLOBAL': The name 'VAR_GLOBAL' is not valid for this object. — 'VltPkn_335' is not created (the create is rolled back)
TOPLEVEL  VAR_GLOBAL             REFUSED   [UNSUPPORTED] the IDE refused to create 'VAR_GLOBAL': The name 'VAR_GLOBAL' is not valid for this object.
ACTION    VAR_CONFIG             REFUSED   [UNSUPPORTED] 'VltPkn_336': the IDE refused to create its action 'VAR_CONFIG': The name 'VAR_CONFIG' is not valid for this object. — 'VltPkn_336' is not created (the create is rolled back)
PROPERTY  VAR_CONFIG             REFUSED   [UNSUPPORTED] 'VltPkn_337': the IDE refused to create its property 'VAR_CONFIG': The name 'VAR_CONFIG' is not valid for this object. — 'VltPkn_337' is not created (the create is rolled back)
TOPLEVEL  VAR_CONFIG             REFUSED   [UNSUPPORTED] the IDE refused to create 'VAR_CONFIG': The name 'VAR_CONFIG' is not valid for this object.
ACTION    VAR_ACCESS             REFUSED   [UNSUPPORTED] 'VltPkn_338': the IDE refused to create its action 'VAR_ACCESS': The name 'VAR_ACCESS' is not valid for this object. — 'VltPkn_338' is not created (the create is rolled back)
PROPERTY  VAR_ACCESS             REFUSED   [UNSUPPORTED] 'VltPkn_339': the IDE refused to create its property 'VAR_ACCESS': The name 'VAR_ACCESS' is not valid for this object. — 'VltPkn_339' is not created (the create is rolled back)
TOPLEVEL  VAR_ACCESS             REFUSED   [UNSUPPORTED] the IDE refused to create 'VAR_ACCESS': The name 'VAR_ACCESS' is not valid for this object.
ACTION    END_VAR                REFUSED   [UNSUPPORTED] 'VltPkn_340': the IDE refused to create its action 'END_VAR': The name 'END_VAR' is not valid for this object. — 'VltPkn_340' is not created (the create is rolled back)
PROPERTY  END_VAR                REFUSED   [UNSUPPORTED] 'VltPkn_341': the IDE refused to create its property 'END_VAR': The name 'END_VAR' is not valid for this object. — 'VltPkn_341' is not created (the create is rolled back)
TOPLEVEL  END_VAR                REFUSED   [UNSUPPORTED] the IDE refused to create 'END_VAR': The name 'END_VAR' is not valid for this object.
ACTION    CONSTANT               REFUSED   [UNSUPPORTED] 'VltPkn_342': the IDE refused to create its action 'CONSTANT': The name 'CONSTANT' is not valid for this object. — 'VltPkn_342' is not created (the create is rolled back)
PROPERTY  CONSTANT               REFUSED   [UNSUPPORTED] 'VltPkn_343': the IDE refused to create its property 'CONSTANT': The name 'CONSTANT' is not valid for this object. — 'VltPkn_343' is not created (the create is rolled back)
TOPLEVEL  CONSTANT               REFUSED   [UNSUPPORTED] the IDE refused to create 'CONSTANT': The name 'CONSTANT' is not valid for this object.
ACTION    RETAIN                 REFUSED   [UNSUPPORTED] 'VltPkn_344': the IDE refused to create its action 'RETAIN': The name 'RETAIN' is not valid for this object. — 'VltPkn_344' is not created (the create is rolled back)
PROPERTY  RETAIN                 REFUSED   [UNSUPPORTED] 'VltPkn_345': the IDE refused to create its property 'RETAIN': The name 'RETAIN' is not valid for this object. — 'VltPkn_345' is not created (the create is rolled back)
TOPLEVEL  RETAIN                 REFUSED   [UNSUPPORTED] the IDE refused to create 'RETAIN': The name 'RETAIN' is not valid for this object.
ACTION    PERSISTENT             REFUSED   [UNSUPPORTED] 'VltPkn_346': the IDE refused to create its action 'PERSISTENT': The name 'PERSISTENT' is not valid for this object. — 'VltPkn_346' is not created (the create is rolled back)
PROPERTY  PERSISTENT             REFUSED   [UNSUPPORTED] 'VltPkn_347': the IDE refused to create its property 'PERSISTENT': The name 'PERSISTENT' is not valid for this object. — 'VltPkn_347' is not created (the create is rolled back)
TOPLEVEL  PERSISTENT             REFUSED   [UNSUPPORTED] the IDE refused to create 'PERSISTENT': The name 'PERSISTENT' is not valid for this object.
ACTION    PUBLIC                 REFUSED   [UNSUPPORTED] 'VltPkn_348': the IDE refused to create its action 'PUBLIC': The name 'PUBLIC' is not valid for this object. — 'VltPkn_348' is not created (the create is rolled back)
PROPERTY  PUBLIC                 REFUSED   [UNSUPPORTED] 'VltPkn_349': the IDE refused to create its property 'PUBLIC': The name 'PUBLIC' is not valid for this object. — 'VltPkn_349' is not created (the create is rolled back)
TOPLEVEL  PUBLIC                 REFUSED   [UNSUPPORTED] the IDE refused to create 'PUBLIC': The name 'PUBLIC' is not valid for this object.
ACTION    PRIVATE                REFUSED   [UNSUPPORTED] 'VltPkn_350': the IDE refused to create its action 'PRIVATE': The name 'PRIVATE' is not valid for this object. — 'VltPkn_350' is not created (the create is rolled back)
PROPERTY  PRIVATE                REFUSED   [UNSUPPORTED] 'VltPkn_351': the IDE refused to create its property 'PRIVATE': The name 'PRIVATE' is not valid for this object. — 'VltPkn_351' is not created (the create is rolled back)
TOPLEVEL  PRIVATE                REFUSED   [UNSUPPORTED] the IDE refused to create 'PRIVATE': The name 'PRIVATE' is not valid for this object.
ACTION    PROTECTED              REFUSED   [UNSUPPORTED] 'VltPkn_352': the IDE refused to create its action 'PROTECTED': The name 'PROTECTED' is not valid for this object. — 'VltPkn_352' is not created (the create is rolled back)
PROPERTY  PROTECTED              REFUSED   [UNSUPPORTED] 'VltPkn_353': the IDE refused to create its property 'PROTECTED': The name 'PROTECTED' is not valid for this object. — 'VltPkn_353' is not created (the create is rolled back)
TOPLEVEL  PROTECTED              REFUSED   [UNSUPPORTED] the IDE refused to create 'PROTECTED': The name 'PROTECTED' is not valid for this object.
ACTION    INTERNAL               REFUSED   [UNSUPPORTED] 'VltPkn_354': the IDE refused to create its action 'INTERNAL': The name 'INTERNAL' is not valid for this object. — 'VltPkn_354' is not created (the create is rolled back)
PROPERTY  INTERNAL               REFUSED   [UNSUPPORTED] 'VltPkn_355': the IDE refused to create its property 'INTERNAL': The name 'INTERNAL' is not valid for this object. — 'VltPkn_355' is not created (the create is rolled back)
TOPLEVEL  INTERNAL               REFUSED   [UNSUPPORTED] the IDE refused to create 'INTERNAL': The name 'INTERNAL' is not valid for this object.
ACTION    FINAL                  REFUSED   [UNSUPPORTED] 'VltPkn_356': the IDE refused to create its action 'FINAL': The name 'FINAL' is not valid for this object. — 'VltPkn_356' is not created (the create is rolled back)
PROPERTY  FINAL                  REFUSED   [UNSUPPORTED] 'VltPkn_357': the IDE refused to create its property 'FINAL': The name 'FINAL' is not valid for this object. — 'VltPkn_357' is not created (the create is rolled back)
TOPLEVEL  FINAL                  REFUSED   [UNSUPPORTED] the IDE refused to create 'FINAL': The name 'FINAL' is not valid for this object.
ACTION    ABSTRACT               REFUSED   [UNSUPPORTED] 'VltPkn_358': the IDE refused to create its action 'ABSTRACT': The name 'ABSTRACT' is not valid for this object. — 'VltPkn_358' is not created (the create is rolled back)
PROPERTY  ABSTRACT               REFUSED   [UNSUPPORTED] 'VltPkn_359': the IDE refused to create its property 'ABSTRACT': The name 'ABSTRACT' is not valid for this object. — 'VltPkn_359' is not created (the create is rolled back)
TOPLEVEL  ABSTRACT               REFUSED   [UNSUPPORTED] the IDE refused to create 'ABSTRACT': The name 'ABSTRACT' is not valid for this object.
ACTION    READ_ONLY              REFUSED   [UNSUPPORTED] 'VltPkn_360': the IDE refused to create its action 'READ_ONLY': The name 'READ_ONLY' is not valid for this object. — 'VltPkn_360' is not created (the create is rolled back)
PROPERTY  READ_ONLY              REFUSED   [UNSUPPORTED] 'VltPkn_361': the IDE refused to create its property 'READ_ONLY': The name 'READ_ONLY' is not valid for this object. — 'VltPkn_361' is not created (the create is rolled back)
TOPLEVEL  READ_ONLY              REFUSED   [UNSUPPORTED] the IDE refused to create 'READ_ONLY': The name 'READ_ONLY' is not valid for this object.
ACTION    READ_WRITE             REFUSED   [UNSUPPORTED] 'VltPkn_362': the IDE refused to create its action 'READ_WRITE': The name 'READ_WRITE' is not valid for this object. — 'VltPkn_362' is not created (the create is rolled back)
PROPERTY  READ_WRITE             REFUSED   [UNSUPPORTED] 'VltPkn_363': the IDE refused to create its property 'READ_WRITE': The name 'READ_WRITE' is not valid for this object. — 'VltPkn_363' is not created (the create is rolled back)
TOPLEVEL  READ_WRITE             REFUSED   [UNSUPPORTED] the IDE refused to create 'READ_WRITE': The name 'READ_WRITE' is not valid for this object.
ACTION    EXTENDS                REFUSED   [UNSUPPORTED] 'VltPkn_364': the IDE refused to create its action 'EXTENDS': The name 'EXTENDS' is not valid for this object. — 'VltPkn_364' is not created (the create is rolled back)
PROPERTY  EXTENDS                REFUSED   [UNSUPPORTED] 'VltPkn_365': the IDE refused to create its property 'EXTENDS': The name 'EXTENDS' is not valid for this object. — 'VltPkn_365' is not created (the create is rolled back)
TOPLEVEL  EXTENDS                REFUSED   [UNSUPPORTED] the IDE refused to create 'EXTENDS': The name 'EXTENDS' is not valid for this object.
ACTION    IMPLEMENTS             REFUSED   [UNSUPPORTED] 'VltPkn_366': the IDE refused to create its action 'IMPLEMENTS': The name 'IMPLEMENTS' is not valid for this object. — 'VltPkn_366' is not created (the create is rolled back)
PROPERTY  IMPLEMENTS             REFUSED   [UNSUPPORTED] 'VltPkn_367': the IDE refused to create its property 'IMPLEMENTS': The name 'IMPLEMENTS' is not valid for this object. — 'VltPkn_367' is not created (the create is rolled back)
TOPLEVEL  IMPLEMENTS             REFUSED   [UNSUPPORTED] the IDE refused to create 'IMPLEMENTS': The name 'IMPLEMENTS' is not valid for this object.
ACTION    ARRAY                  REFUSED   [UNSUPPORTED] 'VltPkn_368': the IDE refused to create its action 'ARRAY': The name 'ARRAY' is not valid for this object. — 'VltPkn_368' is not created (the create is rolled back)
PROPERTY  ARRAY                  REFUSED   [UNSUPPORTED] 'VltPkn_369': the IDE refused to create its property 'ARRAY': The name 'ARRAY' is not valid for this object. — 'VltPkn_369' is not created (the create is rolled back)
TOPLEVEL  ARRAY                  REFUSED   [UNSUPPORTED] the IDE refused to create 'ARRAY': The name 'ARRAY' is not valid for this object.
ACTION    OF                     REFUSED   [UNSUPPORTED] 'VltPkn_370': the IDE refused to create its action 'OF': The name 'OF' is not valid for this object. — 'VltPkn_370' is not created (the create is rolled back)
PROPERTY  OF                     REFUSED   [UNSUPPORTED] 'VltPkn_371': the IDE refused to create its property 'OF': The name 'OF' is not valid for this object. — 'VltPkn_371' is not created (the create is rolled back)
TOPLEVEL  OF                     REFUSED   [UNSUPPORTED] the IDE refused to create 'OF': The name 'OF' is not valid for this object.
ACTION    REFERENCE              REFUSED   [UNSUPPORTED] 'VltPkn_372': the IDE refused to create its action 'REFERENCE': The name 'REFERENCE' is not valid for this object. — 'VltPkn_372' is not created (the create is rolled back)
PROPERTY  REFERENCE              REFUSED   [UNSUPPORTED] 'VltPkn_373': the IDE refused to create its property 'REFERENCE': The name 'REFERENCE' is not valid for this object. — 'VltPkn_373' is not created (the create is rolled back)
TOPLEVEL  REFERENCE              REFUSED   [UNSUPPORTED] the IDE refused to create 'REFERENCE': The name 'REFERENCE' is not valid for this object.
ACTION    POINTER                REFUSED   [UNSUPPORTED] 'VltPkn_374': the IDE refused to create its action 'POINTER': The name 'POINTER' is not valid for this object. — 'VltPkn_374' is not created (the create is rolled back)
PROPERTY  POINTER                REFUSED   [UNSUPPORTED] 'VltPkn_375': the IDE refused to create its property 'POINTER': The name 'POINTER' is not valid for this object. — 'VltPkn_375' is not created (the create is rolled back)
TOPLEVEL  POINTER                REFUSED   [UNSUPPORTED] the IDE refused to create 'POINTER': The name 'POINTER' is not valid for this object.
ACTION    TO                     REFUSED   [UNSUPPORTED] 'VltPkn_376': the IDE refused to create its action 'TO': The name 'TO' is not valid for this object. — 'VltPkn_376' is not created (the create is rolled back)
PROPERTY  TO                     REFUSED   [UNSUPPORTED] 'VltPkn_377': the IDE refused to create its property 'TO': The name 'TO' is not valid for this object. — 'VltPkn_377' is not created (the create is rolled back)
TOPLEVEL  TO                     REFUSED   [UNSUPPORTED] the IDE refused to create 'TO': The name 'TO' is not valid for this object.
ACTION    AT                     REFUSED   [UNSUPPORTED] 'VltPkn_378': the IDE refused to create its action 'AT': The name 'AT' is not valid for this object. — 'VltPkn_378' is not created (the create is rolled back)
PROPERTY  AT                     REFUSED   [UNSUPPORTED] 'VltPkn_379': the IDE refused to create its property 'AT': The name 'AT' is not valid for this object. — 'VltPkn_379' is not created (the create is rolled back)
TOPLEVEL  AT                     REFUSED   [UNSUPPORTED] the IDE refused to create 'AT': The name 'AT' is not valid for this object.
ACTION    STRING                 REFUSED   [UNSUPPORTED] 'VltPkn_380': the IDE refused to create its action 'STRING': The name 'STRING' is not valid for this object. — 'VltPkn_380' is not created (the create is rolled back)
PROPERTY  STRING                 REFUSED   [UNSUPPORTED] 'VltPkn_381': the IDE refused to create its property 'STRING': The name 'STRING' is not valid for this object. — 'VltPkn_381' is not created (the create is rolled back)
TOPLEVEL  STRING                 REFUSED   [UNSUPPORTED] the IDE refused to create 'STRING': The name 'STRING' is not valid for this object.
ACTION    WSTRING                REFUSED   [UNSUPPORTED] 'VltPkn_382': the IDE refused to create its action 'WSTRING': The name 'WSTRING' is not valid for this object. — 'VltPkn_382' is not created (the create is rolled back)
PROPERTY  WSTRING                REFUSED   [UNSUPPORTED] 'VltPkn_383': the IDE refused to create its property 'WSTRING': The name 'WSTRING' is not valid for this object. — 'VltPkn_383' is not created (the create is rolled back)
TOPLEVEL  WSTRING                REFUSED   [UNSUPPORTED] the IDE refused to create 'WSTRING': The name 'WSTRING' is not valid for this object.
ACTION    IF                     REFUSED   [UNSUPPORTED] 'VltPkn_384': the IDE refused to create its action 'IF': The name 'IF' is not valid for this object. — 'VltPkn_384' is not created (the create is rolled back)
PROPERTY  IF                     REFUSED   [UNSUPPORTED] 'VltPkn_385': the IDE refused to create its property 'IF': The name 'IF' is not valid for this object. — 'VltPkn_385' is not created (the create is rolled back)
TOPLEVEL  IF                     REFUSED   [UNSUPPORTED] the IDE refused to create 'IF': The name 'IF' is not valid for this object.
ACTION    THEN                   REFUSED   [UNSUPPORTED] 'VltPkn_386': the IDE refused to create its action 'THEN': The name 'THEN' is not valid for this object. — 'VltPkn_386' is not created (the create is rolled back)
PROPERTY  THEN                   REFUSED   [UNSUPPORTED] 'VltPkn_387': the IDE refused to create its property 'THEN': The name 'THEN' is not valid for this object. — 'VltPkn_387' is not created (the create is rolled back)
TOPLEVEL  THEN                   REFUSED   [UNSUPPORTED] the IDE refused to create 'THEN': The name 'THEN' is not valid for this object.
ACTION    ELSIF                  REFUSED   [UNSUPPORTED] 'VltPkn_388': the IDE refused to create its action 'ELSIF': The name 'ELSIF' is not valid for this object. — 'VltPkn_388' is not created (the create is rolled back)
PROPERTY  ELSIF                  REFUSED   [UNSUPPORTED] 'VltPkn_389': the IDE refused to create its property 'ELSIF': The name 'ELSIF' is not valid for this object. — 'VltPkn_389' is not created (the create is rolled back)
TOPLEVEL  ELSIF                  REFUSED   [UNSUPPORTED] the IDE refused to create 'ELSIF': The name 'ELSIF' is not valid for this object.
ACTION    ELSE                   REFUSED   [UNSUPPORTED] 'VltPkn_390': the IDE refused to create its action 'ELSE': The name 'ELSE' is not valid for this object. — 'VltPkn_390' is not created (the create is rolled back)
PROPERTY  ELSE                   REFUSED   [UNSUPPORTED] 'VltPkn_391': the IDE refused to create its property 'ELSE': The name 'ELSE' is not valid for this object. — 'VltPkn_391' is not created (the create is rolled back)
TOPLEVEL  ELSE                   REFUSED   [UNSUPPORTED] the IDE refused to create 'ELSE': The name 'ELSE' is not valid for this object.
ACTION    END_IF                 REFUSED   [UNSUPPORTED] 'VltPkn_392': the IDE refused to create its action 'END_IF': The name 'END_IF' is not valid for this object. — 'VltPkn_392' is not created (the create is rolled back)
PROPERTY  END_IF                 REFUSED   [UNSUPPORTED] 'VltPkn_393': the IDE refused to create its property 'END_IF': The name 'END_IF' is not valid for this object. — 'VltPkn_393' is not created (the create is rolled back)
TOPLEVEL  END_IF                 REFUSED   [UNSUPPORTED] the IDE refused to create 'END_IF': The name 'END_IF' is not valid for this object.
ACTION    CASE                   REFUSED   [UNSUPPORTED] 'VltPkn_394': the IDE refused to create its action 'CASE': The name 'CASE' is not valid for this object. — 'VltPkn_394' is not created (the create is rolled back)
PROPERTY  CASE                   REFUSED   [UNSUPPORTED] 'VltPkn_395': the IDE refused to create its property 'CASE': The name 'CASE' is not valid for this object. — 'VltPkn_395' is not created (the create is rolled back)
TOPLEVEL  CASE                   REFUSED   [UNSUPPORTED] the IDE refused to create 'CASE': The name 'CASE' is not valid for this object.
ACTION    END_CASE               REFUSED   [UNSUPPORTED] 'VltPkn_396': the IDE refused to create its action 'END_CASE': The name 'END_CASE' is not valid for this object. — 'VltPkn_396' is not created (the create is rolled back)
PROPERTY  END_CASE               REFUSED   [UNSUPPORTED] 'VltPkn_397': the IDE refused to create its property 'END_CASE': The name 'END_CASE' is not valid for this object. — 'VltPkn_397' is not created (the create is rolled back)
TOPLEVEL  END_CASE               REFUSED   [UNSUPPORTED] the IDE refused to create 'END_CASE': The name 'END_CASE' is not valid for this object.
ACTION    FOR                    REFUSED   [UNSUPPORTED] 'VltPkn_398': the IDE refused to create its action 'FOR': The name 'FOR' is not valid for this object. — 'VltPkn_398' is not created (the create is rolled back)
PROPERTY  FOR                    REFUSED   [UNSUPPORTED] 'VltPkn_399': the IDE refused to create its property 'FOR': The name 'FOR' is not valid for this object. — 'VltPkn_399' is not created (the create is rolled back)
TOPLEVEL  FOR                    REFUSED   [UNSUPPORTED] the IDE refused to create 'FOR': The name 'FOR' is not valid for this object.
ACTION    BY                     REFUSED   [UNSUPPORTED] 'VltPkn_400': the IDE refused to create its action 'BY': The name 'BY' is not valid for this object. — 'VltPkn_400' is not created (the create is rolled back)
PROPERTY  BY                     REFUSED   [UNSUPPORTED] 'VltPkn_401': the IDE refused to create its property 'BY': The name 'BY' is not valid for this object. — 'VltPkn_401' is not created (the create is rolled back)
TOPLEVEL  BY                     REFUSED   [UNSUPPORTED] the IDE refused to create 'BY': The name 'BY' is not valid for this object.
ACTION    DO                     REFUSED   [UNSUPPORTED] 'VltPkn_402': the IDE refused to create its action 'DO': The name 'DO' is not valid for this object. — 'VltPkn_402' is not created (the create is rolled back)
PROPERTY  DO                     REFUSED   [UNSUPPORTED] 'VltPkn_403': the IDE refused to create its property 'DO': The name 'DO' is not valid for this object. — 'VltPkn_403' is not created (the create is rolled back)
TOPLEVEL  DO                     REFUSED   [UNSUPPORTED] the IDE refused to create 'DO': The name 'DO' is not valid for this object.
ACTION    END_FOR                REFUSED   [UNSUPPORTED] 'VltPkn_404': the IDE refused to create its action 'END_FOR': The name 'END_FOR' is not valid for this object. — 'VltPkn_404' is not created (the create is rolled back)
PROPERTY  END_FOR                REFUSED   [UNSUPPORTED] 'VltPkn_405': the IDE refused to create its property 'END_FOR': The name 'END_FOR' is not valid for this object. — 'VltPkn_405' is not created (the create is rolled back)
TOPLEVEL  END_FOR                REFUSED   [UNSUPPORTED] the IDE refused to create 'END_FOR': The name 'END_FOR' is not valid for this object.
ACTION    WHILE                  REFUSED   [UNSUPPORTED] 'VltPkn_406': the IDE refused to create its action 'WHILE': The name 'WHILE' is not valid for this object. — 'VltPkn_406' is not created (the create is rolled back)
PROPERTY  WHILE                  REFUSED   [UNSUPPORTED] 'VltPkn_407': the IDE refused to create its property 'WHILE': The name 'WHILE' is not valid for this object. — 'VltPkn_407' is not created (the create is rolled back)
TOPLEVEL  WHILE                  REFUSED   [UNSUPPORTED] the IDE refused to create 'WHILE': The name 'WHILE' is not valid for this object.
ACTION    END_WHILE              REFUSED   [UNSUPPORTED] 'VltPkn_408': the IDE refused to create its action 'END_WHILE': The name 'END_WHILE' is not valid for this object. — 'VltPkn_408' is not created (the create is rolled back)
PROPERTY  END_WHILE              REFUSED   [UNSUPPORTED] 'VltPkn_409': the IDE refused to create its property 'END_WHILE': The name 'END_WHILE' is not valid for this object. — 'VltPkn_409' is not created (the create is rolled back)
TOPLEVEL  END_WHILE              REFUSED   [UNSUPPORTED] the IDE refused to create 'END_WHILE': The name 'END_WHILE' is not valid for this object.
ACTION    REPEAT                 REFUSED   [UNSUPPORTED] 'VltPkn_410': the IDE refused to create its action 'REPEAT': The name 'REPEAT' is not valid for this object. — 'VltPkn_410' is not created (the create is rolled back)
PROPERTY  REPEAT                 REFUSED   [UNSUPPORTED] 'VltPkn_411': the IDE refused to create its property 'REPEAT': The name 'REPEAT' is not valid for this object. — 'VltPkn_411' is not created (the create is rolled back)
TOPLEVEL  REPEAT                 REFUSED   [UNSUPPORTED] the IDE refused to create 'REPEAT': The name 'REPEAT' is not valid for this object.
ACTION    UNTIL                  REFUSED   [UNSUPPORTED] 'VltPkn_412': the IDE refused to create its action 'UNTIL': The name 'UNTIL' is not valid for this object. — 'VltPkn_412' is not created (the create is rolled back)
PROPERTY  UNTIL                  REFUSED   [UNSUPPORTED] 'VltPkn_413': the IDE refused to create its property 'UNTIL': The name 'UNTIL' is not valid for this object. — 'VltPkn_413' is not created (the create is rolled back)
TOPLEVEL  UNTIL                  REFUSED   [UNSUPPORTED] the IDE refused to create 'UNTIL': The name 'UNTIL' is not valid for this object.
ACTION    END_REPEAT             REFUSED   [UNSUPPORTED] 'VltPkn_414': the IDE refused to create its action 'END_REPEAT': The name 'END_REPEAT' is not valid for this object. — 'VltPkn_414' is not created (the create is rolled back)
PROPERTY  END_REPEAT             REFUSED   [UNSUPPORTED] 'VltPkn_415': the IDE refused to create its property 'END_REPEAT': The name 'END_REPEAT' is not valid for this object. — 'VltPkn_415' is not created (the create is rolled back)
TOPLEVEL  END_REPEAT             REFUSED   [UNSUPPORTED] the IDE refused to create 'END_REPEAT': The name 'END_REPEAT' is not valid for this object.
ACTION    RETURN                 REFUSED   [UNSUPPORTED] 'VltPkn_416': the IDE refused to create its action 'RETURN': The name 'RETURN' is not valid for this object. — 'VltPkn_416' is not created (the create is rolled back)
PROPERTY  RETURN                 REFUSED   [UNSUPPORTED] 'VltPkn_417': the IDE refused to create its property 'RETURN': The name 'RETURN' is not valid for this object. — 'VltPkn_417' is not created (the create is rolled back)
TOPLEVEL  RETURN                 REFUSED   [UNSUPPORTED] the IDE refused to create 'RETURN': The name 'RETURN' is not valid for this object.
ACTION    EXIT                   REFUSED   [UNSUPPORTED] 'VltPkn_418': the IDE refused to create its action 'EXIT': The name 'EXIT' is not valid for this object. — 'VltPkn_418' is not created (the create is rolled back)
PROPERTY  EXIT                   REFUSED   [UNSUPPORTED] 'VltPkn_419': the IDE refused to create its property 'EXIT': The name 'EXIT' is not valid for this object. — 'VltPkn_419' is not created (the create is rolled back)
TOPLEVEL  EXIT                   REFUSED   [UNSUPPORTED] the IDE refused to create 'EXIT': The name 'EXIT' is not valid for this object.
ACTION    CONTINUE               REFUSED   [UNSUPPORTED] 'VltPkn_420': the IDE refused to create its action 'CONTINUE': The name 'CONTINUE' is not valid for this object. — 'VltPkn_420' is not created (the create is rolled back)
PROPERTY  CONTINUE               REFUSED   [UNSUPPORTED] 'VltPkn_421': the IDE refused to create its property 'CONTINUE': The name 'CONTINUE' is not valid for this object. — 'VltPkn_421' is not created (the create is rolled back)
TOPLEVEL  CONTINUE               REFUSED   [UNSUPPORTED] the IDE refused to create 'CONTINUE': The name 'CONTINUE' is not valid for this object.
ACTION    JMP                    REFUSED   [UNSUPPORTED] 'VltPkn_422': the IDE refused to create its action 'JMP': The name 'JMP' is not valid for this object. — 'VltPkn_422' is not created (the create is rolled back)
PROPERTY  JMP                    REFUSED   [UNSUPPORTED] 'VltPkn_423': the IDE refused to create its property 'JMP': The name 'JMP' is not valid for this object. — 'VltPkn_423' is not created (the create is rolled back)
TOPLEVEL  JMP                    REFUSED   [UNSUPPORTED] the IDE refused to create 'JMP': The name 'JMP' is not valid for this object.
ACTION    AND                    REFUSED   [UNSUPPORTED] 'VltPkn_424': the IDE refused to create its action 'AND': The name 'AND' is not valid for this object. — 'VltPkn_424' is not created (the create is rolled back)
PROPERTY  AND                    REFUSED   [UNSUPPORTED] 'VltPkn_425': the IDE refused to create its property 'AND': The name 'AND' is not valid for this object. — 'VltPkn_425' is not created (the create is rolled back)
TOPLEVEL  AND                    REFUSED   [UNSUPPORTED] the IDE refused to create 'AND': The name 'AND' is not valid for this object.
ACTION    AND_THEN               REFUSED   [UNSUPPORTED] 'VltPkn_426': the IDE refused to create its action 'AND_THEN': The name 'AND_THEN' is not valid for this object. — 'VltPkn_426' is not created (the create is rolled back)
PROPERTY  AND_THEN               REFUSED   [UNSUPPORTED] 'VltPkn_427': the IDE refused to create its property 'AND_THEN': The name 'AND_THEN' is not valid for this object. — 'VltPkn_427' is not created (the create is rolled back)
TOPLEVEL  AND_THEN               REFUSED   [UNSUPPORTED] the IDE refused to create 'AND_THEN': The name 'AND_THEN' is not valid for this object.
ACTION    OR                     REFUSED   [UNSUPPORTED] 'VltPkn_428': the IDE refused to create its action 'OR': The name 'OR' is not valid for this object. — 'VltPkn_428' is not created (the create is rolled back)
PROPERTY  OR                     REFUSED   [UNSUPPORTED] 'VltPkn_429': the IDE refused to create its property 'OR': The name 'OR' is not valid for this object. — 'VltPkn_429' is not created (the create is rolled back)
TOPLEVEL  OR                     REFUSED   [UNSUPPORTED] the IDE refused to create 'OR': The name 'OR' is not valid for this object.
ACTION    OR_ELSE                REFUSED   [UNSUPPORTED] 'VltPkn_430': the IDE refused to create its action 'OR_ELSE': The name 'OR_ELSE' is not valid for this object. — 'VltPkn_430' is not created (the create is rolled back)
PROPERTY  OR_ELSE                REFUSED   [UNSUPPORTED] 'VltPkn_431': the IDE refused to create its property 'OR_ELSE': The name 'OR_ELSE' is not valid for this object. — 'VltPkn_431' is not created (the create is rolled back)
TOPLEVEL  OR_ELSE                REFUSED   [UNSUPPORTED] the IDE refused to create 'OR_ELSE': The name 'OR_ELSE' is not valid for this object.
ACTION    NOT                    REFUSED   [UNSUPPORTED] 'VltPkn_432': the IDE refused to create its action 'NOT': The name 'NOT' is not valid for this object. — 'VltPkn_432' is not created (the create is rolled back)
PROPERTY  NOT                    REFUSED   [UNSUPPORTED] 'VltPkn_433': the IDE refused to create its property 'NOT': The name 'NOT' is not valid for this object. — 'VltPkn_433' is not created (the create is rolled back)
TOPLEVEL  NOT                    REFUSED   [UNSUPPORTED] the IDE refused to create 'NOT': The name 'NOT' is not valid for this object.
ACTION    XOR                    REFUSED   [UNSUPPORTED] 'VltPkn_434': the IDE refused to create its action 'XOR': The name 'XOR' is not valid for this object. — 'VltPkn_434' is not created (the create is rolled back)
PROPERTY  XOR                    REFUSED   [UNSUPPORTED] 'VltPkn_435': the IDE refused to create its property 'XOR': The name 'XOR' is not valid for this object. — 'VltPkn_435' is not created (the create is rolled back)
TOPLEVEL  XOR                    REFUSED   [UNSUPPORTED] the IDE refused to create 'XOR': The name 'XOR' is not valid for this object.
ACTION    MOD                    REFUSED   [UNSUPPORTED] 'VltPkn_436': the IDE refused to create its action 'MOD': The name 'MOD' is not valid for this object. — 'VltPkn_436' is not created (the create is rolled back)
PROPERTY  MOD                    REFUSED   [UNSUPPORTED] 'VltPkn_437': the IDE refused to create its property 'MOD': The name 'MOD' is not valid for this object. — 'VltPkn_437' is not created (the create is rolled back)
TOPLEVEL  MOD                    REFUSED   [UNSUPPORTED] the IDE refused to create 'MOD': The name 'MOD' is not valid for this object.
ACTION    DIV                    REFUSED   [UNSUPPORTED] 'VltPkn_438': the IDE refused to create its action 'DIV': The name 'DIV' is not valid for this object. — 'VltPkn_438' is not created (the create is rolled back)
PROPERTY  DIV                    REFUSED   [UNSUPPORTED] 'VltPkn_439': the IDE refused to create its property 'DIV': The name 'DIV' is not valid for this object. — 'VltPkn_439' is not created (the create is rolled back)
TOPLEVEL  DIV                    REFUSED   [UNSUPPORTED] the IDE refused to create 'DIV': The name 'DIV' is not valid for this object.
ACTION    TRUE                   REFUSED   [UNSUPPORTED] 'VltPkn_440': the IDE refused to create its action 'TRUE': The name 'TRUE' is not valid for this object. — 'VltPkn_440' is not created (the create is rolled back)
PROPERTY  TRUE                   REFUSED   [UNSUPPORTED] 'VltPkn_441': the IDE refused to create its property 'TRUE': The name 'TRUE' is not valid for this object. — 'VltPkn_441' is not created (the create is rolled back)
TOPLEVEL  TRUE                   REFUSED   [UNSUPPORTED] the IDE refused to create 'TRUE': The name 'TRUE' is not valid for this object.
ACTION    FALSE                  REFUSED   [UNSUPPORTED] 'VltPkn_442': the IDE refused to create its action 'FALSE': The name 'FALSE' is not valid for this object. — 'VltPkn_442' is not created (the create is rolled back)
PROPERTY  FALSE                  REFUSED   [UNSUPPORTED] 'VltPkn_443': the IDE refused to create its property 'FALSE': The name 'FALSE' is not valid for this object. — 'VltPkn_443' is not created (the create is rolled back)
TOPLEVEL  FALSE                  REFUSED   [UNSUPPORTED] the IDE refused to create 'FALSE': The name 'FALSE' is not valid for this object.
ACTION    ADD                    REFUSED   [UNSUPPORTED] 'VltPkn_444': the IDE refused to create its action 'ADD': The name 'ADD' is not valid for this object. — 'VltPkn_444' is not created (the create is rolled back)
PROPERTY  ADD                    REFUSED   [UNSUPPORTED] 'VltPkn_445': the IDE refused to create its property 'ADD': The name 'ADD' is not valid for this object. — 'VltPkn_445' is not created (the create is rolled back)
TOPLEVEL  ADD                    REFUSED   [UNSUPPORTED] the IDE refused to create 'ADD': The name 'ADD' is not valid for this object.
ACTION    SUB                    REFUSED   [UNSUPPORTED] 'VltPkn_446': the IDE refused to create its action 'SUB': The name 'SUB' is not valid for this object. — 'VltPkn_446' is not created (the create is rolled back)
PROPERTY  SUB                    REFUSED   [UNSUPPORTED] 'VltPkn_447': the IDE refused to create its property 'SUB': The name 'SUB' is not valid for this object. — 'VltPkn_447' is not created (the create is rolled back)
TOPLEVEL  SUB                    REFUSED   [UNSUPPORTED] the IDE refused to create 'SUB': The name 'SUB' is not valid for this object.
ACTION    MUL                    REFUSED   [UNSUPPORTED] 'VltPkn_448': the IDE refused to create its action 'MUL': The name 'MUL' is not valid for this object. — 'VltPkn_448' is not created (the create is rolled back)
PROPERTY  MUL                    REFUSED   [UNSUPPORTED] 'VltPkn_449': the IDE refused to create its property 'MUL': The name 'MUL' is not valid for this object. — 'VltPkn_449' is not created (the create is rolled back)
TOPLEVEL  MUL                    REFUSED   [UNSUPPORTED] the IDE refused to create 'MUL': The name 'MUL' is not valid for this object.
ACTION    SHL                    REFUSED   [UNSUPPORTED] 'VltPkn_450': the IDE refused to create its action 'SHL': The name 'SHL' is not valid for this object. — 'VltPkn_450' is not created (the create is rolled back)
PROPERTY  SHL                    REFUSED   [UNSUPPORTED] 'VltPkn_451': the IDE refused to create its property 'SHL': The name 'SHL' is not valid for this object. — 'VltPkn_451' is not created (the create is rolled back)
TOPLEVEL  SHL                    REFUSED   [UNSUPPORTED] the IDE refused to create 'SHL': The name 'SHL' is not valid for this object.
ACTION    SHR                    REFUSED   [UNSUPPORTED] 'VltPkn_452': the IDE refused to create its action 'SHR': The name 'SHR' is not valid for this object. — 'VltPkn_452' is not created (the create is rolled back)
PROPERTY  SHR                    REFUSED   [UNSUPPORTED] 'VltPkn_453': the IDE refused to create its property 'SHR': The name 'SHR' is not valid for this object. — 'VltPkn_453' is not created (the create is rolled back)
TOPLEVEL  SHR                    REFUSED   [UNSUPPORTED] the IDE refused to create 'SHR': The name 'SHR' is not valid for this object.
ACTION    ROL                    REFUSED   [UNSUPPORTED] 'VltPkn_454': the IDE refused to create its action 'ROL': The name 'ROL' is not valid for this object. — 'VltPkn_454' is not created (the create is rolled back)
PROPERTY  ROL                    REFUSED   [UNSUPPORTED] 'VltPkn_455': the IDE refused to create its property 'ROL': The name 'ROL' is not valid for this object. — 'VltPkn_455' is not created (the create is rolled back)
TOPLEVEL  ROL                    REFUSED   [UNSUPPORTED] the IDE refused to create 'ROL': The name 'ROL' is not valid for this object.
ACTION    ROR                    REFUSED   [UNSUPPORTED] 'VltPkn_456': the IDE refused to create its action 'ROR': The name 'ROR' is not valid for this object. — 'VltPkn_456' is not created (the create is rolled back)
PROPERTY  ROR                    REFUSED   [UNSUPPORTED] 'VltPkn_457': the IDE refused to create its property 'ROR': The name 'ROR' is not valid for this object. — 'VltPkn_457' is not created (the create is rolled back)
TOPLEVEL  ROR                    REFUSED   [UNSUPPORTED] the IDE refused to create 'ROR': The name 'ROR' is not valid for this object.
ACTION    SEL                    REFUSED   [UNSUPPORTED] 'VltPkn_458': the IDE refused to create its action 'SEL': The name 'SEL' is not valid for this object. — 'VltPkn_458' is not created (the create is rolled back)
PROPERTY  SEL                    REFUSED   [UNSUPPORTED] 'VltPkn_459': the IDE refused to create its property 'SEL': The name 'SEL' is not valid for this object. — 'VltPkn_459' is not created (the create is rolled back)
TOPLEVEL  SEL                    REFUSED   [UNSUPPORTED] the IDE refused to create 'SEL': The name 'SEL' is not valid for this object.
ACTION    MUX                    REFUSED   [UNSUPPORTED] 'VltPkn_460': the IDE refused to create its action 'MUX': The name 'MUX' is not valid for this object. — 'VltPkn_460' is not created (the create is rolled back)
PROPERTY  MUX                    REFUSED   [UNSUPPORTED] 'VltPkn_461': the IDE refused to create its property 'MUX': The name 'MUX' is not valid for this object. — 'VltPkn_461' is not created (the create is rolled back)
TOPLEVEL  MUX                    REFUSED   [UNSUPPORTED] the IDE refused to create 'MUX': The name 'MUX' is not valid for this object.
ACTION    MIN                    REFUSED   [UNSUPPORTED] 'VltPkn_462': the IDE refused to create its action 'MIN': The name 'MIN' is not valid for this object. — 'VltPkn_462' is not created (the create is rolled back)
PROPERTY  MIN                    REFUSED   [UNSUPPORTED] 'VltPkn_463': the IDE refused to create its property 'MIN': The name 'MIN' is not valid for this object. — 'VltPkn_463' is not created (the create is rolled back)
TOPLEVEL  MIN                    REFUSED   [UNSUPPORTED] the IDE refused to create 'MIN': The name 'MIN' is not valid for this object.
ACTION    MAX                    REFUSED   [UNSUPPORTED] 'VltPkn_464': the IDE refused to create its action 'MAX': The name 'MAX' is not valid for this object. — 'VltPkn_464' is not created (the create is rolled back)
PROPERTY  MAX                    REFUSED   [UNSUPPORTED] 'VltPkn_465': the IDE refused to create its property 'MAX': The name 'MAX' is not valid for this object. — 'VltPkn_465' is not created (the create is rolled back)
TOPLEVEL  MAX                    REFUSED   [UNSUPPORTED] the IDE refused to create 'MAX': The name 'MAX' is not valid for this object.
ACTION    LIMIT                  REFUSED   [UNSUPPORTED] 'VltPkn_466': the IDE refused to create its action 'LIMIT': The name 'LIMIT' is not valid for this object. — 'VltPkn_466' is not created (the create is rolled back)
PROPERTY  LIMIT                  REFUSED   [UNSUPPORTED] 'VltPkn_467': the IDE refused to create its property 'LIMIT': The name 'LIMIT' is not valid for this object. — 'VltPkn_467' is not created (the create is rolled back)
TOPLEVEL  LIMIT                  REFUSED   [UNSUPPORTED] the IDE refused to create 'LIMIT': The name 'LIMIT' is not valid for this object.
ACTION    GT                     REFUSED   [UNSUPPORTED] 'VltPkn_468': the IDE refused to create its action 'GT': The name 'GT' is not valid for this object. — 'VltPkn_468' is not created (the create is rolled back)
PROPERTY  GT                     REFUSED   [UNSUPPORTED] 'VltPkn_469': the IDE refused to create its property 'GT': The name 'GT' is not valid for this object. — 'VltPkn_469' is not created (the create is rolled back)
TOPLEVEL  GT                     REFUSED   [UNSUPPORTED] the IDE refused to create 'GT': The name 'GT' is not valid for this object.
ACTION    LT                     REFUSED   [UNSUPPORTED] 'VltPkn_470': the IDE refused to create its action 'LT': The name 'LT' is not valid for this object. — 'VltPkn_470' is not created (the create is rolled back)
PROPERTY  LT                     REFUSED   [UNSUPPORTED] 'VltPkn_471': the IDE refused to create its property 'LT': The name 'LT' is not valid for this object. — 'VltPkn_471' is not created (the create is rolled back)
TOPLEVEL  LT                     REFUSED   [UNSUPPORTED] the IDE refused to create 'LT': The name 'LT' is not valid for this object.
ACTION    GE                     REFUSED   [UNSUPPORTED] 'VltPkn_472': the IDE refused to create its action 'GE': The name 'GE' is not valid for this object. — 'VltPkn_472' is not created (the create is rolled back)
PROPERTY  GE                     REFUSED   [UNSUPPORTED] 'VltPkn_473': the IDE refused to create its property 'GE': The name 'GE' is not valid for this object. — 'VltPkn_473' is not created (the create is rolled back)
TOPLEVEL  GE                     REFUSED   [UNSUPPORTED] the IDE refused to create 'GE': The name 'GE' is not valid for this object.
ACTION    LE                     REFUSED   [UNSUPPORTED] 'VltPkn_474': the IDE refused to create its action 'LE': The name 'LE' is not valid for this object. — 'VltPkn_474' is not created (the create is rolled back)
PROPERTY  LE                     REFUSED   [UNSUPPORTED] 'VltPkn_475': the IDE refused to create its property 'LE': The name 'LE' is not valid for this object. — 'VltPkn_475' is not created (the create is rolled back)
TOPLEVEL  LE                     REFUSED   [UNSUPPORTED] the IDE refused to create 'LE': The name 'LE' is not valid for this object.
ACTION    EQ                     REFUSED   [UNSUPPORTED] 'VltPkn_476': the IDE refused to create its action 'EQ': The name 'EQ' is not valid for this object. — 'VltPkn_476' is not created (the create is rolled back)
PROPERTY  EQ                     REFUSED   [UNSUPPORTED] 'VltPkn_477': the IDE refused to create its property 'EQ': The name 'EQ' is not valid for this object. — 'VltPkn_477' is not created (the create is rolled back)
TOPLEVEL  EQ                     REFUSED   [UNSUPPORTED] the IDE refused to create 'EQ': The name 'EQ' is not valid for this object.
ACTION    NE                     REFUSED   [UNSUPPORTED] 'VltPkn_478': the IDE refused to create its action 'NE': The name 'NE' is not valid for this object. — 'VltPkn_478' is not created (the create is rolled back)
PROPERTY  NE                     REFUSED   [UNSUPPORTED] 'VltPkn_479': the IDE refused to create its property 'NE': The name 'NE' is not valid for this object. — 'VltPkn_479' is not created (the create is rolled back)
TOPLEVEL  NE                     REFUSED   [UNSUPPORTED] the IDE refused to create 'NE': The name 'NE' is not valid for this object.
ACTION    ABS                    REFUSED   [UNSUPPORTED] 'VltPkn_480': the IDE refused to create its action 'ABS': The name 'ABS' is not valid for this object. — 'VltPkn_480' is not created (the create is rolled back)
PROPERTY  ABS                    REFUSED   [UNSUPPORTED] 'VltPkn_481': the IDE refused to create its property 'ABS': The name 'ABS' is not valid for this object. — 'VltPkn_481' is not created (the create is rolled back)
TOPLEVEL  ABS                    REFUSED   [UNSUPPORTED] the IDE refused to create 'ABS': The name 'ABS' is not valid for this object.
ACTION    SQRT                   REFUSED   [UNSUPPORTED] 'VltPkn_482': the IDE refused to create its action 'SQRT': The name 'SQRT' is not valid for this object. — 'VltPkn_482' is not created (the create is rolled back)
PROPERTY  SQRT                   REFUSED   [UNSUPPORTED] 'VltPkn_483': the IDE refused to create its property 'SQRT': The name 'SQRT' is not valid for this object. — 'VltPkn_483' is not created (the create is rolled back)
TOPLEVEL  SQRT                   REFUSED   [UNSUPPORTED] the IDE refused to create 'SQRT': The name 'SQRT' is not valid for this object.
ACTION    LN                     REFUSED   [UNSUPPORTED] 'VltPkn_484': the IDE refused to create its action 'LN': The name 'LN' is not valid for this object. — 'VltPkn_484' is not created (the create is rolled back)
PROPERTY  LN                     REFUSED   [UNSUPPORTED] 'VltPkn_485': the IDE refused to create its property 'LN': The name 'LN' is not valid for this object. — 'VltPkn_485' is not created (the create is rolled back)
TOPLEVEL  LN                     REFUSED   [UNSUPPORTED] the IDE refused to create 'LN': The name 'LN' is not valid for this object.
ACTION    LOG                    REFUSED   [UNSUPPORTED] 'VltPkn_486': the IDE refused to create its action 'LOG': The name 'LOG' is not valid for this object. — 'VltPkn_486' is not created (the create is rolled back)
PROPERTY  LOG                    REFUSED   [UNSUPPORTED] 'VltPkn_487': the IDE refused to create its property 'LOG': The name 'LOG' is not valid for this object. — 'VltPkn_487' is not created (the create is rolled back)
TOPLEVEL  LOG                    REFUSED   [UNSUPPORTED] the IDE refused to create 'LOG': The name 'LOG' is not valid for this object.
ACTION    EXP                    REFUSED   [UNSUPPORTED] 'VltPkn_488': the IDE refused to create its action 'EXP': The name 'EXP' is not valid for this object. — 'VltPkn_488' is not created (the create is rolled back)
PROPERTY  EXP                    REFUSED   [UNSUPPORTED] 'VltPkn_489': the IDE refused to create its property 'EXP': The name 'EXP' is not valid for this object. — 'VltPkn_489' is not created (the create is rolled back)
TOPLEVEL  EXP                    REFUSED   [UNSUPPORTED] the IDE refused to create 'EXP': The name 'EXP' is not valid for this object.
ACTION    EXPT                   REFUSED   [UNSUPPORTED] 'VltPkn_490': the IDE refused to create its action 'EXPT': The name 'EXPT' is not valid for this object. — 'VltPkn_490' is not created (the create is rolled back)
PROPERTY  EXPT                   REFUSED   [UNSUPPORTED] 'VltPkn_491': the IDE refused to create its property 'EXPT': The name 'EXPT' is not valid for this object. — 'VltPkn_491' is not created (the create is rolled back)
TOPLEVEL  EXPT                   REFUSED   [UNSUPPORTED] the IDE refused to create 'EXPT': The name 'EXPT' is not valid for this object.
ACTION    SIN                    REFUSED   [UNSUPPORTED] 'VltPkn_492': the IDE refused to create its action 'SIN': The name 'SIN' is not valid for this object. — 'VltPkn_492' is not created (the create is rolled back)
PROPERTY  SIN                    REFUSED   [UNSUPPORTED] 'VltPkn_493': the IDE refused to create its property 'SIN': The name 'SIN' is not valid for this object. — 'VltPkn_493' is not created (the create is rolled back)
TOPLEVEL  SIN                    REFUSED   [UNSUPPORTED] the IDE refused to create 'SIN': The name 'SIN' is not valid for this object.
ACTION    COS                    REFUSED   [UNSUPPORTED] 'VltPkn_494': the IDE refused to create its action 'COS': The name 'COS' is not valid for this object. — 'VltPkn_494' is not created (the create is rolled back)
PROPERTY  COS                    REFUSED   [UNSUPPORTED] 'VltPkn_495': the IDE refused to create its property 'COS': The name 'COS' is not valid for this object. — 'VltPkn_495' is not created (the create is rolled back)
TOPLEVEL  COS                    REFUSED   [UNSUPPORTED] the IDE refused to create 'COS': The name 'COS' is not valid for this object.
ACTION    TAN                    REFUSED   [UNSUPPORTED] 'VltPkn_496': the IDE refused to create its action 'TAN': The name 'TAN' is not valid for this object. — 'VltPkn_496' is not created (the create is rolled back)
PROPERTY  TAN                    REFUSED   [UNSUPPORTED] 'VltPkn_497': the IDE refused to create its property 'TAN': The name 'TAN' is not valid for this object. — 'VltPkn_497' is not created (the create is rolled back)
TOPLEVEL  TAN                    REFUSED   [UNSUPPORTED] the IDE refused to create 'TAN': The name 'TAN' is not valid for this object.
ACTION    ASIN                   REFUSED   [UNSUPPORTED] 'VltPkn_498': the IDE refused to create its action 'ASIN': The name 'ASIN' is not valid for this object. — 'VltPkn_498' is not created (the create is rolled back)
PROPERTY  ASIN                   REFUSED   [UNSUPPORTED] 'VltPkn_499': the IDE refused to create its property 'ASIN': The name 'ASIN' is not valid for this object. — 'VltPkn_499' is not created (the create is rolled back)
TOPLEVEL  ASIN                   REFUSED   [UNSUPPORTED] the IDE refused to create 'ASIN': The name 'ASIN' is not valid for this object.
ACTION    ACOS                   REFUSED   [UNSUPPORTED] 'VltPkn_500': the IDE refused to create its action 'ACOS': The name 'ACOS' is not valid for this object. — 'VltPkn_500' is not created (the create is rolled back)
PROPERTY  ACOS                   REFUSED   [UNSUPPORTED] 'VltPkn_501': the IDE refused to create its property 'ACOS': The name 'ACOS' is not valid for this object. — 'VltPkn_501' is not created (the create is rolled back)
TOPLEVEL  ACOS                   REFUSED   [UNSUPPORTED] the IDE refused to create 'ACOS': The name 'ACOS' is not valid for this object.
ACTION    ATAN                   REFUSED   [UNSUPPORTED] 'VltPkn_502': the IDE refused to create its action 'ATAN': The name 'ATAN' is not valid for this object. — 'VltPkn_502' is not created (the create is rolled back)
PROPERTY  ATAN                   REFUSED   [UNSUPPORTED] 'VltPkn_503': the IDE refused to create its property 'ATAN': The name 'ATAN' is not valid for this object. — 'VltPkn_503' is not created (the create is rolled back)
TOPLEVEL  ATAN                   REFUSED   [UNSUPPORTED] the IDE refused to create 'ATAN': The name 'ATAN' is not valid for this object.
ACTION    ADR                    REFUSED   [UNSUPPORTED] 'VltPkn_504': the IDE refused to create its action 'ADR': The name 'ADR' is not valid for this object. — 'VltPkn_504' is not created (the create is rolled back)
PROPERTY  ADR                    REFUSED   [UNSUPPORTED] 'VltPkn_505': the IDE refused to create its property 'ADR': The name 'ADR' is not valid for this object. — 'VltPkn_505' is not created (the create is rolled back)
TOPLEVEL  ADR                    REFUSED   [UNSUPPORTED] the IDE refused to create 'ADR': The name 'ADR' is not valid for this object.
ACTION    BITADR                 REFUSED   [UNSUPPORTED] 'VltPkn_506': the IDE refused to create its action 'BITADR': The name 'BITADR' is not valid for this object. — 'VltPkn_506' is not created (the create is rolled back)
PROPERTY  BITADR                 REFUSED   [UNSUPPORTED] 'VltPkn_507': the IDE refused to create its property 'BITADR': The name 'BITADR' is not valid for this object. — 'VltPkn_507' is not created (the create is rolled back)
TOPLEVEL  BITADR                 REFUSED   [UNSUPPORTED] the IDE refused to create 'BITADR': The name 'BITADR' is not valid for this object.
ACTION    MOVE                   REFUSED   [UNSUPPORTED] 'VltPkn_508': the IDE refused to create its action 'MOVE': The name 'MOVE' is not valid for this object. — 'VltPkn_508' is not created (the create is rolled back)
PROPERTY  MOVE                   REFUSED   [UNSUPPORTED] 'VltPkn_509': the IDE refused to create its property 'MOVE': The name 'MOVE' is not valid for this object. — 'VltPkn_509' is not created (the create is rolled back)
TOPLEVEL  MOVE                   REFUSED   [UNSUPPORTED] the IDE refused to create 'MOVE': The name 'MOVE' is not valid for this object.
ACTION    INDEXOF                REFUSED   [UNSUPPORTED] 'VltPkn_510': the IDE refused to create its action 'INDEXOF': The name 'INDEXOF' is not valid for this object. — 'VltPkn_510' is not created (the create is rolled back)
PROPERTY  INDEXOF                REFUSED   [UNSUPPORTED] 'VltPkn_511': the IDE refused to create its property 'INDEXOF': The name 'INDEXOF' is not valid for this object. — 'VltPkn_511' is not created (the create is rolled back)
TOPLEVEL  INDEXOF                REFUSED   [UNSUPPORTED] the IDE refused to create 'INDEXOF': The name 'INDEXOF' is not valid for this object.
ACTION    SIZEOF                 REFUSED   [UNSUPPORTED] 'VltPkn_512': the IDE refused to create its action 'SIZEOF': The name 'SIZEOF' is not valid for this object. — 'VltPkn_512' is not created (the create is rolled back)
PROPERTY  SIZEOF                 REFUSED   [UNSUPPORTED] 'VltPkn_513': the IDE refused to create its property 'SIZEOF': The name 'SIZEOF' is not valid for this object. — 'VltPkn_513' is not created (the create is rolled back)
TOPLEVEL  SIZEOF                 REFUSED   [UNSUPPORTED] the IDE refused to create 'SIZEOF': The name 'SIZEOF' is not valid for this object.
ACTION    XSIZEOF                REFUSED   [UNSUPPORTED] 'VltPkn_514': the IDE refused to create its action 'XSIZEOF': The name 'XSIZEOF' is not valid for this object. — 'VltPkn_514' is not created (the create is rolled back)
PROPERTY  XSIZEOF                REFUSED   [UNSUPPORTED] 'VltPkn_515': the IDE refused to create its property 'XSIZEOF': The name 'XSIZEOF' is not valid for this object. — 'VltPkn_515' is not created (the create is rolled back)
TOPLEVEL  XSIZEOF                REFUSED   [UNSUPPORTED] the IDE refused to create 'XSIZEOF': The name 'XSIZEOF' is not valid for this object.
ACTION    TRUNC                  REFUSED   [UNSUPPORTED] 'VltPkn_516': the IDE refused to create its action 'TRUNC': The name 'TRUNC' is not valid for this object. — 'VltPkn_516' is not created (the create is rolled back)
PROPERTY  TRUNC                  REFUSED   [UNSUPPORTED] 'VltPkn_517': the IDE refused to create its property 'TRUNC': The name 'TRUNC' is not valid for this object. — 'VltPkn_517' is not created (the create is rolled back)
TOPLEVEL  TRUNC                  REFUSED   [UNSUPPORTED] the IDE refused to create 'TRUNC': The name 'TRUNC' is not valid for this object.
ACTION    TRUNC_INT              REFUSED   [UNSUPPORTED] 'VltPkn_518': the IDE refused to create its action 'TRUNC_INT': The name 'TRUNC_INT' is not valid for this object. — 'VltPkn_518' is not created (the create is rolled back)
PROPERTY  TRUNC_INT              REFUSED   [UNSUPPORTED] 'VltPkn_519': the IDE refused to create its property 'TRUNC_INT': The name 'TRUNC_INT' is not valid for this object. — 'VltPkn_519' is not created (the create is rolled back)
TOPLEVEL  TRUNC_INT              REFUSED   [UNSUPPORTED] the IDE refused to create 'TRUNC_INT': The name 'TRUNC_INT' is not valid for this object.
ACTION    INI                    REFUSED   [UNSUPPORTED] 'VltPkn_520': the IDE refused to create its action 'INI': The name 'INI' is not valid for this object. — 'VltPkn_520' is not created (the create is rolled back)
PROPERTY  INI                    REFUSED   [UNSUPPORTED] 'VltPkn_521': the IDE refused to create its property 'INI': The name 'INI' is not valid for this object. — 'VltPkn_521' is not created (the create is rolled back)
TOPLEVEL  INI                    REFUSED   [UNSUPPORTED] the IDE refused to create 'INI': The name 'INI' is not valid for this object.
ACTION    CAL                    REFUSED   [UNSUPPORTED] 'VltPkn_522': the IDE refused to create its action 'CAL': The name 'CAL' is not valid for this object. — 'VltPkn_522' is not created (the create is rolled back)
PROPERTY  CAL                    REFUSED   [UNSUPPORTED] 'VltPkn_523': the IDE refused to create its property 'CAL': The name 'CAL' is not valid for this object. — 'VltPkn_523' is not created (the create is rolled back)
TOPLEVEL  CAL                    REFUSED   [UNSUPPORTED] the IDE refused to create 'CAL': The name 'CAL' is not valid for this object.
ACTION    __NEW                  REFUSED   [UNSUPPORTED] 'VltPkn_524': the IDE refused to create its action '__NEW': The name '__NEW' is not valid for this object. — 'VltPkn_524' is not created (the create is rolled back)
PROPERTY  __NEW                  REFUSED   [UNSUPPORTED] 'VltPkn_525': the IDE refused to create its property '__NEW': The name '__NEW' is not valid for this object. — 'VltPkn_525' is not created (the create is rolled back)
TOPLEVEL  __NEW                  REFUSED   [UNSUPPORTED] the IDE refused to create '__NEW': The name '__NEW' is not valid for this object.
ACTION    __DELETE               REFUSED   [UNSUPPORTED] 'VltPkn_526': the IDE refused to create its action '__DELETE': The name '__DELETE' is not valid for this object. — 'VltPkn_526' is not created (the create is rolled back)
PROPERTY  __DELETE               REFUSED   [UNSUPPORTED] 'VltPkn_527': the IDE refused to create its property '__DELETE': The name '__DELETE' is not valid for this object. — 'VltPkn_527' is not created (the create is rolled back)
TOPLEVEL  __DELETE               REFUSED   [UNSUPPORTED] the IDE refused to create '__DELETE': The name '__DELETE' is not valid for this object.
ACTION    __ISVALIDREF           REFUSED   [UNSUPPORTED] 'VltPkn_528': the IDE refused to create its action '__ISVALIDREF': The name '__ISVALIDREF' is not valid for this object. — 'VltPkn_528' is not created (the create is rolled back)
PROPERTY  __ISVALIDREF           REFUSED   [UNSUPPORTED] 'VltPkn_529': the IDE refused to create its property '__ISVALIDREF': The name '__ISVALIDREF' is not valid for this object. — 'VltPkn_529' is not created (the create is rolled back)
TOPLEVEL  __ISVALIDREF           REFUSED   [UNSUPPORTED] the IDE refused to create '__ISVALIDREF': The name '__ISVALIDREF' is not valid for this object.
ACTION    __QUERYINTERFACE       REFUSED   [UNSUPPORTED] 'VltPkn_530': the IDE refused to create its action '__QUERYINTERFACE': The name '__QUERYINTERFACE' is not valid for this object. — 'VltPkn_530' is not created (the create is rolled back)
PROPERTY  __QUERYINTERFACE       REFUSED   [UNSUPPORTED] 'VltPkn_531': the IDE refused to create its property '__QUERYINTERFACE': The name '__QUERYINTERFACE' is not valid for this object. — 'VltPkn_531' is not created (the create is rolled back)
TOPLEVEL  __QUERYINTERFACE       REFUSED   [UNSUPPORTED] the IDE refused to create '__QUERYINTERFACE': The name '__QUERYINTERFACE' is not valid for this object.
ACTION    __QUERYPOINTER         REFUSED   [UNSUPPORTED] 'VltPkn_532': the IDE refused to create its action '__QUERYPOINTER': The name '__QUERYPOINTER' is not valid for this object. — 'VltPkn_532' is not created (the create is rolled back)
PROPERTY  __QUERYPOINTER         REFUSED   [UNSUPPORTED] 'VltPkn_533': the IDE refused to create its property '__QUERYPOINTER': The name '__QUERYPOINTER' is not valid for this object. — 'VltPkn_533' is not created (the create is rolled back)
TOPLEVEL  __QUERYPOINTER         REFUSED   [UNSUPPORTED] the IDE refused to create '__QUERYPOINTER': The name '__QUERYPOINTER' is not valid for this object.
ACTION    __TRY                  REFUSED   [UNSUPPORTED] 'VltPkn_534': the IDE refused to create its action '__TRY': The name '__TRY' is not valid for this object. — 'VltPkn_534' is not created (the create is rolled back)
PROPERTY  __TRY                  REFUSED   [UNSUPPORTED] 'VltPkn_535': the IDE refused to create its property '__TRY': The name '__TRY' is not valid for this object. — 'VltPkn_535' is not created (the create is rolled back)
TOPLEVEL  __TRY                  REFUSED   [UNSUPPORTED] the IDE refused to create '__TRY': The name '__TRY' is not valid for this object.
ACTION    __CATCH                REFUSED   [UNSUPPORTED] 'VltPkn_536': the IDE refused to create its action '__CATCH': The name '__CATCH' is not valid for this object. — 'VltPkn_536' is not created (the create is rolled back)
PROPERTY  __CATCH                REFUSED   [UNSUPPORTED] 'VltPkn_537': the IDE refused to create its property '__CATCH': The name '__CATCH' is not valid for this object. — 'VltPkn_537' is not created (the create is rolled back)
TOPLEVEL  __CATCH                REFUSED   [UNSUPPORTED] the IDE refused to create '__CATCH': The name '__CATCH' is not valid for this object.
ACTION    __FINALLY              REFUSED   [UNSUPPORTED] 'VltPkn_538': the IDE refused to create its action '__FINALLY': The name '__FINALLY' is not valid for this object. — 'VltPkn_538' is not created (the create is rolled back)
PROPERTY  __FINALLY              REFUSED   [UNSUPPORTED] 'VltPkn_539': the IDE refused to create its property '__FINALLY': The name '__FINALLY' is not valid for this object. — 'VltPkn_539' is not created (the create is rolled back)
TOPLEVEL  __FINALLY              REFUSED   [UNSUPPORTED] the IDE refused to create '__FINALLY': The name '__FINALLY' is not valid for this object.
ACTION    __ENDTRY               REFUSED   [UNSUPPORTED] 'VltPkn_540': the IDE refused to create its action '__ENDTRY': The name '__ENDTRY' is not valid for this object. — 'VltPkn_540' is not created (the create is rolled back)
PROPERTY  __ENDTRY               REFUSED   [UNSUPPORTED] 'VltPkn_541': the IDE refused to create its property '__ENDTRY': The name '__ENDTRY' is not valid for this object. — 'VltPkn_541' is not created (the create is rolled back)
TOPLEVEL  __ENDTRY               REFUSED   [UNSUPPORTED] the IDE refused to create '__ENDTRY': The name '__ENDTRY' is not valid for this object.
ACTION    __VARINFO              REFUSED   [UNSUPPORTED] 'VltPkn_542': the IDE refused to create its action '__VARINFO': The name '__VARINFO' is not valid for this object. — 'VltPkn_542' is not created (the create is rolled back)
PROPERTY  __VARINFO              REFUSED   [UNSUPPORTED] 'VltPkn_543': the IDE refused to create its property '__VARINFO': The name '__VARINFO' is not valid for this object. — 'VltPkn_543' is not created (the create is rolled back)
TOPLEVEL  __VARINFO              REFUSED   [UNSUPPORTED] the IDE refused to create '__VARINFO': The name '__VARINFO' is not valid for this object.
ACTION    __CURRENTTASK          REFUSED   [UNSUPPORTED] 'VltPkn_544': the IDE refused to create its action '__CURRENTTASK': The name '__CURRENTTASK' is not valid for this object. — 'VltPkn_544' is not created (the create is rolled back)
PROPERTY  __CURRENTTASK          REFUSED   [UNSUPPORTED] 'VltPkn_545': the IDE refused to create its property '__CURRENTTASK': The name '__CURRENTTASK' is not valid for this object. — 'VltPkn_545' is not created (the create is rolled back)
TOPLEVEL  __CURRENTTASK          REFUSED   [UNSUPPORTED] the IDE refused to create '__CURRENTTASK': The name '__CURRENTTASK' is not valid for this object.
ACTION    __POSITION             REFUSED   [UNSUPPORTED] 'VltPkn_546': the IDE refused to create its action '__POSITION': The name '__POSITION' is not valid for this object. — 'VltPkn_546' is not created (the create is rolled back)
PROPERTY  __POSITION             REFUSED   [UNSUPPORTED] 'VltPkn_547': the IDE refused to create its property '__POSITION': The name '__POSITION' is not valid for this object. — 'VltPkn_547' is not created (the create is rolled back)
TOPLEVEL  __POSITION             REFUSED   [UNSUPPORTED] the IDE refused to create '__POSITION': The name '__POSITION' is not valid for this object.
ACTION    __POUNAME              REFUSED   [UNSUPPORTED] 'VltPkn_548': the IDE refused to create its action '__POUNAME': The name '__POUNAME' is not valid for this object. — 'VltPkn_548' is not created (the create is rolled back)
PROPERTY  __POUNAME              REFUSED   [UNSUPPORTED] 'VltPkn_549': the IDE refused to create its property '__POUNAME': The name '__POUNAME' is not valid for this object. — 'VltPkn_549' is not created (the create is rolled back)
TOPLEVEL  __POUNAME              REFUSED   [UNSUPPORTED] the IDE refused to create '__POUNAME': The name '__POUNAME' is not valid for this object.
ACTION    __COMPARE_AND_SWAP     REFUSED   [UNSUPPORTED] 'VltPkn_550': the IDE refused to create its action '__COMPARE_AND_SWAP': The name '__COMPARE_AND_SWAP' is not valid for this object. — 'VltPkn_550' is not created (the create is rolled back)
PROPERTY  __COMPARE_AND_SWAP     REFUSED   [UNSUPPORTED] 'VltPkn_551': the IDE refused to create its property '__COMPARE_AND_SWAP': The name '__COMPARE_AND_SWAP' is not valid for this object. — 'VltPkn_551' is not created (the create is rolled back)
TOPLEVEL  __COMPARE_AND_SWAP     REFUSED   [UNSUPPORTED] the IDE refused to create '__COMPARE_AND_SWAP': The name '__COMPARE_AND_SWAP' is not valid for this object.
ACTION    __XADD                 REFUSED   [UNSUPPORTED] 'VltPkn_552': the IDE refused to create its action '__XADD': The name '__XADD' is not valid for this object. — 'VltPkn_552' is not created (the create is rolled back)
PROPERTY  __XADD                 REFUSED   [UNSUPPORTED] 'VltPkn_553': the IDE refused to create its property '__XADD': The name '__XADD' is not valid for this object. — 'VltPkn_553' is not created (the create is rolled back)
TOPLEVEL  __XADD                 REFUSED   [UNSUPPORTED] the IDE refused to create '__XADD': The name '__XADD' is not valid for this object.
ACTION    __POOL                 REFUSED   [UNSUPPORTED] 'VltPkn_554': the IDE refused to create its action '__POOL': The name '__POOL' is not valid for this object. — 'VltPkn_554' is not created (the create is rolled back)
PROPERTY  __POOL                 REFUSED   [UNSUPPORTED] 'VltPkn_555': the IDE refused to create its property '__POOL': The name '__POOL' is not valid for this object. — 'VltPkn_555' is not created (the create is rolled back)
TOPLEVEL  __POOL                 REFUSED   [UNSUPPORTED] the IDE refused to create '__POOL': The name '__POOL' is not valid for this object.
ACTION    TEST_AND_SET           REFUSED   [UNSUPPORTED] 'VltPkn_556': the IDE refused to create its action 'TEST_AND_SET': The name 'TEST_AND_SET' is not valid for this object. — 'VltPkn_556' is not created (the create is rolled back)
PROPERTY  TEST_AND_SET           REFUSED   [UNSUPPORTED] 'VltPkn_557': the IDE refused to create its property 'TEST_AND_SET': The name 'TEST_AND_SET' is not valid for this object. — 'VltPkn_557' is not created (the create is rolled back)
TOPLEVEL  TEST_AND_SET           REFUSED   [UNSUPPORTED] the IDE refused to create 'TEST_AND_SET': The name 'TEST_AND_SET' is not valid for this object.
ACTION    __VECTOR               REFUSED   [UNSUPPORTED] 'VltPkn_558': the IDE refused to create its action '__VECTOR': The name '__VECTOR' is not valid for this object. — 'VltPkn_558' is not created (the create is rolled back)
PROPERTY  __VECTOR               REFUSED   [UNSUPPORTED] 'VltPkn_559': the IDE refused to create its property '__VECTOR': The name '__VECTOR' is not valid for this object. — 'VltPkn_559' is not created (the create is rolled back)
TOPLEVEL  __VECTOR               REFUSED   [UNSUPPORTED] the IDE refused to create '__VECTOR': The name '__VECTOR' is not valid for this object.
ACTION    VAR_GENERIC            REFUSED   [UNSUPPORTED] 'VltPkn_560': the IDE refused to create its action 'VAR_GENERIC': The name 'VAR_GENERIC' is not valid for this object. — 'VltPkn_560' is not created (the create is rolled back)
PROPERTY  VAR_GENERIC            REFUSED   [UNSUPPORTED] 'VltPkn_561': the IDE refused to create its property 'VAR_GENERIC': The name 'VAR_GENERIC' is not valid for this object. — 'VltPkn_561' is not created (the create is rolled back)
TOPLEVEL  VAR_GENERIC            REFUSED   [UNSUPPORTED] the IDE refused to create 'VAR_GENERIC': The name 'VAR_GENERIC' is not valid for this object.
ACTION    PARAMS                 REFUSED   [UNSUPPORTED] 'VltPkn_562': the IDE refused to create its action 'PARAMS': The name 'PARAMS' is not valid for this object. — 'VltPkn_562' is not created (the create is rolled back)
PROPERTY  PARAMS                 REFUSED   [UNSUPPORTED] 'VltPkn_563': the IDE refused to create its property 'PARAMS': The name 'PARAMS' is not valid for this object. — 'VltPkn_563' is not created (the create is rolled back)
TOPLEVEL  PARAMS                 REFUSED   [UNSUPPORTED] the IDE refused to create 'PARAMS': The name 'PARAMS' is not valid for this object.
ACTION    THIS                   REFUSED   [UNSUPPORTED] 'VltPkn_564': the IDE refused to create its action 'THIS': The name 'THIS' is not valid for this object. — 'VltPkn_564' is not created (the create is rolled back)
PROPERTY  THIS                   REFUSED   [UNSUPPORTED] 'VltPkn_565': the IDE refused to create its property 'THIS': The name 'THIS' is not valid for this object. — 'VltPkn_565' is not created (the create is rolled back)
TOPLEVEL  THIS                   REFUSED   [UNSUPPORTED] the IDE refused to create 'THIS': The name 'THIS' is not valid for this object.
ACTION    SUPER                  REFUSED   [UNSUPPORTED] 'VltPkn_566': the IDE refused to create its action 'SUPER': The name 'SUPER' is not valid for this object. — 'VltPkn_566' is not created (the create is rolled back)
PROPERTY  SUPER                  REFUSED   [UNSUPPORTED] 'VltPkn_567': the IDE refused to create its property 'SUPER': The name 'SUPER' is not valid for this object. — 'VltPkn_567' is not created (the create is rolled back)
TOPLEVEL  SUPER                  REFUSED   [UNSUPPORTED] the IDE refused to create 'SUPER': The name 'SUPER' is not valid for this object.
ACTION    FROM                   REFUSED   [UNSUPPORTED] 'VltPkn_568': the IDE refused to create its action 'FROM': The name 'FROM' is not valid for this object. — 'VltPkn_568' is not created (the create is rolled back)
PROPERTY  FROM                   REFUSED   [UNSUPPORTED] 'VltPkn_569': the IDE refused to create its property 'FROM': The name 'FROM' is not valid for this object. — 'VltPkn_569' is not created (the create is rolled back)
TOPLEVEL  FROM                   REFUSED   [UNSUPPORTED] the IDE refused to create 'FROM': The name 'FROM' is not valid for this object.
ACTION    R                      REFUSED   [UNSUPPORTED] 'VltPkn_570': the IDE refused to create its action 'R': The name 'R' is not valid for this object. — 'VltPkn_570' is not created (the create is rolled back)
PROPERTY  R                      REFUSED   [UNSUPPORTED] 'VltPkn_571': the IDE refused to create its property 'R': The name 'R' is not valid for this object. — 'VltPkn_571' is not created (the create is rolled back)
TOPLEVEL  R                      REFUSED   [UNSUPPORTED] the IDE refused to create 'R': The name 'R' is not valid for this object.
ACTION    S                      REFUSED   [UNSUPPORTED] 'VltPkn_572': the IDE refused to create its action 'S': The name 'S' is not valid for this object. — 'VltPkn_572' is not created (the create is rolled back)
PROPERTY  S                      REFUSED   [UNSUPPORTED] 'VltPkn_573': the IDE refused to create its property 'S': The name 'S' is not valid for this object. — 'VltPkn_573' is not created (the create is rolled back)
TOPLEVEL  S                      REFUSED   [UNSUPPORTED] the IDE refused to create 'S': The name 'S' is not valid for this object.
ACTION    LD                     REFUSED   [UNSUPPORTED] 'VltPkn_574': the IDE refused to create its action 'LD': The name 'LD' is not valid for this object. — 'VltPkn_574' is not created (the create is rolled back)
PROPERTY  LD                     REFUSED   [UNSUPPORTED] 'VltPkn_575': the IDE refused to create its property 'LD': The name 'LD' is not valid for this object. — 'VltPkn_575' is not created (the create is rolled back)
TOPLEVEL  LD                     REFUSED   [UNSUPPORTED] the IDE refused to create 'LD': The name 'LD' is not valid for this object.
ACTION    LDN                    REFUSED   [UNSUPPORTED] 'VltPkn_576': the IDE refused to create its action 'LDN': The name 'LDN' is not valid for this object. — 'VltPkn_576' is not created (the create is rolled back)
PROPERTY  LDN                    REFUSED   [UNSUPPORTED] 'VltPkn_577': the IDE refused to create its property 'LDN': The name 'LDN' is not valid for this object. — 'VltPkn_577' is not created (the create is rolled back)
TOPLEVEL  LDN                    REFUSED   [UNSUPPORTED] the IDE refused to create 'LDN': The name 'LDN' is not valid for this object.
ACTION    ST                     REFUSED   [UNSUPPORTED] 'VltPkn_578': the IDE refused to create its action 'ST': The name 'ST' is not valid for this object. — 'VltPkn_578' is not created (the create is rolled back)
PROPERTY  ST                     REFUSED   [UNSUPPORTED] 'VltPkn_579': the IDE refused to create its property 'ST': The name 'ST' is not valid for this object. — 'VltPkn_579' is not created (the create is rolled back)
TOPLEVEL  ST                     REFUSED   [UNSUPPORTED] the IDE refused to create 'ST': The name 'ST' is not valid for this object.
ACTION    STN                    REFUSED   [UNSUPPORTED] 'VltPkn_580': the IDE refused to create its action 'STN': The name 'STN' is not valid for this object. — 'VltPkn_580' is not created (the create is rolled back)
PROPERTY  STN                    REFUSED   [UNSUPPORTED] 'VltPkn_581': the IDE refused to create its property 'STN': The name 'STN' is not valid for this object. — 'VltPkn_581' is not created (the create is rolled back)
TOPLEVEL  STN                    REFUSED   [UNSUPPORTED] the IDE refused to create 'STN': The name 'STN' is not valid for this object.
ACTION    RET                    REFUSED   [UNSUPPORTED] 'VltPkn_582': the IDE refused to create its action 'RET': The name 'RET' is not valid for this object. — 'VltPkn_582' is not created (the create is rolled back)
PROPERTY  RET                    REFUSED   [UNSUPPORTED] 'VltPkn_583': the IDE refused to create its property 'RET': The name 'RET' is not valid for this object. — 'VltPkn_583' is not created (the create is rolled back)
TOPLEVEL  RET                    REFUSED   [UNSUPPORTED] the IDE refused to create 'RET': The name 'RET' is not valid for this object.
ACTION    RETC                   REFUSED   [UNSUPPORTED] 'VltPkn_584': the IDE refused to create its action 'RETC': The name 'RETC' is not valid for this object. — 'VltPkn_584' is not created (the create is rolled back)
PROPERTY  RETC                   REFUSED   [UNSUPPORTED] 'VltPkn_585': the IDE refused to create its property 'RETC': The name 'RETC' is not valid for this object. — 'VltPkn_585' is not created (the create is rolled back)
TOPLEVEL  RETC                   REFUSED   [UNSUPPORTED] the IDE refused to create 'RETC': The name 'RETC' is not valid for this object.
ACTION    RETCN                  REFUSED   [UNSUPPORTED] 'VltPkn_586': the IDE refused to create its action 'RETCN': The name 'RETCN' is not valid for this object. — 'VltPkn_586' is not created (the create is rolled back)
PROPERTY  RETCN                  REFUSED   [UNSUPPORTED] 'VltPkn_587': the IDE refused to create its property 'RETCN': The name 'RETCN' is not valid for this object. — 'VltPkn_587' is not created (the create is rolled back)
TOPLEVEL  RETCN                  REFUSED   [UNSUPPORTED] the IDE refused to create 'RETCN': The name 'RETCN' is not valid for this object.
ACTION    JMPC                   REFUSED   [UNSUPPORTED] 'VltPkn_588': the IDE refused to create its action 'JMPC': The name 'JMPC' is not valid for this object. — 'VltPkn_588' is not created (the create is rolled back)
PROPERTY  JMPC                   REFUSED   [UNSUPPORTED] 'VltPkn_589': the IDE refused to create its property 'JMPC': The name 'JMPC' is not valid for this object. — 'VltPkn_589' is not created (the create is rolled back)
TOPLEVEL  JMPC                   REFUSED   [UNSUPPORTED] the IDE refused to create 'JMPC': The name 'JMPC' is not valid for this object.
ACTION    JMPCN                  REFUSED   [UNSUPPORTED] 'VltPkn_590': the IDE refused to create its action 'JMPCN': The name 'JMPCN' is not valid for this object. — 'VltPkn_590' is not created (the create is rolled back)
PROPERTY  JMPCN                  REFUSED   [UNSUPPORTED] 'VltPkn_591': the IDE refused to create its property 'JMPCN': The name 'JMPCN' is not valid for this object. — 'VltPkn_591' is not created (the create is rolled back)
TOPLEVEL  JMPCN                  REFUSED   [UNSUPPORTED] the IDE refused to create 'JMPCN': The name 'JMPCN' is not valid for this object.
ACTION    CALCN                  REFUSED   [UNSUPPORTED] 'VltPkn_592': the IDE refused to create its action 'CALCN': The name 'CALCN' is not valid for this object. — 'VltPkn_592' is not created (the create is rolled back)
PROPERTY  CALCN                  REFUSED   [UNSUPPORTED] 'VltPkn_593': the IDE refused to create its property 'CALCN': The name 'CALCN' is not valid for this object. — 'VltPkn_593' is not created (the create is rolled back)
TOPLEVEL  CALCN                  REFUSED   [UNSUPPORTED] the IDE refused to create 'CALCN': The name 'CALCN' is not valid for this object.
ACTION    ANDN                   REFUSED   [UNSUPPORTED] 'VltPkn_594': the IDE refused to create its action 'ANDN': The name 'ANDN' is not valid for this object. — 'VltPkn_594' is not created (the create is rolled back)
PROPERTY  ANDN                   REFUSED   [UNSUPPORTED] 'VltPkn_595': the IDE refused to create its property 'ANDN': The name 'ANDN' is not valid for this object. — 'VltPkn_595' is not created (the create is rolled back)
TOPLEVEL  ANDN                   REFUSED   [UNSUPPORTED] the IDE refused to create 'ANDN': The name 'ANDN' is not valid for this object.
ACTION    ORN                    REFUSED   [UNSUPPORTED] 'VltPkn_596': the IDE refused to create its action 'ORN': The name 'ORN' is not valid for this object. — 'VltPkn_596' is not created (the create is rolled back)
PROPERTY  ORN                    REFUSED   [UNSUPPORTED] 'VltPkn_597': the IDE refused to create its property 'ORN': The name 'ORN' is not valid for this object. — 'VltPkn_597' is not created (the create is rolled back)
TOPLEVEL  ORN                    REFUSED   [UNSUPPORTED] the IDE refused to create 'ORN': The name 'ORN' is not valid for this object.
ACTION    XORN                   REFUSED   [UNSUPPORTED] 'VltPkn_598': the IDE refused to create its action 'XORN': The name 'XORN' is not valid for this object. — 'VltPkn_598' is not created (the create is rolled back)
PROPERTY  XORN                   REFUSED   [UNSUPPORTED] 'VltPkn_599': the IDE refused to create its property 'XORN': The name 'XORN' is not valid for this object. — 'VltPkn_599' is not created (the create is rolled back)
TOPLEVEL  XORN                   REFUSED   [UNSUPPORTED] the IDE refused to create 'XORN': The name 'XORN' is not valid for this object.
ACTION    BOOL                   REFUSED   [UNSUPPORTED] 'VltPkn_600': the IDE refused to create its action 'BOOL': The name 'BOOL' is not valid for this object. — 'VltPkn_600' is not created (the create is rolled back)
PROPERTY  BOOL                   REFUSED   [UNSUPPORTED] 'VltPkn_601': the IDE refused to create its property 'BOOL': The name 'BOOL' is not valid for this object. — 'VltPkn_601' is not created (the create is rolled back)
TOPLEVEL  BOOL                   REFUSED   [UNSUPPORTED] the IDE refused to create 'BOOL': The name 'BOOL' is not valid for this object.
ACTION    BIT                    REFUSED   [UNSUPPORTED] 'VltPkn_602': the IDE refused to create its action 'BIT': The name 'BIT' is not valid for this object. — 'VltPkn_602' is not created (the create is rolled back)
PROPERTY  BIT                    REFUSED   [UNSUPPORTED] 'VltPkn_603': the IDE refused to create its property 'BIT': The name 'BIT' is not valid for this object. — 'VltPkn_603' is not created (the create is rolled back)
TOPLEVEL  BIT                    REFUSED   [UNSUPPORTED] the IDE refused to create 'BIT': The name 'BIT' is not valid for this object.
ACTION    BYTE                   REFUSED   [UNSUPPORTED] 'VltPkn_604': the IDE refused to create its action 'BYTE': The name 'BYTE' is not valid for this object. — 'VltPkn_604' is not created (the create is rolled back)
PROPERTY  BYTE                   REFUSED   [UNSUPPORTED] 'VltPkn_605': the IDE refused to create its property 'BYTE': The name 'BYTE' is not valid for this object. — 'VltPkn_605' is not created (the create is rolled back)
TOPLEVEL  BYTE                   REFUSED   [UNSUPPORTED] the IDE refused to create 'BYTE': The name 'BYTE' is not valid for this object.
ACTION    WORD                   REFUSED   [UNSUPPORTED] 'VltPkn_606': the IDE refused to create its action 'WORD': The name 'WORD' is not valid for this object. — 'VltPkn_606' is not created (the create is rolled back)
PROPERTY  WORD                   REFUSED   [UNSUPPORTED] 'VltPkn_607': the IDE refused to create its property 'WORD': The name 'WORD' is not valid for this object. — 'VltPkn_607' is not created (the create is rolled back)
TOPLEVEL  WORD                   REFUSED   [UNSUPPORTED] the IDE refused to create 'WORD': The name 'WORD' is not valid for this object.
ACTION    DWORD                  REFUSED   [UNSUPPORTED] 'VltPkn_608': the IDE refused to create its action 'DWORD': The name 'DWORD' is not valid for this object. — 'VltPkn_608' is not created (the create is rolled back)
PROPERTY  DWORD                  REFUSED   [UNSUPPORTED] 'VltPkn_609': the IDE refused to create its property 'DWORD': The name 'DWORD' is not valid for this object. — 'VltPkn_609' is not created (the create is rolled back)
TOPLEVEL  DWORD                  REFUSED   [UNSUPPORTED] the IDE refused to create 'DWORD': The name 'DWORD' is not valid for this object.
ACTION    LWORD                  REFUSED   [UNSUPPORTED] 'VltPkn_610': the IDE refused to create its action 'LWORD': The name 'LWORD' is not valid for this object. — 'VltPkn_610' is not created (the create is rolled back)
PROPERTY  LWORD                  REFUSED   [UNSUPPORTED] 'VltPkn_611': the IDE refused to create its property 'LWORD': The name 'LWORD' is not valid for this object. — 'VltPkn_611' is not created (the create is rolled back)
TOPLEVEL  LWORD                  REFUSED   [UNSUPPORTED] the IDE refused to create 'LWORD': The name 'LWORD' is not valid for this object.
ACTION    SINT                   REFUSED   [UNSUPPORTED] 'VltPkn_612': the IDE refused to create its action 'SINT': The name 'SINT' is not valid for this object. — 'VltPkn_612' is not created (the create is rolled back)
PROPERTY  SINT                   REFUSED   [UNSUPPORTED] 'VltPkn_613': the IDE refused to create its property 'SINT': The name 'SINT' is not valid for this object. — 'VltPkn_613' is not created (the create is rolled back)
TOPLEVEL  SINT                   REFUSED   [UNSUPPORTED] the IDE refused to create 'SINT': The name 'SINT' is not valid for this object.
ACTION    INT                    REFUSED   [UNSUPPORTED] 'VltPkn_614': the IDE refused to create its action 'INT': The name 'INT' is not valid for this object. — 'VltPkn_614' is not created (the create is rolled back)
PROPERTY  INT                    REFUSED   [UNSUPPORTED] 'VltPkn_615': the IDE refused to create its property 'INT': The name 'INT' is not valid for this object. — 'VltPkn_615' is not created (the create is rolled back)
TOPLEVEL  INT                    REFUSED   [UNSUPPORTED] the IDE refused to create 'INT': The name 'INT' is not valid for this object.
ACTION    DINT                   REFUSED   [UNSUPPORTED] 'VltPkn_616': the IDE refused to create its action 'DINT': The name 'DINT' is not valid for this object. — 'VltPkn_616' is not created (the create is rolled back)
PROPERTY  DINT                   REFUSED   [UNSUPPORTED] 'VltPkn_617': the IDE refused to create its property 'DINT': The name 'DINT' is not valid for this object. — 'VltPkn_617' is not created (the create is rolled back)
TOPLEVEL  DINT                   REFUSED   [UNSUPPORTED] the IDE refused to create 'DINT': The name 'DINT' is not valid for this object.
ACTION    LINT                   REFUSED   [UNSUPPORTED] 'VltPkn_618': the IDE refused to create its action 'LINT': The name 'LINT' is not valid for this object. — 'VltPkn_618' is not created (the create is rolled back)
PROPERTY  LINT                   REFUSED   [UNSUPPORTED] 'VltPkn_619': the IDE refused to create its property 'LINT': The name 'LINT' is not valid for this object. — 'VltPkn_619' is not created (the create is rolled back)
TOPLEVEL  LINT                   REFUSED   [UNSUPPORTED] the IDE refused to create 'LINT': The name 'LINT' is not valid for this object.
ACTION    USINT                  REFUSED   [UNSUPPORTED] 'VltPkn_620': the IDE refused to create its action 'USINT': The name 'USINT' is not valid for this object. — 'VltPkn_620' is not created (the create is rolled back)
PROPERTY  USINT                  REFUSED   [UNSUPPORTED] 'VltPkn_621': the IDE refused to create its property 'USINT': The name 'USINT' is not valid for this object. — 'VltPkn_621' is not created (the create is rolled back)
TOPLEVEL  USINT                  REFUSED   [UNSUPPORTED] the IDE refused to create 'USINT': The name 'USINT' is not valid for this object.
ACTION    UINT                   REFUSED   [UNSUPPORTED] 'VltPkn_622': the IDE refused to create its action 'UINT': The name 'UINT' is not valid for this object. — 'VltPkn_622' is not created (the create is rolled back)
PROPERTY  UINT                   REFUSED   [UNSUPPORTED] 'VltPkn_623': the IDE refused to create its property 'UINT': The name 'UINT' is not valid for this object. — 'VltPkn_623' is not created (the create is rolled back)
TOPLEVEL  UINT                   REFUSED   [UNSUPPORTED] the IDE refused to create 'UINT': The name 'UINT' is not valid for this object.
ACTION    UDINT                  REFUSED   [UNSUPPORTED] 'VltPkn_624': the IDE refused to create its action 'UDINT': The name 'UDINT' is not valid for this object. — 'VltPkn_624' is not created (the create is rolled back)
PROPERTY  UDINT                  REFUSED   [UNSUPPORTED] 'VltPkn_625': the IDE refused to create its property 'UDINT': The name 'UDINT' is not valid for this object. — 'VltPkn_625' is not created (the create is rolled back)
TOPLEVEL  UDINT                  REFUSED   [UNSUPPORTED] the IDE refused to create 'UDINT': The name 'UDINT' is not valid for this object.
ACTION    ULINT                  REFUSED   [UNSUPPORTED] 'VltPkn_626': the IDE refused to create its action 'ULINT': The name 'ULINT' is not valid for this object. — 'VltPkn_626' is not created (the create is rolled back)
PROPERTY  ULINT                  REFUSED   [UNSUPPORTED] 'VltPkn_627': the IDE refused to create its property 'ULINT': The name 'ULINT' is not valid for this object. — 'VltPkn_627' is not created (the create is rolled back)
TOPLEVEL  ULINT                  REFUSED   [UNSUPPORTED] the IDE refused to create 'ULINT': The name 'ULINT' is not valid for this object.
ACTION    REAL                   REFUSED   [UNSUPPORTED] 'VltPkn_628': the IDE refused to create its action 'REAL': The name 'REAL' is not valid for this object. — 'VltPkn_628' is not created (the create is rolled back)
PROPERTY  REAL                   REFUSED   [UNSUPPORTED] 'VltPkn_629': the IDE refused to create its property 'REAL': The name 'REAL' is not valid for this object. — 'VltPkn_629' is not created (the create is rolled back)
TOPLEVEL  REAL                   REFUSED   [UNSUPPORTED] the IDE refused to create 'REAL': The name 'REAL' is not valid for this object.
ACTION    LREAL                  REFUSED   [UNSUPPORTED] 'VltPkn_630': the IDE refused to create its action 'LREAL': The name 'LREAL' is not valid for this object. — 'VltPkn_630' is not created (the create is rolled back)
PROPERTY  LREAL                  REFUSED   [UNSUPPORTED] 'VltPkn_631': the IDE refused to create its property 'LREAL': The name 'LREAL' is not valid for this object. — 'VltPkn_631' is not created (the create is rolled back)
TOPLEVEL  LREAL                  REFUSED   [UNSUPPORTED] the IDE refused to create 'LREAL': The name 'LREAL' is not valid for this object.
ACTION    TIME                   REFUSED   [UNSUPPORTED] 'VltPkn_632': the IDE refused to create its action 'TIME': The name 'TIME' is not valid for this object. — 'VltPkn_632' is not created (the create is rolled back)
PROPERTY  TIME                   REFUSED   [UNSUPPORTED] 'VltPkn_633': the IDE refused to create its property 'TIME': The name 'TIME' is not valid for this object. — 'VltPkn_633' is not created (the create is rolled back)
TOPLEVEL  TIME                   REFUSED   [UNSUPPORTED] the IDE refused to create 'TIME': The name 'TIME' is not valid for this object.
ACTION    LTIME                  REFUSED   [UNSUPPORTED] 'VltPkn_634': the IDE refused to create its action 'LTIME': The name 'LTIME' is not valid for this object. — 'VltPkn_634' is not created (the create is rolled back)
PROPERTY  LTIME                  REFUSED   [UNSUPPORTED] 'VltPkn_635': the IDE refused to create its property 'LTIME': The name 'LTIME' is not valid for this object. — 'VltPkn_635' is not created (the create is rolled back)
TOPLEVEL  LTIME                  REFUSED   [UNSUPPORTED] the IDE refused to create 'LTIME': The name 'LTIME' is not valid for this object.
ACTION    DATE                   REFUSED   [UNSUPPORTED] 'VltPkn_636': the IDE refused to create its action 'DATE': The name 'DATE' is not valid for this object. — 'VltPkn_636' is not created (the create is rolled back)
PROPERTY  DATE                   REFUSED   [UNSUPPORTED] 'VltPkn_637': the IDE refused to create its property 'DATE': The name 'DATE' is not valid for this object. — 'VltPkn_637' is not created (the create is rolled back)
TOPLEVEL  DATE                   REFUSED   [UNSUPPORTED] the IDE refused to create 'DATE': The name 'DATE' is not valid for this object.
ACTION    TOD                    REFUSED   [UNSUPPORTED] 'VltPkn_638': the IDE refused to create its action 'TOD': The name 'TOD' is not valid for this object. — 'VltPkn_638' is not created (the create is rolled back)
PROPERTY  TOD                    REFUSED   [UNSUPPORTED] 'VltPkn_639': the IDE refused to create its property 'TOD': The name 'TOD' is not valid for this object. — 'VltPkn_639' is not created (the create is rolled back)
TOPLEVEL  TOD                    REFUSED   [UNSUPPORTED] the IDE refused to create 'TOD': The name 'TOD' is not valid for this object.
ACTION    DT                     REFUSED   [UNSUPPORTED] 'VltPkn_640': the IDE refused to create its action 'DT': The name 'DT' is not valid for this object. — 'VltPkn_640' is not created (the create is rolled back)
PROPERTY  DT                     REFUSED   [UNSUPPORTED] 'VltPkn_641': the IDE refused to create its property 'DT': The name 'DT' is not valid for this object. — 'VltPkn_641' is not created (the create is rolled back)
TOPLEVEL  DT                     REFUSED   [UNSUPPORTED] the IDE refused to create 'DT': The name 'DT' is not valid for this object.
ACTION    LDATE                  REFUSED   [UNSUPPORTED] 'VltPkn_642': the IDE refused to create its action 'LDATE': The name 'LDATE' is not valid for this object. — 'VltPkn_642' is not created (the create is rolled back)
PROPERTY  LDATE                  REFUSED   [UNSUPPORTED] 'VltPkn_643': the IDE refused to create its property 'LDATE': The name 'LDATE' is not valid for this object. — 'VltPkn_643' is not created (the create is rolled back)
TOPLEVEL  LDATE                  REFUSED   [UNSUPPORTED] the IDE refused to create 'LDATE': The name 'LDATE' is not valid for this object.
ACTION    LTOD                   REFUSED   [UNSUPPORTED] 'VltPkn_644': the IDE refused to create its action 'LTOD': The name 'LTOD' is not valid for this object. — 'VltPkn_644' is not created (the create is rolled back)
PROPERTY  LTOD                   REFUSED   [UNSUPPORTED] 'VltPkn_645': the IDE refused to create its property 'LTOD': The name 'LTOD' is not valid for this object. — 'VltPkn_645' is not created (the create is rolled back)
TOPLEVEL  LTOD                   REFUSED   [UNSUPPORTED] the IDE refused to create 'LTOD': The name 'LTOD' is not valid for this object.
ACTION    LDT                    REFUSED   [UNSUPPORTED] 'VltPkn_646': the IDE refused to create its action 'LDT': The name 'LDT' is not valid for this object. — 'VltPkn_646' is not created (the create is rolled back)
PROPERTY  LDT                    REFUSED   [UNSUPPORTED] 'VltPkn_647': the IDE refused to create its property 'LDT': The name 'LDT' is not valid for this object. — 'VltPkn_647' is not created (the create is rolled back)
TOPLEVEL  LDT                    REFUSED   [UNSUPPORTED] the IDE refused to create 'LDT': The name 'LDT' is not valid for this object.
ACTION    TIME_OF_DAY            REFUSED   [UNSUPPORTED] 'VltPkn_648': the IDE refused to create its action 'TIME_OF_DAY': The name 'TIME_OF_DAY' is not valid for this object. — 'VltPkn_648' is not created (the create is rolled back)
PROPERTY  TIME_OF_DAY            REFUSED   [UNSUPPORTED] 'VltPkn_649': the IDE refused to create its property 'TIME_OF_DAY': The name 'TIME_OF_DAY' is not valid for this object. — 'VltPkn_649' is not created (the create is rolled back)
TOPLEVEL  TIME_OF_DAY            REFUSED   [UNSUPPORTED] the IDE refused to create 'TIME_OF_DAY': The name 'TIME_OF_DAY' is not valid for this object.
ACTION    DATE_AND_TIME          REFUSED   [UNSUPPORTED] 'VltPkn_650': the IDE refused to create its action 'DATE_AND_TIME': The name 'DATE_AND_TIME' is not valid for this object. — 'VltPkn_650' is not created (the create is rolled back)
PROPERTY  DATE_AND_TIME          REFUSED   [UNSUPPORTED] 'VltPkn_651': the IDE refused to create its property 'DATE_AND_TIME': The name 'DATE_AND_TIME' is not valid for this object. — 'VltPkn_651' is not created (the create is rolled back)
TOPLEVEL  DATE_AND_TIME          REFUSED   [UNSUPPORTED] the IDE refused to create 'DATE_AND_TIME': The name 'DATE_AND_TIME' is not valid for this object.
ACTION    LDATE_AND_TIME         REFUSED   [UNSUPPORTED] 'VltPkn_652': the IDE refused to create its action 'LDATE_AND_TIME': The name 'LDATE_AND_TIME' is not valid for this object. — 'VltPkn_652' is not created (the create is rolled back)
PROPERTY  LDATE_AND_TIME         REFUSED   [UNSUPPORTED] 'VltPkn_653': the IDE refused to create its property 'LDATE_AND_TIME': The name 'LDATE_AND_TIME' is not valid for this object. — 'VltPkn_653' is not created (the create is rolled back)
TOPLEVEL  LDATE_AND_TIME         REFUSED   [UNSUPPORTED] the IDE refused to create 'LDATE_AND_TIME': The name 'LDATE_AND_TIME' is not valid for this object.
ACTION    LTIME_OF_DAY           REFUSED   [UNSUPPORTED] 'VltPkn_654': the IDE refused to create its action 'LTIME_OF_DAY': The name 'LTIME_OF_DAY' is not valid for this object. — 'VltPkn_654' is not created (the create is rolled back)
PROPERTY  LTIME_OF_DAY           REFUSED   [UNSUPPORTED] 'VltPkn_655': the IDE refused to create its property 'LTIME_OF_DAY': The name 'LTIME_OF_DAY' is not valid for this object. — 'VltPkn_655' is not created (the create is rolled back)
TOPLEVEL  LTIME_OF_DAY           REFUSED   [UNSUPPORTED] the IDE refused to create 'LTIME_OF_DAY': The name 'LTIME_OF_DAY' is not valid for this object.
ACTION    __XINT                 REFUSED   [UNSUPPORTED] 'VltPkn_656': the IDE refused to create its action '__XINT': The name '__XINT' is not valid for this object. — 'VltPkn_656' is not created (the create is rolled back)
PROPERTY  __XINT                 REFUSED   [UNSUPPORTED] 'VltPkn_657': the IDE refused to create its property '__XINT': The name '__XINT' is not valid for this object. — 'VltPkn_657' is not created (the create is rolled back)
TOPLEVEL  __XINT                 REFUSED   [UNSUPPORTED] the IDE refused to create '__XINT': The name '__XINT' is not valid for this object.
ACTION    __UXINT                REFUSED   [UNSUPPORTED] 'VltPkn_658': the IDE refused to create its action '__UXINT': The name '__UXINT' is not valid for this object. — 'VltPkn_658' is not created (the create is rolled back)
PROPERTY  __UXINT                REFUSED   [UNSUPPORTED] 'VltPkn_659': the IDE refused to create its property '__UXINT': The name '__UXINT' is not valid for this object. — 'VltPkn_659' is not created (the create is rolled back)
TOPLEVEL  __UXINT                REFUSED   [UNSUPPORTED] the IDE refused to create '__UXINT': The name '__UXINT' is not valid for this object.
ACTION    __XWORD                REFUSED   [UNSUPPORTED] 'VltPkn_660': the IDE refused to create its action '__XWORD': The name '__XWORD' is not valid for this object. — 'VltPkn_660' is not created (the create is rolled back)
PROPERTY  __XWORD                REFUSED   [UNSUPPORTED] 'VltPkn_661': the IDE refused to create its property '__XWORD': The name '__XWORD' is not valid for this object. — 'VltPkn_661' is not created (the create is rolled back)
TOPLEVEL  __XWORD                REFUSED   [UNSUPPORTED] the IDE refused to create '__XWORD': The name '__XWORD' is not valid for this object.
ACTION    INT_TO_REAL            REFUSED   [UNSUPPORTED] 'VltPkn_662': the IDE refused to create its action 'INT_TO_REAL': The name 'INT_TO_REAL' is not valid for this object. — 'VltPkn_662' is not created (the create is rolled back)
PROPERTY  INT_TO_REAL            REFUSED   [UNSUPPORTED] 'VltPkn_663': the IDE refused to create its property 'INT_TO_REAL': The name 'INT_TO_REAL' is not valid for this object. — 'VltPkn_663' is not created (the create is rolled back)
TOPLEVEL  INT_TO_REAL            REFUSED   [UNSUPPORTED] the IDE refused to create 'INT_TO_REAL': The name 'INT_TO_REAL' is not valid for this object.
ACTION    REAL_TO_INT            REFUSED   [UNSUPPORTED] 'VltPkn_664': the IDE refused to create its action 'REAL_TO_INT': The name 'REAL_TO_INT' is not valid for this object. — 'VltPkn_664' is not created (the create is rolled back)
PROPERTY  REAL_TO_INT            REFUSED   [UNSUPPORTED] 'VltPkn_665': the IDE refused to create its property 'REAL_TO_INT': The name 'REAL_TO_INT' is not valid for this object. — 'VltPkn_665' is not created (the create is rolled back)
TOPLEVEL  REAL_TO_INT            REFUSED   [UNSUPPORTED] the IDE refused to create 'REAL_TO_INT': The name 'REAL_TO_INT' is not valid for this object.
ACTION    TO_INT                 REFUSED   [UNSUPPORTED] 'VltPkn_666': the IDE refused to create its action 'TO_INT': The name 'TO_INT' is not valid for this object. — 'VltPkn_666' is not created (the create is rolled back)
PROPERTY  TO_INT                 REFUSED   [UNSUPPORTED] 'VltPkn_667': the IDE refused to create its property 'TO_INT': The name 'TO_INT' is not valid for this object. — 'VltPkn_667' is not created (the create is rolled back)
TOPLEVEL  TO_INT                 REFUSED   [UNSUPPORTED] the IDE refused to create 'TO_INT': The name 'TO_INT' is not valid for this object.
ACTION    TO_REAL                REFUSED   [UNSUPPORTED] 'VltPkn_668': the IDE refused to create its action 'TO_REAL': The name 'TO_REAL' is not valid for this object. — 'VltPkn_668' is not created (the create is rolled back)
PROPERTY  TO_REAL                REFUSED   [UNSUPPORTED] 'VltPkn_669': the IDE refused to create its property 'TO_REAL': The name 'TO_REAL' is not valid for this object. — 'VltPkn_669' is not created (the create is rolled back)
TOPLEVEL  TO_REAL                REFUSED   [UNSUPPORTED] the IDE refused to create 'TO_REAL': The name 'TO_REAL' is not valid for this object.
ACTION    BOOL_TO_INT            REFUSED   [UNSUPPORTED] 'VltPkn_670': the IDE refused to create its action 'BOOL_TO_INT': The name 'BOOL_TO_INT' is not valid for this object. — 'VltPkn_670' is not created (the create is rolled back)
PROPERTY  BOOL_TO_INT            REFUSED   [UNSUPPORTED] 'VltPkn_671': the IDE refused to create its property 'BOOL_TO_INT': The name 'BOOL_TO_INT' is not valid for this object. — 'VltPkn_671' is not created (the create is rolled back)
TOPLEVEL  BOOL_TO_INT            REFUSED   [UNSUPPORTED] the IDE refused to create 'BOOL_TO_INT': The name 'BOOL_TO_INT' is not valid for this object.
ACTION    ANY                    REFUSED   [UNSUPPORTED] 'VltPkn_672': the IDE refused to create its action 'ANY': The name 'ANY' is not valid for this object. — 'VltPkn_672' is not created (the create is rolled back)
PROPERTY  ANY                    REFUSED   [UNSUPPORTED] 'VltPkn_673': the IDE refused to create its property 'ANY': The name 'ANY' is not valid for this object. — 'VltPkn_673' is not created (the create is rolled back)
TOPLEVEL  ANY                    REFUSED   [UNSUPPORTED] the IDE refused to create 'ANY': The name 'ANY' is not valid for this object.
ACTION    ANY_INT                REFUSED   [UNSUPPORTED] 'VltPkn_674': the IDE refused to create its action 'ANY_INT': The name 'ANY_INT' is not valid for this object. — 'VltPkn_674' is not created (the create is rolled back)
PROPERTY  ANY_INT                REFUSED   [UNSUPPORTED] 'VltPkn_675': the IDE refused to create its property 'ANY_INT': The name 'ANY_INT' is not valid for this object. — 'VltPkn_675' is not created (the create is rolled back)
TOPLEVEL  ANY_INT                REFUSED   [UNSUPPORTED] the IDE refused to create 'ANY_INT': The name 'ANY_INT' is not valid for this object.
ACTION    ANY_NUM                REFUSED   [UNSUPPORTED] 'VltPkn_676': the IDE refused to create its action 'ANY_NUM': The name 'ANY_NUM' is not valid for this object. — 'VltPkn_676' is not created (the create is rolled back)
PROPERTY  ANY_NUM                REFUSED   [UNSUPPORTED] 'VltPkn_677': the IDE refused to create its property 'ANY_NUM': The name 'ANY_NUM' is not valid for this object. — 'VltPkn_677' is not created (the create is rolled back)
TOPLEVEL  ANY_NUM                REFUSED   [UNSUPPORTED] the IDE refused to create 'ANY_NUM': The name 'ANY_NUM' is not valid for this object.
ACTION    ANY_REAL               REFUSED   [UNSUPPORTED] 'VltPkn_678': the IDE refused to create its action 'ANY_REAL': The name 'ANY_REAL' is not valid for this object. — 'VltPkn_678' is not created (the create is rolled back)
PROPERTY  ANY_REAL               REFUSED   [UNSUPPORTED] 'VltPkn_679': the IDE refused to create its property 'ANY_REAL': The name 'ANY_REAL' is not valid for this object. — 'VltPkn_679' is not created (the create is rolled back)
TOPLEVEL  ANY_REAL               REFUSED   [UNSUPPORTED] the IDE refused to create 'ANY_REAL': The name 'ANY_REAL' is not valid for this object.
ACTION    CALC                   REFUSED   [UNSUPPORTED] 'VltPkn_680': the IDE refused to create its action 'CALC': The name 'CALC' is not valid for this object. — 'VltPkn_680' is not created (the create is rolled back)
PROPERTY  CALC                   REFUSED   [UNSUPPORTED] 'VltPkn_681': the IDE refused to create its property 'CALC': The name 'CALC' is not valid for this object. — 'VltPkn_681' is not created (the create is rolled back)
TOPLEVEL  CALC                   REFUSED   [UNSUPPORTED] the IDE refused to create 'CALC': The name 'CALC' is not valid for this object.
ACTION    __SYSTEM               REFUSED   [UNSUPPORTED] 'VltPkn_682': the IDE refused to create its action '__SYSTEM': The name '__SYSTEM' is not valid for this object. — 'VltPkn_682' is not created (the create is rolled back)
PROPERTY  __SYSTEM               REFUSED   [UNSUPPORTED] 'VltPkn_683': the IDE refused to create its property '__SYSTEM': The name '__SYSTEM' is not valid for this object. — 'VltPkn_683' is not created (the create is rolled back)
TOPLEVEL  __SYSTEM               REFUSED   [UNSUPPORTED] the IDE refused to create '__SYSTEM': The name '__SYSTEM' is not valid for this object.
ACTION    IMPLEMENTATION         REFUSED   [INVALID_ST] 'IMPLEMENTATION' (line 9) is reserved: IMPLEMENTATION is the line that states where a body starts and what language it is in, so nothing in a workspace may be named it. Rename it.
PROPERTY  IMPLEMENTATION         REFUSED   [INVALID_ST] 'IMPLEMENTATION' (line 9) is reserved: IMPLEMENTATION is the line that states where a body starts and what language it is in, so nothing in a workspace may be named it. Rename it.
TOPLEVEL  IMPLEMENTATION         REFUSED   [INVALID_ST] 'IMPLEMENTATION' (line 1) is reserved: IMPLEMENTATION is the line that states where a body starts and what language it is in, so nothing in a workspace may be named it. Rename it.
ACTION    log                    REFUSED   [UNSUPPORTED] 'VltPkn_686': the IDE refused to create its action 'log': The name 'log' is not valid for this object. — 'VltPkn_686' is not created (the create is rolled back)
PROPERTY  log                    REFUSED   [UNSUPPORTED] 'VltPkn_687': the IDE refused to create its property 'log': The name 'log' is not valid for this object. — 'VltPkn_687' is not created (the create is rolled back)
TOPLEVEL  log                    REFUSED   [UNSUPPORTED] the IDE refused to create 'log': The name 'log' is not valid for this object.
ACTION    Log                    REFUSED   [UNSUPPORTED] 'VltPkn_688': the IDE refused to create its action 'Log': The name 'Log' is not valid for this object. — 'VltPkn_688' is not created (the create is rolled back)
PROPERTY  Log                    REFUSED   [UNSUPPORTED] 'VltPkn_689': the IDE refused to create its property 'Log': The name 'Log' is not valid for this object. — 'VltPkn_689' is not created (the create is rolled back)
TOPLEVEL  Log                    REFUSED   [UNSUPPORTED] the IDE refused to create 'Log': The name 'Log' is not valid for this object.
ACTION    lOg                    REFUSED   [UNSUPPORTED] 'VltPkn_690': the IDE refused to create its action 'lOg': The name 'lOg' is not valid for this object. — 'VltPkn_690' is not created (the create is rolled back)
PROPERTY  lOg                    REFUSED   [UNSUPPORTED] 'VltPkn_691': the IDE refused to create its property 'lOg': The name 'lOg' is not valid for this object. — 'VltPkn_691' is not created (the create is rolled back)
TOPLEVEL  lOg                    REFUSED   [UNSUPPORTED] the IDE refused to create 'lOg': The name 'lOg' is not valid for this object.
ACTION    sin                    REFUSED   [UNSUPPORTED] 'VltPkn_692': the IDE refused to create its action 'sin': The name 'sin' is not valid for this object. — 'VltPkn_692' is not created (the create is rolled back)
PROPERTY  sin                    REFUSED   [UNSUPPORTED] 'VltPkn_693': the IDE refused to create its property 'sin': The name 'sin' is not valid for this object. — 'VltPkn_693' is not created (the create is rolled back)
TOPLEVEL  sin                    REFUSED   [UNSUPPORTED] the IDE refused to create 'sin': The name 'sin' is not valid for this object.
ACTION    Min                    REFUSED   [UNSUPPORTED] 'VltPkn_694': the IDE refused to create its action 'Min': The name 'Min' is not valid for this object. — 'VltPkn_694' is not created (the create is rolled back)
PROPERTY  Min                    REFUSED   [UNSUPPORTED] 'VltPkn_695': the IDE refused to create its property 'Min': The name 'Min' is not valid for this object. — 'VltPkn_695' is not created (the create is rolled back)
TOPLEVEL  Min                    REFUSED   [UNSUPPORTED] the IDE refused to create 'Min': The name 'Min' is not valid for this object.
ACTION    public                 REFUSED   [UNSUPPORTED] 'VltPkn_696': the IDE refused to create its action 'public': The name 'public' is not valid for this object. — 'VltPkn_696' is not created (the create is rolled back)
PROPERTY  public                 REFUSED   [UNSUPPORTED] 'VltPkn_697': the IDE refused to create its property 'public': The name 'public' is not valid for this object. — 'VltPkn_697' is not created (the create is rolled back)
TOPLEVEL  public                 REFUSED   [UNSUPPORTED] the IDE refused to create 'public': The name 'public' is not valid for this object.
ACTION    END_GET                ACCEPTED 
PROPERTY  END_GET                ACCEPTED 
TOPLEVEL  END_GET                ACCEPTED 
ACTION    END_SET                ACCEPTED 
PROPERTY  END_SET                ACCEPTED 
TOPLEVEL  END_SET                ACCEPTED 
ACTION    OVERRIDE               ACCEPTED 
PROPERTY  OVERRIDE               ACCEPTED 
TOPLEVEL  OVERRIDE               ACCEPTED 
ACTION    GET                    ACCEPTED 
PROPERTY  GET                    ACCEPTED 
TOPLEVEL  GET                    ACCEPTED 
ACTION    SET                    ACCEPTED 
PROPERTY  SET                    ACCEPTED 
TOPLEVEL  SET                    ACCEPTED 
ACTION    NAMESPACE              ACCEPTED 
PROPERTY  NAMESPACE              ACCEPTED 
TOPLEVEL  NAMESPACE              ACCEPTED 
ACTION    END_NAMESPACE          ACCEPTED 
PROPERTY  END_NAMESPACE          ACCEPTED 
TOPLEVEL  END_NAMESPACE          ACCEPTED 
ACTION    LEN                    ACCEPTED 
PROPERTY  LEN                    ACCEPTED 
TOPLEVEL  LEN                    ACCEPTED 
ACTION    LEFT                   ACCEPTED 
PROPERTY  LEFT                   ACCEPTED 
TOPLEVEL  LEFT                   ACCEPTED 
ACTION    RIGHT                  ACCEPTED 
PROPERTY  RIGHT                  ACCEPTED 
TOPLEVEL  RIGHT                  ACCEPTED 
ACTION    MID                    ACCEPTED 
PROPERTY  MID                    ACCEPTED 
TOPLEVEL  MID                    ACCEPTED 
ACTION    CONCAT                 ACCEPTED 
PROPERTY  CONCAT                 ACCEPTED 
TOPLEVEL  CONCAT                 ACCEPTED 

== summary (METHOD) ==
REFUSED UNSUPPORTED (208): FUNCTION_BLOCK END_FUNCTION_BLOCK PROGRAM END_PROGRAM FUNCTION END_FUNCTION METHOD ACTION END_ACTION PROPERTY END_PROPERTY INTERFACE END_INTERFACE TYPE END_TYPE STRUCT END_STRUCT UNION END_UNION VAR VAR_INPUT VAR_OUTPUT VAR_IN_OUT VAR_TEMP VAR_STAT VAR_INST VAR_EXTERNAL VAR_GLOBAL VAR_CONFIG VAR_ACCESS END_VAR CONSTANT RETAIN PERSISTENT PUBLIC PRIVATE PROTECTED INTERNAL FINAL ABSTRACT READ_ONLY READ_WRITE EXTENDS IMPLEMENTS ARRAY OF REFERENCE POINTER TO AT STRING WSTRING IF THEN ELSIF ELSE END_IF CASE END_CASE FOR BY DO END_FOR WHILE END_WHILE REPEAT UNTIL END_REPEAT RETURN EXIT CONTINUE JMP AND AND_THEN OR OR_ELSE NOT XOR MOD DIV TRUE FALSE ADD SUB MUL SHL SHR ROL ROR SEL MUX MIN MAX LIMIT GT LT GE LE EQ NE ABS SQRT LN LOG EXP EXPT SIN COS TAN ASIN ACOS ATAN ADR BITADR MOVE INDEXOF SIZEOF XSIZEOF TRUNC TRUNC_INT INI CAL __NEW __DELETE __ISVALIDREF __QUERYINTERFACE __QUERYPOINTER __TRY __CATCH __FINALLY __ENDTRY __VARINFO __CURRENTTASK __POSITION __POUNAME __COMPARE_AND_SWAP __XADD __POOL TEST_AND_SET __VECTOR VAR_GENERIC PARAMS THIS SUPER FROM R S LD LDN ST STN RET RETC RETCN JMPC JMPCN CALCN ANDN ORN XORN BOOL BIT BYTE WORD DWORD LWORD SINT INT DINT LINT USINT UINT UDINT ULINT REAL LREAL TIME LTIME DATE TOD DT LDATE LTOD LDT TIME_OF_DAY DATE_AND_TIME LDATE_AND_TIME LTIME_OF_DAY __XINT __UXINT __XWORD INT_TO_REAL REAL_TO_INT TO_INT TO_REAL BOOL_TO_INT ANY ANY_INT ANY_NUM ANY_REAL CALC __SYSTEM log Log lOg sin Min public
REFUSED INVALID_ST (2): END_METHOD IMPLEMENTATION
ACCEPTED (64): END_GET END_SET OVERRIDE GET SET NAMESPACE END_NAMESPACE LEN LEFT RIGHT MID CONCAT INSERT DELETE REPLACE FIND TON TOF TP CTU CTD CTUD R_TRIG F_TRIG SR RS RTC TRUNC_DINT NOW PVOID XINT UXINT XWORD N FB_init FB_exit FB_reinit USING WITH NON_RETAIN Foo Logger LogMsg Log2 Logx MyLog Sine Minimum DoIt Run Execute Init Reset Start Stop Get_ Set_ Value Name Count Main Update Error Status
elapsed 131 s
